step,type,amount,nameOrig,oldbalanceOrg,newbalanceOrig,nameDest,oldbalanceDest,newbalanceDest,isFraud
375,PAYMENT,15327.39,C2042614307,1837.0,0.0,M888326105,0.0,0.0,0
357,TRANSFER,51684.59,C711589968,16954.0,0.0,C1578145599,3465705.77,3517390.36,0
302,CASH_OUT,198072.96,C1065971171,5573.0,0.0,C1880394910,7508955.92,7322192.34,0
180,PAYMENT,2213.06,C1696281153,17934.0,15720.94,M1578741933,0.0,0.0,0
396,CASH_IN,179259.94,C1482302259,942782.0,1122041.94,C432628944,294650.15,115390.2,0
162,CASH_OUT,103973.95,C112933826,0.0,0.0,C384807747,445889.29,549863.24,0
45,TRANSFER,802708.66,C1593095356,112753.65,0.0,C213632991,11106286.36,11908995.02,0
256,PAYMENT,1375.57,C1694962589,0.0,0.0,M1345709831,0.0,0.0,0
262,CASH_IN,281745.57,C702369624,2170566.42,2452311.99,C1150440369,2702242.06,2420496.49,0
228,TRANSFER,497526.17,C1294188821,497526.17,0.0,C1799178468,0.0,0.0,1
686,CASH_OUT,198043.93,C1582832873,198043.93,0.0,C1178877830,17003.34,215047.27,1
10,CASH_IN,447051.28,C325440335,3591144.75,4038196.04,C1087546948,833566.98,406782.55,0
181,PAYMENT,9639.0,C1158901624,535717.99,526079.0,M1059913913,0.0,0.0,0
137,PAYMENT,10220.79,C285493782,19844.0,9623.21,M1131503718,0.0,0.0,0
403,CASH_OUT,49678.45,C767920731,14448.0,0.0,C2139177296,0.0,49678.45,0
279,CASH_OUT,15657.58,C835239376,0.0,0.0,C400480903,811777.18,827434.76,0
159,CASH_IN,167639.7,C199893325,54164.0,221803.7,C941698536,3119103.24,2951463.55,0
234,PAYMENT,8145.04,C143042036,0.0,0.0,M1587058411,0.0,0.0,0
14,CASH_IN,163742.38,C1659357414,70813.08,234555.45,C79281017,4445506.04,4393266.71,0
327,PAYMENT,9146.81,C1026625659,261356.67,252209.86,M1182915063,0.0,0.0,0
139,CASH_OUT,187716.86,C863870680,0.0,0.0,C860083072,1146982.17,1334699.03,0
305,CASH_IN,75960.78,C1850029491,6838791.28,6914752.06,C368560590,1608715.89,1532755.12,0
253,PAYMENT,23247.23,C2033935959,161009.57,137762.34,M828303111,0.0,0.0,0
167,PAYMENT,8558.89,C1549441098,11831.0,3272.11,M1149753371,0.0,0.0,0
394,CASH_OUT,152810.62,C617417258,134347.71,0.0,C819401292,1098350.03,1251160.66,0
38,CASH_OUT,197269.24,C1146320122,62411.0,0.0,C428905130,425773.45,623042.69,0
285,PAYMENT,1642.07,C948405807,0.0,0.0,M1547940782,0.0,0.0,0
43,PAYMENT,7873.57,C977475645,792.0,0.0,M1283738712,0.0,0.0,0
355,PAYMENT,9138.77,C1858543870,315043.65,305904.88,M405698643,0.0,0.0,0
335,CASH_IN,273661.97,C1085992702,7473894.1,7747556.07,C527492773,2264189.53,1990527.55,0
22,PAYMENT,3690.76,C1751489352,12674.58,8983.82,M1787110247,0.0,0.0,0
648,CASH_OUT,468638.03,C1409902854,468638.03,0.0,C1543232665,3070090.72,3538728.75,1
139,PAYMENT,1326.25,C2122846094,67531.06,66204.8,M399485539,0.0,0.0,0
349,CASH_OUT,67597.83,C708062095,0.0,0.0,C1433779445,9725166.64,9792764.47,0
161,CASH_OUT,407288.9,C372096799,19700.0,0.0,C313531403,1038391.86,1445680.76,0
403,PAYMENT,2807.99,C957421115,75244.02,72436.03,M379204337,0.0,0.0,0
306,CASH_OUT,71921.99,C974820635,16818.0,0.0,C1857355441,811323.81,849700.74,0
21,PAYMENT,2205.86,C746016103,39.0,0.0,M411288864,0.0,0.0,0
325,PAYMENT,8621.36,C1488135942,0.0,0.0,M651019114,0.0,0.0,0
156,CASH_IN,102828.02,C827059760,508363.0,611191.02,C178126215,0.0,0.0,0
299,CASH_IN,101883.65,C1716277644,6365373.98,6467257.63,C1295426084,5651351.55,5549467.9,0
44,PAYMENT,3106.26,C421519778,75034.24,71927.99,M354306587,0.0,0.0,0
610,TRANSFER,528149.74,C1626028230,528149.74,0.0,C581480789,0.0,0.0,1
281,CASH_OUT,55595.85,C894707715,0.0,0.0,C1899557300,143780.58,199376.43,0
373,CASH_IN,118464.24,C927563792,25467185.21,25585649.45,C1612841343,166748.39,48284.15,0
346,CASH_OUT,169082.9,C1939972770,31674.0,0.0,C1502937715,258999.61,428082.51,0
688,CASH_OUT,105104.38,C2086093467,20691.0,0.0,C1791974550,3863.85,108968.23,0
275,PAYMENT,11843.88,C1785769170,18163.02,6319.14,M729761822,0.0,0.0,0
184,PAYMENT,10495.42,C1175242325,27147.56,16652.14,M1341272669,0.0,0.0,0
690,CASH_OUT,19304.38,C1232754089,26332.0,7027.62,C999147330,650991.6,670295.98,0
259,CASH_OUT,85167.08,C1902795396,4011.0,0.0,C1398777875,0.0,85167.08,0
260,CASH_IN,38202.16,C1606627233,50365.0,88567.16,C1849198041,26849.0,0.0,0
253,PAYMENT,164.35,C784451637,0.0,0.0,M2117349942,0.0,0.0,0
135,PAYMENT,11170.06,C1868014182,0.0,0.0,M501416769,0.0,0.0,0
210,CASH_OUT,117665.07,C638108117,0.0,0.0,C421253239,140201.08,257866.15,0
280,TRANSFER,89926.58,C1721022973,0.0,0.0,C1959127954,724879.94,814806.52,0
40,CASH_IN,166703.46,C2143791496,1948566.71,2115270.17,C1185043223,281363.84,114660.38,0
162,CASH_IN,231630.2,C2092753731,16713.0,248343.2,C180352051,160950.06,0.0,0
405,CASH_OUT,33050.82,C673543425,0.0,0.0,C886038098,3224091.78,3257142.6,0
351,CASH_OUT,217404.4,C1915650686,0.0,0.0,C323158747,755255.43,972659.84,0
43,CASH_OUT,18240.5,C1939034301,11521.0,0.0,C933194253,19731.49,37971.99,0
298,PAYMENT,11782.08,C1261826808,290466.04,278683.96,M98367540,0.0,0.0,0
398,CASH_IN,210559.86,C235746878,1292117.32,1502677.18,C1070830963,367670.51,157110.64,0
182,CASH_IN,100328.7,C197678862,3389602.37,3489931.07,C386191921,219735.14,119406.44,0
133,CASH_OUT,32760.98,C420699682,1164.0,0.0,C1067965945,0.0,32760.98,0
156,PAYMENT,22568.96,C1504079491,0.0,0.0,M1067973825,0.0,0.0,0
286,CASH_OUT,72683.06,C302344980,0.0,0.0,C497393837,171213.66,243896.72,0
14,CASH_IN,132357.47,C621017144,9004595.0,9136952.47,C1053110213,295556.43,316928.34,0
201,PAYMENT,4085.91,C117336368,355199.56,351113.64,M851937190,0.0,0.0,0
298,PAYMENT,35950.89,C163508840,0.0,0.0,M515938741,0.0,0.0,0
347,PAYMENT,18371.36,C281688978,0.0,0.0,M1905988689,0.0,0.0,0
324,PAYMENT,13047.11,C540725821,0.0,0.0,M437314525,0.0,0.0,0
394,CASH_OUT,51369.82,C737445250,0.0,0.0,C1971161593,115968.04,167337.86,0
133,CASH_IN,273821.48,C484132518,49.0,273870.48,C498230438,0.0,0.0,0
212,CASH_OUT,273929.67,C1478518444,0.0,0.0,C1191843057,472267.76,746197.43,0
280,PAYMENT,9764.28,C148413400,18852.11,9087.83,M1273258827,0.0,0.0,0
259,PAYMENT,7289.32,C1860242544,30602.0,23312.68,M1583170970,0.0,0.0,0
254,CASH_IN,215751.45,C1141236976,1901494.58,2117246.03,C2067259126,1912470.86,1696719.41,0
213,PAYMENT,14403.32,C567254920,15807.79,1404.47,M2126434180,0.0,0.0,0
283,CASH_IN,38220.66,C1832854342,50474.0,88694.66,C2007185484,0.0,0.0,0
164,TRANSFER,1698783.04,C1139311703,0.0,0.0,C1835201690,2402653.62,4101436.66,0
371,CASH_IN,111790.79,C2113434739,497445.0,609235.79,C539475076,1309525.02,1197734.23,0
284,TRANSFER,2854065.43,C627064853,0.0,0.0,C513901132,2935156.63,5789222.06,0
157,CASH_IN,322609.23,C548870511,9337385.63,9659994.86,C1834502565,360897.3,38288.07,0
12,CASH_OUT,122222.51,C1194960549,0.0,0.0,C1654583020,426334.36,849116.71,0
12,CASH_OUT,47190.97,C1688307639,0.0,0.0,C157354477,574326.75,840090.92,0
225,TRANSFER,38704.51,C1920995335,0.0,0.0,C828939979,172310.85,211015.36,0
153,PAYMENT,13692.53,C118634819,0.0,0.0,M1050593261,0.0,0.0,0
158,PAYMENT,4927.52,C276452559,30530.0,25602.48,M1193712002,0.0,0.0,0
252,PAYMENT,7897.46,C709279356,102803.0,94905.54,M282806254,0.0,0.0,0
16,PAYMENT,19527.08,C37025292,20464.0,936.92,M1618634919,0.0,0.0,0
250,PAYMENT,46928.11,C1536453427,273657.0,226728.89,M279647796,0.0,0.0,0
1,CASH_IN,72897.92,C1539088279,6666214.43,6739112.35,C662736689,327169.9,4891090.56,0
308,CASH_OUT,58460.54,C2009857724,5020.0,0.0,C1173127079,0.0,58460.54,0
253,CASH_IN,180499.34,C1052693953,3089396.45,3269895.79,C205379358,902030.28,721530.94,0
181,CASH_OUT,357861.77,C1262156034,0.0,0.0,C1337062880,6184649.91,6542511.68,0
184,PAYMENT,9803.18,C1353232439,626.0,0.0,M1532380518,0.0,0.0,0
335,CASH_OUT,55979.53,C108178168,45897.0,0.0,C1894579123,16601.82,72581.34,0
164,CASH_OUT,2627.74,C70643458,18068.0,15440.26,C178022894,246724.03,249351.77,0
136,PAYMENT,19608.62,C1244176839,0.0,0.0,M85310275,0.0,0.0,0
139,TRANSFER,974316.14,C1612612474,0.0,0.0,C541893318,1458720.35,2433036.49,0
202,PAYMENT,13251.8,C1814778775,0.0,0.0,M1268730462,0.0,0.0,0
278,CASH_IN,61131.84,C1272585998,50411.0,111542.84,C1163063163,226507.57,165375.73,0
401,PAYMENT,4099.05,C660530878,140701.13,136602.09,M1438801116,0.0,0.0,0
45,PAYMENT,100.61,C585555129,29351.43,29250.82,M1331628314,0.0,0.0,0
322,CASH_OUT,17509.82,C1170823520,11239.0,0.0,C269685376,0.0,17509.82,0
182,PAYMENT,16765.74,C698690935,196809.91,180044.17,M531040135,0.0,0.0,0
353,CASH_OUT,240598.7,C1126066790,0.0,0.0,C1591408352,2078765.0,2319363.7,0
16,CASH_IN,1651.78,C141782817,72520.0,74171.78,C1791277999,244442.6,242790.82,0
550,CASH_OUT,136168.97,C726978004,73278.0,0.0,C1969000267,2148166.35,2284335.33,0
394,CASH_OUT,233085.47,C1583482342,0.0,0.0,C590787642,345382.74,578468.21,0
371,PAYMENT,10943.37,C881395590,187254.0,176310.63,M466013960,0.0,0.0,0
139,CASH_OUT,157512.18,C956680888,0.0,0.0,C365553096,606474.83,763987.01,0
256,PAYMENT,2377.34,C1189568815,0.0,0.0,M765455535,0.0,0.0,0
396,CASH_OUT,157154.1,C1995326102,0.0,0.0,C1718973771,495694.43,652848.53,0
279,CASH_OUT,370452.77,C339982898,510768.0,140315.23,C1114739982,0.0,370452.77,0
133,CASH_IN,36349.58,C699361557,150137.0,186486.58,C776966493,75136.34,38786.76,0
164,PAYMENT,15462.34,C1881482093,9047.0,0.0,M426091371,0.0,0.0,0
142,PAYMENT,2227.79,C270966555,31153.63,28925.84,M740609561,0.0,0.0,0
358,CASH_IN,168592.01,C38587134,1387021.86,1555613.87,C499564619,195615.32,27023.31,0
256,CASH_OUT,223817.3,C242245574,7420.0,0.0,C1573676608,261032.95,484850.25,0
257,CASH_OUT,76245.54,C1448068577,0.0,0.0,C11047846,1225609.79,1301855.33,0
402,CASH_OUT,371907.26,C23108770,0.0,0.0,C1570932655,19556518.58,19928425.84,0
131,CASH_IN,125827.58,C1553205064,6680071.64,6805899.22,C2093546827,450166.63,324339.05,0
38,PAYMENT,2264.19,C1458939374,75401.55,73137.36,M142583357,0.0,0.0,0
234,CASH_OUT,59480.22,C1603057445,0.0,0.0,C1601895847,584780.02,644260.24,0
46,TRANSFER,380641.15,C479320813,45610.0,0.0,C2032619353,0.0,380641.15,0
163,CASH_OUT,225113.19,C2074711939,174310.0,0.0,C550426161,50418.06,275531.26,0
208,CASH_OUT,100975.09,C1084542640,0.0,0.0,C2057665263,105310.29,206285.38,0
684,PAYMENT,11373.0,C1635681325,0.0,0.0,M2145432084,0.0,0.0,0
235,PAYMENT,45444.73,C280124152,0.0,0.0,M912792523,0.0,0.0,0
186,CASH_IN,435225.78,C649939729,60556.0,495781.78,C591197261,88524.19,0.0,0
378,PAYMENT,1188.17,C543224876,62054.0,60865.83,M1387871075,0.0,0.0,0
204,CASH_OUT,106730.91,C1038357847,0.0,0.0,C908281111,1512186.98,1618917.89,0
138,PAYMENT,8639.05,C373615757,99352.0,90712.95,M1137766890,0.0,0.0,0
22,CASH_IN,264483.12,C706038194,2290253.29,2554736.41,C1174044224,3039527.0,2775043.89,0
324,CASH_OUT,450332.23,C688753923,3049.0,0.0,C397546843,951625.32,1401957.54,0
307,PAYMENT,20405.33,C36931870,25870.0,5464.67,M2061387841,0.0,0.0,0
424,CASH_OUT,313697.44,C624146963,313697.44,0.0,C2012667225,0.0,313697.44,1
306,CASH_IN,15541.99,C1915098983,5129114.52,5144656.51,C1008398877,31630.0,0.0,0
10,DEBIT,2864.74,C2128558427,1607018.86,1604154.12,C1480045282,30875.0,33739.74,0
154,TRANSFER,442722.01,C1197049962,442722.01,0.0,C1656842502,0.0,0.0,1
41,CASH_IN,104804.88,C535545843,3054783.72,3159588.6,C2050588431,1981265.68,1876460.8,0
307,CASH_IN,78700.77,C981234207,36131.0,114831.77,C1927506330,266206.82,187506.05,0
231,CASH_OUT,258368.79,C1929889009,0.0,0.0,C757116205,499581.86,1010648.91,0
207,CASH_OUT,434747.96,C737368320,32076.44,0.0,C1721483056,715511.52,1150259.49,0
208,CASH_OUT,267090.66,C1944822960,45729.0,0.0,C1846257619,25881.25,292971.91,0
327,CASH_IN,84037.19,C968672533,513976.63,598013.82,C112080056,90123.14,6085.95,0
402,CASH_OUT,253669.5,C1680900540,223.0,0.0,C12743027,441762.38,695431.88,0
355,PAYMENT,13549.03,C1257234401,0.0,0.0,M1145352562,0.0,0.0,0
372,CASH_IN,34431.93,C1346026329,19896.0,54327.93,C637756386,1609817.35,1575385.42,0
13,TRANSFER,1151695.66,C1401517579,0.0,0.0,C1529634023,2264802.77,3416498.43,0
164,PAYMENT,29576.32,C1666253657,100613.0,71036.68,M1062572630,0.0,0.0,0
307,PAYMENT,789.07,C1829538634,5720.0,4930.93,M894302917,0.0,0.0,0
132,CASH_OUT,360335.05,C1285176751,316393.0,0.0,C1143338805,127027.78,730169.07,0
185,PAYMENT,2745.93,C2106352248,0.0,0.0,M1048495652,0.0,0.0,0
163,CASH_OUT,292921.85,C1039302596,24833.0,0.0,C426830739,832344.01,1125265.86,0
33,CASH_OUT,333143.42,C981446162,0.0,0.0,C1862244823,743135.1,1340770.23,0
335,CASH_IN,226024.88,C329061666,202090.67,428115.55,C1024516262,1390425.93,1164401.05,0
39,CASH_OUT,279208.71,C617598809,0.0,0.0,C1801880221,618415.83,897624.54,0
14,CASH_OUT,165607.28,C715231921,121262.0,0.0,C420730133,130275.0,370236.48,0
379,CASH_OUT,97337.68,C852877979,24042.0,0.0,C1797304874,129697.95,227035.63,0
183,CASH_OUT,155193.83,C464432257,85911.04,0.0,C248018950,1326910.46,1482104.29,0
330,PAYMENT,2856.12,C795395591,103221.0,100364.88,M686075018,0.0,0.0,0
142,PAYMENT,10117.98,C2002052249,21362.0,11244.02,M1386259935,0.0,0.0,0
281,PAYMENT,11847.07,C489729716,127795.0,115947.93,M476089036,0.0,0.0,0
161,CASH_OUT,264154.09,C694070205,9009.0,0.0,C1545535345,1882506.58,2146660.66,0
159,CASH_OUT,160701.97,C1165506166,0.0,0.0,C110085762,223342.58,384044.54,0
34,CASH_OUT,466255.99,C323992948,0.0,0.0,C2062722573,920467.77,1386723.75,0
259,CASH_IN,387764.0,C1017617065,7653297.14,8041061.14,C720897614,761863.76,374099.76,0
349,CASH_OUT,56739.75,C872752133,4798.0,0.0,C1583971114,0.0,56739.75,0
250,CASH_IN,235367.49,C1695775524,5986899.14,6222266.63,C2022053326,1634606.36,1399238.86,0
372,DEBIT,3639.11,C703491185,0.0,0.0,C508064833,441571.81,445210.92,0
162,CASH_OUT,98586.86,C1836041390,0.0,0.0,C398504877,4047267.82,4145854.68,0
10,PAYMENT,807.24,C70176143,0.0,0.0,M5363149,0.0,0.0,0
15,PAYMENT,6271.53,C971423087,29127.0,22855.47,M1955206622,0.0,0.0,0
376,PAYMENT,20947.08,C1764915000,36108.0,15160.92,M1382026827,0.0,0.0,0
371,PAYMENT,37320.46,C1876090500,103939.0,66618.54,M1846098975,0.0,0.0,0
202,CASH_OUT,216082.37,C1289595284,80657.0,0.0,C780025355,76089.48,292171.85,0
191,CASH_IN,205558.68,C414941955,83004.0,288562.68,C1918985342,230826.22,25267.55,0
307,PAYMENT,6908.5,C1070414170,0.0,0.0,M1822989769,0.0,0.0,0
705,CASH_IN,239803.3,C1804247839,4249267.7,4489071.0,C1180426754,2701108.08,2461304.79,0
9,CASH_OUT,240917.22,C759600800,0.0,0.0,C164068556,10362324.51,11242113.08,0
202,TRANSFER,3552.27,C1647472465,0.0,0.0,C1746337882,1902454.37,1906006.64,0
164,CASH_IN,228572.15,C2087139284,13592484.13,13821056.28,C1319744431,2615580.34,2387008.19,0
407,CASH_IN,16541.35,C115269867,156910.82,173452.17,C2096146651,1364558.59,1348017.24,0
140,CASH_IN,32403.1,C1532293398,17556826.83,17589229.92,C229044826,3358425.71,3326022.61,0
548,PAYMENT,2966.99,C1445869017,123998.0,121031.01,M214699083,0.0,0.0,0
250,CASH_OUT,127552.9,C1290161463,0.0,0.0,C610018122,697090.07,824642.97,0
156,CASH_OUT,229417.2,C691841807,100810.0,0.0,C1482021020,0.0,327229.62,0
394,PAYMENT,1210.55,C1877063765,10397.36,9186.81,M862357832,0.0,0.0,0
378,CASH_OUT,70737.46,C1865577281,247315.0,176577.54,C198851155,363977.55,434715.01,0
281,PAYMENT,6412.85,C57290373,2018.0,0.0,M103186325,0.0,0.0,0
335,PAYMENT,3884.75,C2048132302,8891.0,5006.25,M1744460721,0.0,0.0,0
286,PAYMENT,61131.16,C626717296,5534.4,0.0,M1201663050,0.0,0.0,0
407,TRANSFER,522934.38,C2099078141,0.0,0.0,C1032830963,1455874.37,1978808.75,0
276,PAYMENT,8962.89,C1010340062,33191.2,24228.31,M121122358,0.0,0.0,0
348,CASH_OUT,168383.73,C411654997,16899.63,0.0,C2087633571,3282008.1,3450391.82,0
399,CASH_IN,82836.34,C1044568987,6604262.72,6687099.06,C609878696,185485.53,102649.19,0
594,CASH_OUT,226048.91,C1634579858,104886.0,0.0,C363702734,490909.45,716958.36,0
19,CASH_OUT,78968.85,C1597470284,0.0,0.0,C819102712,245772.5,209841.08,0
187,CASH_OUT,46184.61,C1346572592,0.0,0.0,C103475762,90412.59,136597.2,0
354,CASH_OUT,58887.35,C858531005,0.0,0.0,C1966986369,801674.93,860562.28,0
132,TRANSFER,1235316.51,C69894844,10329.0,0.0,C189525699,1455381.97,2690698.48,0
402,TRANSFER,775521.69,C456118604,221.0,0.0,C780186551,10579396.0,11374443.98,0
429,CASH_IN,156588.06,C313784822,5475889.54,5632477.6,C1251057464,8168992.38,8012404.32,0
328,CASH_IN,289069.48,C1498866747,30734.0,319803.48,C274865432,231896.75,0.0,0
9,CASH_IN,175289.13,C1968338440,2174240.97,2349530.11,C830831744,3746101.65,3631796.55,0
212,CASH_OUT,18537.27,C1398394119,0.0,0.0,C103059309,72714.62,91251.89,0
37,PAYMENT,1868.41,C1588380157,0.0,0.0,M1564366244,0.0,0.0,0
164,CASH_IN,42289.28,C1780118402,102844.0,145133.28,C1438445181,39520.25,0.0,0
279,PAYMENT,6705.06,C522740451,0.0,0.0,M1330710848,0.0,0.0,0
226,CASH_OUT,342116.72,C1286696027,265.0,0.0,C1543804593,50051.53,392168.25,0
255,TRANSFER,70232.56,C6962542,46833.0,0.0,C154271451,84295.32,154527.89,0
500,CASH_IN,302026.71,C507876673,44473.0,346499.71,C1807654190,0.0,0.0,0
284,CASH_IN,39750.2,C2078076390,20176576.26,20216326.46,C895616072,661153.98,621403.78,0
383,CASH_IN,198735.85,C2105940598,2141020.43,2339756.28,C1370595778,1145363.96,946628.11,0
212,CASH_OUT,141391.87,C903714266,285691.0,144299.13,C693669582,1332885.98,1474277.85,0
41,TRANSFER,104254.64,C1822927054,0.0,0.0,C1560294361,1001979.58,1106234.22,0
256,PAYMENT,10045.49,C284826080,44157.0,34111.51,M130196613,0.0,0.0,0
47,CASH_OUT,346217.69,C2147461484,29767.0,0.0,C1019511602,59105.08,405322.77,0
20,CASH_OUT,85307.65,C314995811,0.0,0.0,C1519273880,677190.83,810063.89,0
160,PAYMENT,6904.69,C2124498881,47123.0,40218.31,M616196771,0.0,0.0,0
162,CASH_OUT,263158.65,C844286463,0.0,0.0,C1942195367,1391364.03,1654522.68,0
406,PAYMENT,16376.17,C268878214,3959.0,0.0,M1253402376,0.0,0.0,0
329,CASH_OUT,141496.01,C993360512,0.0,0.0,C2010058418,1536186.43,1677682.45,0
158,CASH_IN,289686.69,C447689264,12017897.71,12307584.4,C1119996154,5507407.52,5217720.83,0
136,CASH_IN,371719.21,C387606003,24831416.97,25203136.18,C1821926868,446642.33,74923.12,0
238,PAYMENT,1470.68,C811814478,860600.0,859129.32,M985004059,0.0,0.0,0
20,CASH_OUT,10693.2,C537799306,0.0,0.0,C2118383671,103126.31,113819.51,0
159,CASH_OUT,6212.37,C2065136898,0.0,0.0,C1293532684,91717.55,97929.92,0
403,CASH_OUT,173259.32,C1938358645,0.0,0.0,C808596935,1718894.4,1892153.72,0
133,PAYMENT,3635.99,C380928653,90946.13,87310.14,M1784002332,0.0,0.0,0
371,CASH_OUT,340312.87,C1856839717,218337.0,0.0,C668554669,0.0,340312.87,0
158,CASH_OUT,215642.98,C697626844,50167.0,0.0,C1515327126,128117.02,343760.0,0
298,PAYMENT,2782.96,C1539702144,33811.23,31028.28,M709795020,0.0,0.0,0
302,CASH_OUT,99602.75,C686464630,0.0,0.0,C14574483,861898.94,961501.7,0
231,PAYMENT,2431.11,C1857956695,0.0,0.0,M178649455,0.0,0.0,0
306,CASH_OUT,114031.39,C209847112,0.0,0.0,C57693215,1606782.73,1720814.11,0
159,CASH_IN,214602.94,C1523706296,19485.0,234087.94,C2001148387,1307109.39,1025170.27,0
41,CASH_IN,170519.66,C1352261680,9680221.87,9850741.53,C1601406190,1577720.92,1407201.26,0
38,PAYMENT,14494.94,C1944293965,25703.0,11208.06,M1337886520,0.0,0.0,0
299,CASH_OUT,208904.13,C1287277715,0.0,0.0,C859188304,311249.06,520153.19,0
43,PAYMENT,10868.54,C1315914092,283.0,0.0,M849701447,0.0,0.0,0
371,PAYMENT,16192.69,C903250563,102074.18,85881.49,M1865461513,0.0,0.0,0
33,CASH_OUT,56387.5,C975298713,528.0,0.0,C893801689,0.0,56387.5,0
34,TRANSFER,922918.39,C1036514055,19654.0,0.0,C817956120,65574.0,874355.0,0
332,PAYMENT,36378.8,C151599247,0.0,0.0,M1869904958,0.0,0.0,0
201,CASH_IN,216652.78,C534523604,962809.3,1179462.08,C1456259574,1267745.1,1051092.33,0
38,CASH_IN,54742.0,C2095799311,12045100.83,12099842.84,C403130913,5112517.09,5057775.08,0
36,CASH_OUT,278982.54,C363291984,39466.0,0.0,C753959109,0.0,278982.54,0
400,PAYMENT,55132.77,C284368814,0.0,0.0,M316111848,0.0,0.0,0
16,TRANSFER,358813.48,C335909370,0.0,0.0,C1546125572,481807.65,993197.9,0
423,PAYMENT,9235.56,C614260084,0.0,0.0,M1969580095,0.0,0.0,0
36,CASH_IN,23442.93,C181901147,1794079.63,1817522.56,C1564931235,2245404.34,2221961.41,0
35,TRANSFER,1942830.36,C1965538631,20868.0,0.0,C541874793,738335.46,3145959.95,0
283,CASH_IN,262119.33,C1770829403,6176189.39,6438308.72,C1652158314,3873364.24,3611244.91,0
180,TRANSFER,288112.2,C140273936,45246.0,0.0,C448787967,1448151.72,1736263.93,0
40,CASH_OUT,257011.94,C465572633,20693.0,0.0,C1820852843,6114313.6,6371325.54,0
324,CASH_OUT,264402.85,C41761588,524.0,0.0,C275053310,553235.0,817637.85,0
401,CASH_IN,110335.07,C664183883,9687406.41,9797741.48,C1465878961,141383.44,31048.37,0
16,CASH_OUT,264229.4,C657317065,48909.02,0.0,C1052772714,923893.58,1188122.98,0
15,CASH_OUT,301033.6,C736231709,0.0,0.0,C2009255267,382603.03,831796.68,0
395,CASH_OUT,55017.81,C952180997,0.0,0.0,C1620797862,1617752.45,1672770.26,0
44,CASH_IN,37485.07,C958596484,20493.0,57978.07,C97718633,1449291.29,1277446.65,0
164,CASH_OUT,263951.75,C953687767,0.0,0.0,C2063115099,829972.18,1093923.92,0
179,TRANSFER,16618.59,C81697747,0.0,0.0,C1859292632,208783.14,225401.73,0
131,PAYMENT,9454.08,C794671942,45340.0,35885.92,M830828872,0.0,0.0,0
345,CASH_IN,210378.93,C841053584,689713.22,900092.15,C519462046,1612541.53,1402162.59,0
209,PAYMENT,11245.01,C1783763802,26994.0,15748.99,M1713870289,0.0,0.0,0
236,CASH_IN,190208.06,C2099101368,4070888.99,4261097.05,C96764641,4027996.13,3837788.07,0
43,CASH_OUT,71361.27,C1006355060,0.0,0.0,C1663144143,428720.13,500081.4,0
522,CASH_OUT,16540.53,C1986862627,37030.0,20489.47,C1653073532,131686.97,148227.5,0
514,CASH_OUT,31125.35,C543199393,31646.21,520.86,C1306938183,371034.08,402159.43,0
211,CASH_OUT,312986.71,C804277110,16268.0,0.0,C668204543,716545.0,880976.56,0
304,CASH_IN,387860.85,C169478663,11096.0,398956.85,C1273177230,0.0,0.0,0
402,CASH_IN,147337.36,C1846761976,1378.0,148715.36,C851133024,91442.02,0.0,0
403,CASH_OUT,363339.1,C415257949,0.0,0.0,C1713722589,967937.81,1331276.91,0
252,PAYMENT,46374.75,C1135026344,0.0,0.0,M114482200,0.0,0.0,0
18,PAYMENT,1085.94,C207150824,0.0,0.0,M406727438,0.0,0.0,0
13,CASH_IN,213428.37,C1503295990,680300.74,893729.11,C488624810,4858689.8,4644792.27,0
259,CASH_OUT,426297.08,C1761798010,0.0,0.0,C1166065760,563633.85,989930.93,0
261,PAYMENT,36417.97,C304649849,0.0,0.0,M828698290,0.0,0.0,0
249,PAYMENT,1804.69,C1428909771,152203.0,150398.31,M1310025611,0.0,0.0,0
397,CASH_OUT,178497.93,C1811898134,0.0,0.0,C2146780008,1389715.49,1568213.43,0
332,CASH_IN,287458.08,C1507792514,432351.93,719810.01,C1853152930,1435202.08,1147744.0,0
203,PAYMENT,11563.08,C284247357,392.0,0.0,M931461602,0.0,0.0,0
329,CASH_OUT,288120.29,C1653776347,5120.0,0.0,C775083740,0.0,288120.29,0
300,CASH_OUT,27359.33,C1855682092,0.0,0.0,C1713650209,205574.55,232933.88,0
144,PAYMENT,12640.68,C1510081462,27850.0,15209.32,M425436326,0.0,0.0,0
187,PAYMENT,3762.46,C1769670917,0.0,0.0,M1980957991,0.0,0.0,0
43,CASH_OUT,193619.4,C695404375,0.0,0.0,C91770137,1672500.24,1866119.64,0
351,TRANSFER,1955828.18,C364021041,0.0,0.0,C293665826,2608461.94,4564290.12,0
14,PAYMENT,11176.59,C348917439,3505.0,0.0,M1359074475,0.0,0.0,0
179,TRANSFER,101569.1,C325617046,83564.0,0.0,C1017158039,0.0,101569.1,0
329,CASH_IN,144474.16,C1540780748,20776456.94,20920931.1,C1543937178,272339.36,127865.2,0
239,TRANSFER,206219.87,C776895429,0.0,0.0,C40408910,401109.6,607329.47,0
353,CASH_OUT,8538.66,C540483729,0.0,0.0,C1382003733,1094502.1,1103040.76,0
540,PAYMENT,39418.18,C2133045968,171260.47,131842.29,M1389863725,0.0,0.0,0
164,CASH_OUT,172251.33,C1791570793,0.0,0.0,C278643584,205151.86,377403.18,0
372,PAYMENT,8862.75,C2105725988,0.0,0.0,M180925320,0.0,0.0,0
376,DEBIT,1926.15,C1063461954,0.0,0.0,C1719736946,523541.85,525468.0,0
182,CASH_IN,84974.8,C1949459027,2336119.06,2421093.86,C1129313428,2805732.65,2720757.85,0
249,TRANSFER,199172.22,C21253671,0.0,0.0,C755621743,215138.88,414311.1,0
133,CASH_IN,249469.27,C430820924,10513.0,259982.27,C1494575548,0.0,0.0,0
44,PAYMENT,8246.75,C589881884,6898.14,0.0,M2110009973,0.0,0.0,0
379,PAYMENT,1099.41,C941691172,2506.0,1406.59,M652332501,0.0,0.0,0
18,PAYMENT,12244.11,C147493885,64421.56,52177.45,M311957439,0.0,0.0,0
325,PAYMENT,37830.86,C524744821,0.0,0.0,M1988009183,0.0,0.0,0
179,PAYMENT,1730.21,C1946525642,0.0,0.0,M830700617,0.0,0.0,0
47,CASH_OUT,87265.79,C1331228488,374942.04,287676.25,C612915279,1285233.32,1372499.11,0
380,PAYMENT,2263.15,C721948642,49053.0,46789.85,M708162546,0.0,0.0,0
252,CASH_OUT,213882.82,C573259809,0.0,0.0,C1143764375,819729.95,1033612.77,0
192,TRANSFER,585511.14,C1260112873,585511.14,0.0,C344287323,0.0,0.0,1
11,CASH_IN,401868.55,C711616456,30009.0,431877.55,C1558931350,0.0,0.0,0
352,PAYMENT,7001.28,C1420052370,6360.0,0.0,M1999294251,0.0,0.0,0
8,PAYMENT,9810.29,C922742386,62717.81,52907.52,M1511459435,0.0,0.0,0
137,CASH_OUT,143486.46,C1436125532,0.0,0.0,C1654784251,6713636.87,6857123.33,0
404,CASH_OUT,536433.5,C473703158,536433.5,0.0,C1591480301,3603723.8,4140157.3,1
331,CASH_OUT,119842.81,C834318158,46317.0,0.0,C1973496844,0.0,119842.81,0
371,TRANSFER,97213.62,C1688171687,0.0,0.0,C378628973,318237.19,415450.8,0
349,PAYMENT,2244.49,C1821751036,0.0,0.0,M262250454,0.0,0.0,0
180,CASH_IN,22618.36,C878168154,21182148.23,21204766.59,C1223319868,505133.14,482514.78,0
157,CASH_IN,213173.69,C1380634595,1461520.84,1674694.53,C1368152086,646883.43,301380.21,0
36,CASH_OUT,230104.2,C773399801,0.0,0.0,C1124689034,639240.0,817677.57,0
401,PAYMENT,12448.01,C1076941969,191.0,0.0,M157526082,0.0,0.0,0
325,TRANSFER,2629358.39,C1083041821,0.0,0.0,C2110623348,4744455.03,7373813.42,0
232,CASH_IN,117609.73,C90232558,4372853.83,4490463.56,C746176438,879437.19,761827.45,0
522,CASH_OUT,36444.05,C294611331,160730.0,124285.95,C1792737170,120726.35,157170.4,0
356,CASH_OUT,37463.16,C219647941,0.0,0.0,C1186421747,38375.87,75839.04,0
356,CASH_OUT,245600.84,C984772685,0.0,0.0,C900055067,6759029.81,7004630.65,0
43,CASH_IN,339710.37,C582009149,419.0,340129.37,C1102828427,0.0,0.0,0
305,CASH_IN,55031.49,C434790242,8321317.43,8376348.92,C161715453,2913579.72,2858548.22,0
329,CASH_IN,65115.77,C2071335325,259845.0,324960.77,C1236938800,66809.28,1693.51,0
307,CASH_IN,67589.88,C1500293073,25646.0,93235.88,C727728771,114322.02,46732.14,0
210,PAYMENT,5446.15,C1187893053,114488.95,109042.8,M1737356964,0.0,0.0,0
374,CASH_OUT,251681.85,C1204924181,0.0,0.0,C478262696,384768.17,636450.03,0
131,CASH_IN,125905.64,C157112345,12401466.04,12527371.68,C1256696710,302265.02,176359.39,0
235,CASH_OUT,43468.94,C1108421518,11751.0,0.0,C1723804236,243041.4,286510.34,0
599,PAYMENT,6522.62,C1506659934,46448.0,39925.38,M2070056321,0.0,0.0,0
690,CASH_IN,136864.04,C732815640,215941.0,352805.04,C77381685,520421.17,383557.13,0
156,TRANSFER,603658.44,C1531043050,0.0,0.0,C1162407908,854086.77,1457745.21,0
14,CASH_IN,12163.34,C1331204231,12138723.68,12150887.02,C458095189,24382.32,181408.96,0
351,CASH_OUT,165358.49,C97512580,0.0,0.0,C314356091,4785654.15,4951012.64,0
252,CASH_OUT,422702.9,C1974626625,0.0,0.0,C1328432665,1267135.33,1689838.22,0
303,PAYMENT,8232.65,C848650113,0.0,0.0,M967486122,0.0,0.0,0
355,PAYMENT,18498.61,C1618347041,0.0,0.0,M1118390305,0.0,0.0,0
227,CASH_OUT,242691.53,C29909990,793.0,0.0,C1027599438,0.0,242691.53,0
322,CASH_IN,306226.53,C1120153699,552.0,306778.53,C1290251847,458442.85,152216.32,0
17,PAYMENT,19450.51,C1862006619,100965.0,81514.49,M1176312555,0.0,0.0,0
280,PAYMENT,749.71,C464810789,277154.9,276405.18,M488438616,0.0,0.0,0
406,PAYMENT,10376.84,C1098969935,40098.0,29721.16,M1859435875,0.0,0.0,0
15,PAYMENT,20453.76,C554282873,0.0,0.0,M907844218,0.0,0.0,0
11,CASH_OUT,205676.37,C1759182683,0.0,0.0,C1508518454,898676.01,1444837.32,0
259,CASH_IN,21893.83,C1839673448,82463.0,104356.83,C224485399,0.0,0.0,0
298,CASH_OUT,199734.27,C125792849,145441.0,0.0,C197683876,152377.24,352111.51,0
186,PAYMENT,1706.31,C247134322,181705.65,179999.34,M1993609487,0.0,0.0,0
12,CASH_OUT,76554.53,C1500504630,10893.0,0.0,C942975218,1758776.46,1835330.99,0
158,PAYMENT,5358.78,C8673188,342013.0,336654.22,M1858761728,0.0,0.0,0
188,CASH_OUT,172673.56,C487897404,0.0,0.0,C6825137,11175183.03,11347856.59,0
16,CASH_OUT,155232.76,C451824251,0.0,0.0,C510956085,3136642.11,3291874.87,0
187,CASH_OUT,139117.7,C1420351105,10965.0,0.0,C124057925,9906.0,0.0,0
307,CASH_IN,179519.83,C2054762343,45596.0,225115.83,C1921673868,95742.27,0.0,0
201,PAYMENT,1392.35,C303176509,0.0,0.0,M1165435258,0.0,0.0,0
307,TRANSFER,441423.44,C1716496327,441423.44,0.0,C200111106,0.0,0.0,1
235,PAYMENT,20965.75,C1642635274,0.0,0.0,M1276426529,0.0,0.0,0
253,CASH_OUT,595288.01,C45938927,11182.0,0.0,C1819668487,569332.57,1164620.58,0
137,CASH_OUT,171100.33,C253187724,233604.8,62504.47,C1734076294,198461.0,61243.02,0
407,DEBIT,2871.76,C2105727901,72449.96,69578.2,C1027133821,74043.39,76915.15,0
376,PAYMENT,5185.88,C305578852,1686.0,0.0,M196045660,0.0,0.0,0
228,CASH_IN,333860.35,C1079369838,20641822.42,20975682.76,C1393374131,916366.45,582506.11,0
254,CASH_OUT,191324.81,C1096834233,0.0,0.0,C1934377048,400477.07,591801.88,0
330,CASH_OUT,107107.11,C1929192823,31461.0,0.0,C504240309,1078209.93,1185317.04,0
302,CASH_OUT,146512.02,C181905235,34853.0,0.0,C945363907,685034.86,1299713.55,0
35,PAYMENT,6123.92,C884251735,2791.0,0.0,M1319744687,0.0,0.0,0
396,CASH_OUT,67050.85,C1808887521,0.0,0.0,C1644511625,755766.72,822817.58,0
40,PAYMENT,2943.16,C815125773,182034.94,179091.78,M1737123161,0.0,0.0,0
231,PAYMENT,2424.48,C1398406073,0.0,0.0,M1664292652,0.0,0.0,0
277,PAYMENT,2118.01,C1244613116,39680.0,37561.99,M963146585,0.0,0.0,0
299,DEBIT,54430.44,C680675632,21042.0,0.0,C214006838,699994.51,754424.95,0
34,CASH_IN,246038.23,C857589850,7118269.01,7364307.24,C1689534666,533199.05,287160.82,0
351,CASH_OUT,633.97,C698994060,191533.0,190899.03,C7868253,3460767.36,3461401.34,0
214,CASH_OUT,80384.48,C1861526265,63954.0,0.0,C1645984118,0.0,80384.48,0
10,CASH_IN,120750.04,C842834767,2893192.75,3013942.79,C1839529707,149717.32,28967.28,0
156,CASH_OUT,43672.67,C2064975603,0.0,0.0,C652033745,769935.45,813608.12,0
352,PAYMENT,26237.5,C828320585,15433.0,0.0,M145030583,0.0,0.0,0
206,CASH_OUT,246140.91,C744168693,0.0,0.0,C1322166109,1527883.82,1774024.73,0
375,CASH_IN,221198.89,C1227658820,30195.0,251393.89,C1063760794,615441.82,394242.92,0
203,TRANSFER,247803.96,C886704503,0.0,0.0,C925771694,434709.69,682513.65,0
36,CASH_OUT,125567.46,C1248348415,0.0,0.0,C2134635088,1246538.63,1389247.58,0
323,CASH_OUT,220871.52,C16576025,145337.0,0.0,C1420809939,0.0,220871.52,0
37,CASH_OUT,294250.06,C931421330,77369.0,0.0,C976771082,30154.04,523538.53,0
137,CASH_IN,28196.6,C241920271,3583096.67,3611293.27,C434374337,2339533.35,2311336.75,0
379,CASH_OUT,59120.29,C694978071,167839.0,108718.71,C2052136593,5272393.6,5331513.89,0
22,DEBIT,4880.29,C278336048,24527.0,19646.71,C345102133,487568.87,492449.16,0
95,PAYMENT,12646.74,C1621218146,988.0,0.0,M587896005,0.0,0.0,0
231,CASH_OUT,190051.92,C1023347572,0.0,0.0,C830373861,342131.5,532183.42,0
384,CASH_OUT,198505.63,C547623587,0.0,0.0,C213286010,382570.72,581076.35,0
228,CASH_OUT,427019.87,C597563906,101.0,0.0,C134462976,269751.68,377848.52,0
17,PAYMENT,6108.36,C407481710,0.0,0.0,M2067162199,0.0,0.0,0
159,CASH_IN,113766.91,C206450966,4685986.26,4799753.17,C1195945883,781470.91,667704.0,0
300,CASH_OUT,198746.46,C1308959442,0.0,0.0,C1403629191,383749.37,582495.84,0
370,TRANSFER,998218.67,C1836570646,0.0,0.0,C1303287791,1399021.75,2397240.43,0
306,CASH_IN,541286.77,C702963283,6554537.26,7095824.03,C1967318666,2446157.45,1904870.68,0
227,CASH_OUT,114889.61,C646283702,114889.61,0.0,C546104112,668801.8,783691.4,1
185,TRANSFER,1205236.76,C1118903465,0.0,0.0,C404461074,6757179.22,7962415.98,0
400,CASH_OUT,44933.98,C481377316,50159.0,5225.02,C550176822,14280.85,59214.83,0
212,PAYMENT,6.71,C1955340863,0.0,0.0,M1833403288,0.0,0.0,0
187,CASH_OUT,96087.14,C1831621964,171143.4,75056.26,C1059267860,3422290.44,3518377.58,0
163,CASH_IN,20192.4,C56932061,502122.0,522314.4,C330006474,0.0,0.0,0
438,CASH_OUT,4626269.69,C1879221342,4626269.69,0.0,C280556441,4501183.12,9127452.81,1
134,PAYMENT,2490.07,C1889201364,144970.46,142480.39,M1340256041,0.0,0.0,0
183,CASH_OUT,175180.59,C769058729,123987.0,0.0,C2095947807,124179.08,299359.67,0
254,CASH_OUT,685099.17,C178057257,23328.0,0.0,C1052808289,255235.17,940334.34,0
398,CASH_IN,139628.61,C621222647,8395830.0,8535458.61,C1147851753,618942.97,479314.36,0
185,PAYMENT,1043.66,C849127361,12094.0,11050.34,M617618615,0.0,0.0,0
181,CASH_OUT,214147.46,C1764359844,8591.0,0.0,C554327957,6459.7,220607.16,0
544,CASH_IN,196954.96,C1414625034,111789.0,308743.96,C1336204917,65305.39,0.0,0
136,CASH_OUT,154196.66,C133824161,12532.0,0.0,C538844752,11441.75,165638.4,0
153,CASH_IN,118793.26,C288323436,10721.0,129514.26,C2021863384,4020228.83,3901435.56,0
154,CASH_IN,382194.94,C1244163131,373.0,382567.94,C211026394,78930.4,0.0,0
403,PAYMENT,8985.25,C1782412158,66758.0,57772.75,M1484989359,0.0,0.0,0
187,CASH_IN,126784.31,C764213202,330905.63,457689.93,C255063449,1893849.72,1767065.41,0
321,CASH_IN,91970.91,C465417394,24446.0,116416.91,C969944404,347394.46,255423.55,0
203,CASH_OUT,272139.71,C1053516319,0.0,0.0,C1068372604,309178.32,581318.04,0
372,PAYMENT,21121.16,C1065489299,0.0,0.0,M1212169155,0.0,0.0,0
402,PAYMENT,9151.95,C484882771,14147.0,4995.05,M137904723,0.0,0.0,0
186,CASH_OUT,153551.38,C1558142521,0.0,0.0,C427550690,1121409.4,1556726.35,0
249,CASH_IN,14857.7,C1842428086,15268.0,30125.7,C1884510691,259379.77,244522.08,0
261,PAYMENT,22065.58,C953394129,0.0,0.0,M824422966,0.0,0.0,0
236,CASH_OUT,192221.38,C1593941981,16428.0,0.0,C1285437382,3754339.71,3946561.09,0
203,CASH_OUT,56922.57,C780880818,0.0,0.0,C1920091074,71758.43,128681.0,0
252,PAYMENT,48537.8,C939006010,0.0,0.0,M1191491247,0.0,0.0,0
398,PAYMENT,11084.64,C1159778938,25302.0,14217.36,M405842902,0.0,0.0,0
348,CASH_OUT,120845.41,C14422860,29216.0,0.0,C1687381030,196034.24,316879.65,0
18,CASH_OUT,125543.49,C120601045,28778.68,0.0,C977869926,155324.26,280867.76,0
13,TRANSFER,547228.97,C1027947498,10132.0,0.0,C1319509044,523830.53,1374643.74,0
190,PAYMENT,5616.91,C1381651922,152443.85,146826.94,M1525920350,0.0,0.0,0
18,CASH_OUT,7103.88,C1524631312,0.0,0.0,C1792068187,50109.0,63049.19,0
211,CASH_IN,146813.03,C1041535265,344983.81,491796.84,C976607559,1122337.53,975524.5,0
255,CASH_OUT,36288.15,C1147698244,0.0,0.0,C1262944523,342030.5,378318.65,0
304,PAYMENT,9974.25,C793140666,39859.0,29884.75,M443825774,0.0,0.0,0
354,CASH_OUT,87405.5,C2007785758,5261.0,0.0,C1892227819,389686.51,477092.01,0
702,CASH_OUT,10000000.0,C628072559,10000000.0,0.0,C1677685761,0.0,10000000.0,1
322,CASH_OUT,90140.5,C175038839,0.0,0.0,C2004085904,316370.88,406511.38,0
190,PAYMENT,14464.16,C2059687567,364.0,0.0,M2058661568,0.0,0.0,0
136,TRANSFER,95267.81,C909629490,95267.81,0.0,C967833136,0.0,0.0,1
253,CASH_OUT,109616.53,C541795624,54619.0,0.0,C1561058967,0.0,109616.53,0
492,CASH_OUT,306886.57,C1495280417,0.0,0.0,C1728650635,493271.21,800157.78,0
161,CASH_OUT,562478.02,C1647507329,0.0,0.0,C2135741638,3707651.51,4270129.53,0
301,PAYMENT,13686.59,C875904263,0.0,0.0,M789201401,0.0,0.0,0
254,PAYMENT,13253.63,C1913329259,0.0,0.0,M570445051,0.0,0.0,0
34,TRANSFER,175279.22,C1418871729,0.0,0.0,C91092846,1722688.84,1897968.06,0
298,CASH_OUT,92003.61,C1883371669,31262.0,0.0,C317028267,809215.9,901219.51,0
394,CASH_OUT,71953.82,C59827926,0.0,0.0,C73635458,431545.41,503499.23,0
688,PAYMENT,9379.07,C2031135261,0.0,0.0,M494867451,0.0,0.0,0
525,PAYMENT,17144.07,C765146456,0.0,0.0,M1718177281,0.0,0.0,0
181,CASH_IN,131152.14,C171744144,104798.0,235950.14,C874283583,438450.97,307298.83,0
188,CASH_IN,71193.66,C1162203950,1955089.82,2026283.49,C1773655816,712370.75,641177.09,0
299,CASH_IN,95677.74,C426514483,16919740.61,17015418.35,C852111270,186863.62,91185.88,0
401,CASH_OUT,96881.84,C239923825,54951.0,0.0,C346227082,624869.04,721750.89,0
20,PAYMENT,20804.23,C149689205,92092.0,71287.77,M655581241,0.0,0.0,0
469,CASH_IN,1858.94,C1904172472,315142.64,317001.58,C2136630977,123823.73,121964.79,0
278,PAYMENT,2481.05,C120237137,6176.19,3695.13,M2126987406,0.0,0.0,0
145,TRANSFER,272386.7,C220341207,37318.0,0.0,C275803123,0.0,272386.7,0
207,CASH_IN,112338.13,C1461803950,7889435.86,8001773.99,C122337935,1470275.02,1357936.89,0
371,CASH_IN,281126.32,C1628915184,3218.0,284344.32,C1105027927,0.0,0.0,0
352,CASH_OUT,141985.83,C1154556146,0.0,0.0,C1204548394,739044.27,881030.1,0
132,CASH_OUT,377665.12,C1074709412,163993.55,0.0,C1483341063,115.0,377780.12,0
546,CASH_OUT,72281.9,C342881366,157447.0,85165.1,C961821266,170144.87,242426.76,0
43,CASH_IN,169814.39,C160171690,188716.0,358530.39,C1886256682,1355110.52,1185296.12,0
299,TRANSFER,9570759.75,C1156718603,0.0,0.0,C155055158,12702508.2,22273267.95,0
354,CASH_OUT,116881.48,C85355550,86193.0,0.0,C725014521,1431326.16,1548207.64,0
232,CASH_OUT,299149.21,C1282676758,0.0,0.0,C2087387189,6690820.82,6989970.02,0
278,TRANSFER,508917.28,C437643244,9968.0,0.0,C1068281047,321419.33,830336.61,0
164,CASH_IN,46012.43,C511855800,19822920.4,19868932.83,C293630291,140985.0,94972.57,0
298,CASH_OUT,89671.7,C1243861505,0.0,0.0,C1741657190,721345.85,811017.54,0
43,PAYMENT,21276.19,C528957571,3972.0,0.0,M49110415,0.0,0.0,0
165,PAYMENT,1996.69,C1362659950,50231.0,48234.31,M730698715,0.0,0.0,0
9,CASH_IN,44566.84,C318632676,6146847.42,6191414.26,C596142568,52249.23,7682.4,0
142,CASH_IN,274720.97,C393176280,5744715.87,6019436.84,C245498850,2575834.19,2301113.22,0
303,CASH_OUT,472076.75,C843981540,123554.0,0.0,C122307196,305220.81,777297.55,0
299,PAYMENT,22911.61,C1337971901,0.0,0.0,M1169389707,0.0,0.0,0
43,CASH_OUT,343337.45,C231288284,0.0,0.0,C2127123719,2288103.89,2631441.34,0
396,CASH_OUT,199867.07,C1918511346,0.0,0.0,C1820524538,916399.41,1116266.48,0
305,CASH_OUT,37024.69,C1061506200,2036.0,0.0,C610109478,554580.57,591605.26,0
406,CASH_OUT,20842.92,C1270123397,20842.92,0.0,C450191991,118111.75,138954.67,1
205,CASH_OUT,2941.71,C1464811224,0.0,0.0,C856443890,35688.91,38630.62,0
301,TRANSFER,737925.3,C1550274402,50128.0,0.0,C763246645,0.0,737925.3,0
302,CASH_IN,228889.54,C828560239,3412952.21,3641841.75,C121685730,733028.33,504138.79,0
282,PAYMENT,10636.72,C856660670,51758.0,41121.28,M1013394943,0.0,0.0,0
42,CASH_OUT,121593.67,C446124526,0.0,0.0,C493570900,619941.35,582452.88,0
138,CASH_OUT,55702.31,C686454127,0.0,0.0,C1644099464,816669.48,1179955.44,0
380,PAYMENT,16751.77,C1543413793,50655.0,33903.23,M666982678,0.0,0.0,0
323,CASH_IN,34483.25,C1720662003,257226.0,291709.25,C1285953370,1257983.74,1223500.49,0
407,TRANSFER,127117.83,C246572561,5588.0,0.0,C1137681362,356017.74,483135.57,0
380,PAYMENT,4263.42,C976290268,41870.0,37606.58,M1944410386,0.0,0.0,0
257,CASH_IN,87021.18,C2130109066,55294.0,142315.18,C1155078351,921444.8,834423.62,0
683,CASH_IN,231591.26,C462130311,20581.0,252172.26,C309957866,0.0,0.0,0
207,PAYMENT,14094.17,C1791458341,0.0,0.0,M780452262,0.0,0.0,0
14,CASH_IN,8848.71,C1093017548,781044.74,789893.45,C1474464180,1171219.56,1162370.86,0
19,PAYMENT,6904.43,C1409068279,0.0,0.0,M1488109845,0.0,0.0,0
255,PAYMENT,19809.68,C378313151,24748.0,4938.32,M2025207028,0.0,0.0,0
163,TRANSFER,225215.37,C2069431349,0.0,0.0,C1411856285,919428.92,1144644.29,0
16,CASH_OUT,220866.12,C810481181,50415.0,0.0,C1754676559,1261884.0,1482750.12,0
163,PAYMENT,7222.3,C4321054,346208.0,338985.7,M1587286461,0.0,0.0,0
250,PAYMENT,31203.25,C60674848,0.0,0.0,M1424807723,0.0,0.0,0
660,TRANSFER,51725.86,C141049972,51725.86,0.0,C823707248,0.0,0.0,1
298,CASH_IN,38107.02,C1546473242,2023068.83,2061175.86,C101029656,254714.67,216607.65,0
403,CASH_IN,69098.75,C1121496239,2139798.8,2208897.54,C266477677,316539.2,247440.45,0
276,CASH_IN,11479.35,C2098353979,950628.64,962107.99,C184669938,859796.14,848316.79,0
129,CASH_OUT,160334.31,C1558201641,143996.94,0.0,C1910767087,187107.12,244453.06,0
376,CASH_IN,159726.61,C1207391732,3375485.4,3535212.0,C2107843607,2161558.94,2001832.33,0
162,PAYMENT,7562.05,C911440365,80145.0,72582.95,M1678547463,0.0,0.0,0
256,CASH_OUT,224311.32,C1249365919,0.0,0.0,C466577279,714364.07,938675.39,0
41,CASH_OUT,46295.96,C1876054019,29757.0,0.0,C637091706,0.0,46295.96,0
588,CASH_IN,32238.4,C1353245474,1170531.17,1202769.56,C811991797,1177247.09,1145008.7,0
396,PAYMENT,16179.0,C1751800302,0.0,0.0,M208216629,0.0,0.0,0
6,CASH_IN,189095.53,C800041407,3427853.11,3616948.64,C503195940,583691.14,228783.05,0
275,PAYMENT,1390.33,C589750302,108381.72,106991.39,M724249407,0.0,0.0,0
253,CASH_IN,174010.55,C1817198346,155445.43,329455.98,C931706986,525087.5,351076.95,0
282,CASH_IN,37068.68,C35733645,3132859.95,3169928.62,C1533329896,47606.8,10538.13,0
155,CASH_OUT,18702.58,C605393243,50653.0,31950.42,C944700733,18786.88,37489.46,0
404,PAYMENT,14743.86,C403883546,0.0,0.0,M1613602570,0.0,0.0,0
226,TRANSFER,2047873.42,C1897410530,20730.0,0.0,C883481793,544827.1,2592700.51,0
355,CASH_OUT,248991.07,C885722159,0.0,0.0,C1029178398,4736419.4,4985410.47,0
44,PAYMENT,3493.98,C1021565559,53009.0,49515.02,M489685756,0.0,0.0,0
681,CASH_IN,208885.1,C1789370512,40165.0,249050.1,C1480127276,0.0,0.0,0
349,CASH_IN,193868.48,C1603801314,11310350.57,11504219.05,C1367862566,333031.28,95070.16,0
232,CASH_IN,324032.78,C1236775740,7466340.0,7790372.77,C994117953,5903410.72,5579377.95,0
302,CASH_OUT,462446.26,C1215964536,80375.0,0.0,C735508359,643093.09,1105539.35,0
18,CASH_OUT,5654.0,C599454639,15236.0,9582.0,C980367493,0.0,5654.0,0
305,CASH_OUT,96197.41,C411081745,0.0,0.0,C1420134238,385452.67,481650.08,0
402,CASH_IN,106389.16,C1853513567,20757.0,127146.16,C1803748221,3158178.86,3051789.7,0
178,PAYMENT,16257.22,C1447604574,92469.0,76211.78,M1289255614,0.0,0.0,0
14,CASH_OUT,183400.52,C648235849,0.0,0.0,C957917689,321003.64,558674.12,0
327,CASH_IN,323843.47,C1184293345,15496997.98,15820841.45,C239509317,494774.27,170930.8,0
157,CASH_OUT,106271.29,C654222401,0.0,0.0,C2108925721,629488.98,735760.26,0
284,CASH_IN,142850.71,C1195110611,27804.0,170654.71,C1154369882,63225.75,0.0,0
309,CASH_OUT,195933.4,C1826285017,0.0,0.0,C187145055,496942.23,692875.63,0
399,CASH_OUT,291519.29,C1890010087,21482.0,0.0,C502635369,1288040.22,1579559.51,0
681,CASH_IN,95472.74,C456314346,6115674.46,6211147.2,C2011365298,3955668.86,3860196.12,0
159,TRANSFER,353291.76,C763287880,0.0,0.0,C1190333336,721944.26,1075236.03,0
280,TRANSFER,519888.64,C2106243225,29575.0,0.0,C36877381,0.0,519888.64,0
594,PAYMENT,13183.75,C1130034907,0.0,0.0,M1635155126,0.0,0.0,0
41,PAYMENT,4973.95,C2075181421,155380.0,150406.05,M923973182,0.0,0.0,0
328,PAYMENT,46119.94,C1828323738,49571.0,3451.06,M1142059785,0.0,0.0,0
322,PAYMENT,13919.86,C1482649172,972.0,0.0,M1672409006,0.0,0.0,0
403,PAYMENT,2151.39,C502320762,70846.0,68694.61,M79138872,0.0,0.0,0
691,PAYMENT,4716.59,C1517034529,30781.0,26064.41,M1126815506,0.0,0.0,0
255,CASH_IN,243520.63,C573578366,10312.0,253832.63,C569840179,0.0,0.0,0
281,CASH_IN,294136.88,C910733019,7500019.22,7794156.1,C988575039,1197302.6,903165.72,0
236,CASH_OUT,262724.05,C40782064,0.0,0.0,C336596988,335738.96,598463.01,0
204,PAYMENT,3099.66,C1774636404,0.0,0.0,M200081359,0.0,0.0,0
234,CASH_OUT,299669.25,C153183868,42.0,0.0,C8926895,0.0,299669.25,0
17,PAYMENT,37118.97,C470613457,42203.0,5084.03,M1411167398,0.0,0.0,0
155,PAYMENT,18243.1,C174698194,72216.0,53972.9,M1490352276,0.0,0.0,0
326,PAYMENT,16994.86,C1094951317,951082.0,934087.14,M984615037,0.0,0.0,0
159,CASH_OUT,232947.83,C1656152863,18338.11,0.0,C1883175566,4242127.67,4475075.5,0
336,TRANSFER,38115.0,C196135268,38115.0,0.0,C1809264943,0.0,0.0,1
371,CASH_OUT,173752.64,C1842002034,0.0,0.0,C1917756625,215597.81,389350.45,0
259,CASH_OUT,162662.95,C1637303548,12426.0,0.0,C512049967,7503.75,170166.69,0
322,CASH_OUT,60568.75,C1584941198,0.0,0.0,C2020525239,95756.93,156325.68,0
330,TRANSFER,540917.47,C1726842304,12397.0,0.0,C389093979,0.0,540917.47,0
211,PAYMENT,9331.2,C1463255138,0.0,0.0,M1689470369,0.0,0.0,0
397,CASH_OUT,127777.39,C517893397,0.0,0.0,C1197118756,138600.27,266377.66,0
188,PAYMENT,8692.6,C255275378,54197.67,45505.07,M1311742099,0.0,0.0,0
21,TRANSFER,697790.67,C1002076367,0.0,0.0,C265014902,2825861.3,3523651.97,0
44,PAYMENT,4931.26,C1797822634,0.0,0.0,M678113759,0.0,0.0,0
164,TRANSFER,261609.23,C442767042,39896.0,0.0,C255292566,209607.53,471216.76,0
159,CASH_OUT,47549.07,C20414843,0.0,0.0,C119154130,108078.43,155627.5,0
47,TRANSFER,229238.13,C475807833,0.0,0.0,C1714823857,3380986.39,3610224.53,0
329,CASH_OUT,140400.0,C969596875,809.0,0.0,C32834975,305939.0,446339.0,0
134,CASH_OUT,116010.2,C1593059248,11126.0,0.0,C928907994,0.0,116010.2,0
181,PAYMENT,27395.02,C1221815154,0.0,0.0,M533004718,0.0,0.0,0
378,PAYMENT,8204.13,C329410595,0.0,0.0,M1734505664,0.0,0.0,0
353,CASH_OUT,259267.12,C850100597,0.0,0.0,C910384055,6532898.41,6792165.53,0
373,PAYMENT,7726.08,C1120613991,0.0,0.0,M1820680267,0.0,0.0,0
41,CASH_IN,46546.9,C469768959,18710889.07,18757435.97,C324111996,661957.88,615410.98,0
349,CASH_OUT,182787.12,C1531478096,323549.32,140762.2,C1261155563,0.0,182787.12,0
346,CASH_OUT,104703.95,C425572256,99718.0,0.0,C1254125816,221456.1,326160.05,0
403,TRANSFER,26887.33,C1995953836,0.0,0.0,C1272165189,5706996.49,5733883.82,0
19,PAYMENT,2469.29,C1234632793,0.0,0.0,M1042117988,0.0,0.0,0
370,PAYMENT,19588.59,C288323187,38975.0,19386.41,M928238002,0.0,0.0,0
38,CASH_IN,76817.25,C1813868323,3260.0,80077.25,C1305052965,396737.2,319919.95,0
277,PAYMENT,7161.91,C769688643,29820.0,22658.09,M700922645,0.0,0.0,0
381,CASH_OUT,149468.39,C2093112270,0.0,0.0,C192046951,541642.36,691110.76,0
226,CASH_IN,125210.11,C2058001617,31348.0,156558.11,C613292784,0.0,0.0,0
37,CASH_OUT,106308.96,C1465884427,0.0,0.0,C1259229036,3750745.5,4168532.97,0
227,PAYMENT,13657.79,C211803016,0.0,0.0,M539083757,0.0,0.0,0
7,PAYMENT,1088.75,C1259990552,11036.0,9947.25,M39198049,0.0,0.0,0
212,PAYMENT,19994.65,C1171610792,60749.0,40754.35,M1800799712,0.0,0.0,0
181,CASH_IN,182310.74,C42745163,8805583.56,8987894.3,C800280961,340087.04,157776.3,0
249,PAYMENT,51220.86,C196841531,0.0,0.0,M1700065571,0.0,0.0,0
308,CASH_OUT,142881.64,C870013650,0.0,0.0,C45817202,2384416.88,2527298.52,0
309,CASH_OUT,37614.17,C2000875806,257.0,0.0,C1500432447,1049841.29,861374.28,0
212,CASH_OUT,66243.29,C1672844286,0.0,0.0,C576515708,350894.24,417137.53,0
252,PAYMENT,3493.07,C1123864053,0.0,0.0,M615451381,0.0,0.0,0
275,CASH_OUT,276692.66,C1136766489,0.0,0.0,C1118800426,1531557.28,1808249.94,0
278,CASH_OUT,138755.03,C416723418,0.0,0.0,C1527117623,546042.25,684797.28,0
130,CASH_OUT,229206.41,C755503245,30253.0,0.0,C897392855,0.0,229206.41,0
299,CASH_IN,262967.28,C315637130,20357.0,283324.28,C1402211230,0.0,0.0,0
308,CASH_IN,41128.97,C133355317,11136.0,52264.97,C1528617169,11623.97,0.0,0
444,CASH_OUT,178616.12,C468251407,178616.12,0.0,C1669286784,0.0,178616.12,1
331,CASH_OUT,239733.41,C683406576,10596.0,0.0,C1377936767,1006410.39,1246143.8,0
162,PAYMENT,27732.88,C102526891,30891.0,3158.12,M1495586140,0.0,0.0,0
157,CASH_OUT,20108.63,C384487921,0.0,0.0,C1220364955,463092.41,483201.04,0
130,PAYMENT,23042.1,C353356429,0.0,0.0,M1894244646,0.0,0.0,0
36,PAYMENT,21808.26,C1955302439,1011.0,0.0,M791080982,0.0,0.0,0
354,PAYMENT,15588.56,C392546186,20497.0,4908.44,M1759132513,0.0,0.0,0
179,CASH_OUT,332049.61,C2011900719,5846.0,0.0,C2054061584,135166.37,467215.98,0
546,TRANSFER,921094.31,C873105162,0.0,0.0,C225157004,4214094.23,5135188.54,0
280,CASH_IN,105159.3,C285552221,8658258.25,8763417.55,C545590130,656189.65,551030.34,0
202,CASH_IN,175111.66,C1327258762,88375.0,263486.66,C219047002,110832.37,0.0,0
132,PAYMENT,32813.9,C607061502,0.0,0.0,M358745004,0.0,0.0,0
355,PAYMENT,10172.05,C1244421866,0.0,0.0,M519693365,0.0,0.0,0
156,PAYMENT,13355.59,C1260433637,0.0,0.0,M325106851,0.0,0.0,0
379,PAYMENT,4774.8,C1519950070,30909.0,26134.2,M1568308365,0.0,0.0,0
161,PAYMENT,11001.61,C7500844,29739.0,18737.39,M245636898,0.0,0.0,0
371,TRANSFER,506365.5,C1601634631,213346.43,0.0,C1632648448,3289670.93,3796036.43,0
332,CASH_OUT,174345.63,C766820461,0.0,0.0,C406241476,4079039.86,4253385.48,0
334,CASH_IN,63852.81,C511985756,4760008.87,4823861.68,C1613353351,900447.88,836595.07,0
133,PAYMENT,459.36,C778248792,2148.37,1689.0,M575182273,0.0,0.0,0
131,CASH_IN,259269.88,C318918935,11080638.24,11339908.11,C1272829182,585275.93,326006.05,0
233,PAYMENT,48080.26,C852120933,13498.64,0.0,M772764028,0.0,0.0,0
403,CASH_OUT,28348.01,C1168488176,4422.0,0.0,C1235918276,0.0,28348.01,0
34,TRANSFER,219678.34,C650728076,0.0,0.0,C1839149367,225950.41,445628.76,0
161,TRANSFER,90094.03,C1697396207,0.0,0.0,C1036909044,1493030.84,1583124.87,0
564,CASH_OUT,9091.71,C403866580,0.0,0.0,C2119767990,950168.96,959260.67,0
298,CASH_IN,44847.12,C738008907,5468861.74,5513708.86,C1337860097,165172.52,120325.4,0
210,PAYMENT,8297.43,C1355608628,14588.0,6290.57,M1919072964,0.0,0.0,0
399,CASH_IN,144641.85,C3952216,30459704.62,30604346.47,C1844129881,3395898.01,3251256.16,0
405,CASH_OUT,169184.62,C346816494,842.0,0.0,C659582880,0.0,169184.62,0
229,CASH_IN,1427.34,C406283361,179445.16,180872.5,C1754787270,428632.85,427205.51,0
188,CASH_OUT,79395.93,C597225044,1094.0,0.0,C1373204572,0.0,79395.93,0
226,CASH_IN,81533.25,C139271568,3305079.42,3386612.66,C229268083,4425425.33,4343892.08,0
15,CASH_IN,85754.21,C1389195956,20060940.62,20146694.83,C1395820996,433001.15,347246.93,0
188,PAYMENT,10218.59,C104677666,0.0,0.0,M100950123,0.0,0.0,0
132,PAYMENT,22910.53,C634676446,21314.0,0.0,M1563467225,0.0,0.0,0
354,TRANSFER,1787344.96,C2072000817,0.0,0.0,C1018013961,2196512.92,3983857.88,0
331,CASH_OUT,140561.94,C1209956150,0.0,0.0,C1053475882,1555943.27,1696505.21,0
181,PAYMENT,5755.76,C1154977957,378.0,0.0,M1127325786,0.0,0.0,0
188,PAYMENT,1689.28,C586298118,32689.0,30999.72,M519487479,0.0,0.0,0
189,PAYMENT,1073.65,C2141858823,4303.0,3229.35,M1234229245,0.0,0.0,0
43,PAYMENT,5812.91,C463407437,39995.63,34182.72,M2044721467,0.0,0.0,0
257,CASH_IN,8887.45,C2002422754,2595401.61,2604289.06,C745413503,250619.72,241732.27,0
181,CASH_OUT,34593.46,C1667784015,199930.0,165336.54,C363973819,1321539.47,1356132.93,0
202,CASH_OUT,275295.94,C397738690,0.0,0.0,C852341998,4499785.91,4775081.85,0
41,CASH_IN,122600.09,C916928237,1209722.44,1332322.53,C1407948022,314408.62,191808.53,0
237,PAYMENT,11473.98,C1858463352,0.0,0.0,M1644103288,0.0,0.0,0
322,CASH_OUT,620.5,C783627743,0.0,0.0,C586316738,1484666.18,1485286.68,0
401,CASH_OUT,264300.89,C722150233,12146.0,0.0,C380924984,0.0,264300.89,0
299,PAYMENT,55631.54,C1418260127,25656.0,0.0,M1242471062,0.0,0.0,0
380,CASH_OUT,73082.63,C1277034481,172281.97,99199.35,C1148242518,110926.86,184009.49,0
259,CASH_OUT,134097.78,C564442805,0.0,0.0,C619518219,261632.14,651802.78,0
14,CASH_IN,87994.56,C24483650,3726463.93,3814458.49,C803368825,115569.96,27575.4,0
163,CASH_OUT,195509.59,C2065183521,0.0,0.0,C1625475171,220404.36,415913.95,0
327,CASH_OUT,239356.66,C982427552,0.0,0.0,C385070034,710592.71,949949.38,0
162,CASH_IN,35932.25,C2047514442,1725602.14,1761534.39,C805310696,5282069.91,5246137.67,0
297,CASH_OUT,48076.52,C1559963125,0.0,0.0,C256576761,977867.52,1025944.05,0
210,CASH_OUT,334883.23,C1946943142,0.0,0.0,C392424605,11095711.83,11430595.07,0
373,CASH_OUT,232563.09,C813714926,0.0,0.0,C1095143972,508104.94,740668.03,0
159,CASH_IN,177797.12,C1219236154,25474.0,203271.12,C167912003,0.0,0.0,0
331,CASH_IN,30223.65,C784869331,310875.0,341098.65,C1851387508,0.0,0.0,0
140,CASH_OUT,68648.42,C1270061611,0.0,0.0,C1824081834,442830.93,511479.35,0
154,CASH_IN,12597.39,C496104036,15307503.17,15320100.55,C1080933771,554996.69,542399.31,0
43,TRANSFER,305693.79,C663188812,6179.0,0.0,C1309543289,171878.96,477572.75,0
297,CASH_IN,539662.16,C1823902180,112.0,539774.16,C440197393,119251.37,0.0,0
140,PAYMENT,5835.04,C271951161,0.0,0.0,M461574506,0.0,0.0,0
326,CASH_IN,201569.04,C1647966296,28487.0,230056.04,C589624577,155684.7,0.0,0
374,PAYMENT,6666.82,C75384098,514.91,0.0,M1105986268,0.0,0.0,0
288,PAYMENT,20113.14,C1524342034,5792.57,0.0,M1457970033,0.0,0.0,0
347,CASH_IN,82946.19,C270372986,139675.53,222621.73,C1169784026,112954.73,30008.54,0
17,CASH_OUT,447460.23,C846543719,24476.0,0.0,C2122510978,0.0,447460.23,0
378,PAYMENT,16515.36,C834072728,0.0,0.0,M1378063927,0.0,0.0,0
93,CASH_OUT,4120.14,C861292985,4120.14,0.0,C1762318733,0.0,4120.14,1
38,CASH_IN,176023.05,C589364919,21443835.64,21619858.68,C778306577,4312043.7,4171316.87,0
182,CASH_IN,94713.74,C787535934,2728935.99,2823649.73,C1981248952,154773.28,60059.54,0
238,PAYMENT,4058.92,C1703176597,17666.0,13607.08,M2017324884,0.0,0.0,0
209,PAYMENT,159.08,C164960978,1547.0,1387.92,M495304582,0.0,0.0,0
407,CASH_IN,287133.94,C581406025,3701299.48,3988433.42,C873834238,3179124.32,2891990.38,0
42,TRANSFER,284066.99,C662503959,30219.0,0.0,C1521824142,1012689.35,1344814.59,0
396,CASH_IN,118453.98,C785093833,95444.0,213897.98,C2009213066,0.0,0.0,0
41,CASH_OUT,57691.12,C440452458,11664.0,0.0,C1580966657,618870.4,676561.52,0
36,TRANSFER,59897.55,C988172813,0.0,0.0,C1617488818,1016507.48,1076405.04,0
312,PAYMENT,6737.05,C1115096865,36287.0,29549.95,M2071790214,0.0,0.0,0
14,CASH_IN,130006.05,C44052207,9042.0,139048.05,C446093259,652098.63,771006.58,0
546,CASH_OUT,193259.95,C1643634167,145503.0,0.0,C1197459762,3794768.5,3988028.46,0
165,PAYMENT,19053.43,C1202676228,200948.0,181894.57,M1203525923,0.0,0.0,0
331,PAYMENT,13869.27,C1789317593,290191.32,276322.04,M1142227516,0.0,0.0,0
345,CASH_IN,147192.48,C398151188,990435.12,1137627.6,C1436391758,5604019.84,5456827.36,0
235,CASH_IN,268256.98,C1181078056,19859.0,288115.98,C2007971745,2422155.54,2153898.56,0
281,CASH_IN,173202.02,C146538648,417.0,173619.02,C154225727,0.0,0.0,0
35,CASH_IN,96673.16,C1652763143,28.0,96701.16,C1717547480,146060.25,49387.08,0
398,CASH_OUT,367923.22,C1161839512,0.0,0.0,C1406947671,3525128.39,3893051.61,0
308,CASH_IN,151341.91,C77511650,784193.0,935534.91,C1510731386,2979.24,0.0,0
182,CASH_OUT,303378.61,C2137096670,833958.0,530579.39,C1301193640,219207.6,522586.21,0
180,TRANSFER,472651.37,C1416339381,0.0,0.0,C509219582,1898324.34,2370975.71,0
11,CASH_IN,147921.71,C1687904231,11336.0,159257.71,C76713458,960883.17,1191290.24,0
396,CASH_IN,273128.55,C1357686334,177.0,273305.55,C1074300495,0.0,0.0,0
373,CASH_IN,285888.5,C2004501278,3091888.36,3377776.87,C576749984,297162.91,11274.41,0
258,PAYMENT,19613.03,C611654448,207018.0,187404.97,M867832031,0.0,0.0,0
277,PAYMENT,204.5,C1622639179,0.0,0.0,M1859984057,0.0,0.0,0
307,CASH_IN,149378.1,C853635979,1045163.82,1194541.92,C800191672,226255.09,76877.0,0
214,PAYMENT,2419.42,C1921012447,141812.0,139392.58,M1664832706,0.0,0.0,0
359,CASH_OUT,45650.4,C696523355,0.0,0.0,C376453187,59769.61,105420.01,0
7,CASH_IN,111147.63,C541094703,4379269.94,4490417.58,C473344802,207378.0,96230.37,0
227,CASH_OUT,29747.39,C867592317,0.0,0.0,C780124857,328072.75,357820.14,0
254,PAYMENT,15374.73,C1431851348,143.32,0.0,M632756466,0.0,0.0,0
235,CASH_IN,153643.46,C938449376,2668352.53,2821995.98,C1589448799,1452278.13,1298634.68,0
203,CASH_IN,91665.38,C483681788,252534.0,344199.38,C1445731773,0.0,0.0,0
303,PAYMENT,25727.29,C29017347,62742.18,37014.89,M2052351372,0.0,0.0,0
283,PAYMENT,8529.32,C1317505066,0.0,0.0,M1432457871,0.0,0.0,0
299,TRANSFER,1758778.3,C343883396,0.0,0.0,C717448628,2155264.07,3914042.37,0
156,CASH_OUT,198950.04,C1397753920,72768.0,0.0,C239309497,6349.26,205299.3,0
203,CASH_OUT,250435.99,C270355665,19919.0,0.0,C1161837261,1215075.43,1465511.43,0
235,PAYMENT,14737.44,C664017573,247291.68,232554.23,M1000321110,0.0,0.0,0
40,PAYMENT,10076.2,C183877272,0.0,0.0,M2014171270,0.0,0.0,0
304,CASH_IN,175613.51,C82789148,21004.0,196617.51,C1642814757,0.0,0.0,0
231,CASH_IN,44348.88,C1235579854,4019056.66,4063405.54,C260887238,1661444.07,1617095.19,0
177,CASH_OUT,150312.96,C411859041,3851.0,0.0,C1609217305,0.0,150312.96,0
382,CASH_OUT,103790.82,C1189300111,107546.0,3755.18,C1277944212,0.0,103790.82,0
187,CASH_IN,43532.97,C1927663900,33161.0,76693.97,C1188010753,2019480.11,1975947.13,0
211,TRANSFER,264448.95,C1817804506,11232.0,0.0,C2114821737,1481917.93,1746366.88,0
132,CASH_OUT,68805.27,C1974122981,0.0,0.0,C1616657205,206512.83,275318.11,0
192,PAYMENT,8982.6,C1945549950,56926.0,47943.4,M248076242,0.0,0.0,0
132,CASH_OUT,147789.94,C664620042,22084.0,0.0,C1671554064,0.0,147789.94,0
235,CASH_OUT,277582.49,C1581920883,0.0,0.0,C1910157125,283083.88,560666.37,0
206,CASH_OUT,61790.94,C90794496,251.0,0.0,C1110120649,0.0,61790.94,0
395,CASH_OUT,24059.34,C1767883556,0.0,0.0,C683376025,68217.14,92276.47,0
355,PAYMENT,10659.27,C730829562,74193.0,63533.73,M291133641,0.0,0.0,0
185,CASH_OUT,93646.28,C1007876020,0.0,0.0,C1534027199,3248644.84,3342291.12,0
204,PAYMENT,509.69,C1446456451,0.0,0.0,M2118937159,0.0,0.0,0
140,TRANSFER,105344.19,C1110094334,0.0,0.0,C989841745,1022720.13,1128064.32,0
298,CASH_OUT,167324.95,C1228617651,50481.0,0.0,C1519019939,0.0,167324.95,0
178,PAYMENT,20071.36,C12994461,0.0,0.0,M1529257903,0.0,0.0,0
40,CASH_IN,184006.94,C1025756274,6866400.15,7050407.09,C358804045,4145456.2,3961449.26,0
163,CASH_OUT,327458.55,C1062859041,0.0,0.0,C1480483097,679614.53,1007073.08,0
177,CASH_OUT,123380.94,C520515194,48412.0,0.0,C1797116094,414062.18,537443.13,0
12,CASH_OUT,135645.03,C1063546580,593987.0,458341.97,C887273250,19793.0,171354.1,0
351,CASH_OUT,125122.07,C668778753,0.0,0.0,C518962965,3200166.65,3325288.72,0
358,CASH_OUT,109371.65,C1070485516,11028.0,0.0,C2040215731,865896.78,975268.43,0
274,CASH_IN,19947.56,C284015512,10055744.48,10075692.04,C889715718,143630.59,123683.03,0
379,TRANSFER,22204.51,C1753550266,0.0,0.0,C1182212601,1974411.33,1996615.85,0
327,PAYMENT,3637.03,C452934292,34118.21,30481.19,M69217273,0.0,0.0,0
354,PAYMENT,6202.3,C807545364,484604.4,478402.1,M1296107871,0.0,0.0,0
185,TRANSFER,538509.1,C1101797216,115258.0,0.0,C1731560097,433176.31,971685.41,0
60,CASH_OUT,40486.25,C1413149184,40486.25,0.0,C713338583,4716889.9,4757376.15,1
186,CASH_IN,131271.09,C935004413,51792.0,183063.09,C1091454103,129605.89,0.0,0
158,PAYMENT,11638.8,C908182734,0.0,0.0,M1428641041,0.0,0.0,0
38,PAYMENT,9428.44,C813221148,8703.0,0.0,M1171013234,0.0,0.0,0
277,CASH_IN,98080.56,C584795482,69855.2,167935.75,C698127433,14324020.84,14225940.28,0
9,PAYMENT,22027.0,C1639951283,6206.0,0.0,M2107415554,0.0,0.0,0
209,PAYMENT,10948.31,C405184539,0.0,0.0,M111157936,0.0,0.0,0
297,PAYMENT,13196.52,C1542028540,80937.64,67741.12,M592880713,0.0,0.0,0
157,CASH_OUT,15043.52,C511300885,19006.0,3962.48,C887273250,1041963.43,1057006.96,0
335,PAYMENT,19464.11,C79231854,0.0,0.0,M645626813,0.0,0.0,0
226,TRANSFER,5319577.47,C517904662,21293.0,0.0,C1577442018,0.0,5319577.47,0
139,CASH_IN,135949.36,C628474342,184333.0,320282.36,C1294104978,4285.14,0.0,0
38,CASH_IN,96666.27,C507273371,1420.0,98086.27,C454737275,372997.8,276331.53,0
285,PAYMENT,9334.98,C1270372694,10046.0,711.02,M946663221,0.0,0.0,0
328,PAYMENT,37560.75,C1354137714,40491.0,2930.25,M893905937,0.0,0.0,0
210,CASH_IN,259559.07,C1332792001,2880912.09,3140471.17,C714628006,2171095.01,1911535.94,0
39,CASH_IN,270445.63,C828108686,1808013.51,2078459.14,C106624954,1264875.2,994429.57,0
336,PAYMENT,1733.97,C2058137948,62490.0,60756.03,M958163162,0.0,0.0,0
420,CASH_IN,26653.88,C185288037,2961650.87,2988304.75,C420925675,13238503.93,13211850.05,0
16,CASH_OUT,20536.16,C2077318614,0.0,0.0,C1568703436,64649.31,85185.46,0
259,CASH_IN,220764.9,C141940619,16348.0,237112.9,C282363205,622240.73,401475.83,0
691,PAYMENT,11648.7,C771336120,0.0,0.0,M1574999767,0.0,0.0,0
210,CASH_OUT,342941.64,C348669384,278.0,0.0,C1210424090,129101.14,472042.78,0
538,CASH_IN,60852.49,C1736143327,550.0,61402.49,C563778294,0.0,0.0,0
33,CASH_OUT,206257.98,C740046375,0.0,0.0,C1069874785,402121.84,608379.82,0
231,TRANSFER,1233679.6,C474540528,0.0,0.0,C215774069,1873331.93,3107011.53,0
254,CASH_IN,192954.51,C2110615822,4135767.76,4328722.27,C487543603,228023.12,35068.62,0
162,PAYMENT,20551.11,C1515106346,22372.0,1820.89,M1735719312,0.0,0.0,0
259,PAYMENT,1457.24,C1301815868,0.0,0.0,M733165005,0.0,0.0,0
298,CASH_OUT,65687.91,C2128288350,30197.0,0.0,C789823054,0.0,65687.91,0
21,CASH_OUT,15167.99,C1543965762,16958.0,1790.01,C1547827943,86799.17,101967.17,0
259,PAYMENT,12579.23,C409890224,0.0,0.0,M1043137377,0.0,0.0,0
329,CASH_OUT,280064.11,C1126388288,0.0,0.0,C503295161,1598247.35,1878311.46,0
249,CASH_OUT,537748.09,C1579052954,16836.0,0.0,C1693022440,0.0,537748.09,0
186,CASH_OUT,87034.83,C1363240758,0.0,0.0,C1603563828,2736405.22,2823440.05,0
231,CASH_OUT,349872.13,C1239889419,0.0,0.0,C1161802036,829560.85,1291542.42,0
306,CASH_OUT,173926.15,C1741874772,419792.0,245865.85,C1043992738,0.0,173926.15,0
207,CASH_IN,74482.05,C83083208,1573537.4,1648019.45,C2009552124,103247.21,28765.16,0
211,PAYMENT,11700.6,C857091427,103158.27,91457.67,M538017430,0.0,0.0,0
257,CASH_OUT,431116.26,C813390700,164625.0,0.0,C627404757,511366.99,942483.25,0
204,CASH_OUT,31152.03,C595413777,0.0,0.0,C894487008,165120.06,196272.09,0
428,CASH_IN,119805.22,C740944723,1325569.05,1445374.27,C892554069,294393.9,174588.69,0
8,PAYMENT,571.39,C1808482487,0.0,0.0,M1825181728,0.0,0.0,0
277,CASH_IN,57421.43,C690142389,3363450.11,3420871.54,C1386492161,367588.61,310167.19,0
177,PAYMENT,15710.09,C2021654056,0.0,0.0,M187666811,0.0,0.0,0
8,PAYMENT,88.47,C1117758297,32702.0,32613.53,M1349105128,0.0,0.0,0
187,PAYMENT,19702.52,C676172932,62392.0,42689.48,M1348497093,0.0,0.0,0
180,CASH_OUT,251787.17,C24416882,0.0,0.0,C773806586,914225.07,990040.16,0
286,PAYMENT,42922.18,C2122460568,336647.02,293724.84,M874356137,0.0,0.0,0
250,PAYMENT,19882.73,C1159560122,1658.0,0.0,M1111812743,0.0,0.0,0
37,PAYMENT,7068.59,C772287671,158609.4,151540.81,M84644666,0.0,0.0,0
254,CASH_IN,46941.58,C922688952,9162247.23,9209188.8,C604996035,207119.86,160178.28,0
251,PAYMENT,55851.94,C1273002140,0.0,0.0,M597885077,0.0,0.0,0
182,CASH_OUT,157397.34,C1857100098,0.0,0.0,C1361885449,9275727.08,9433124.42,0
16,CASH_OUT,59501.05,C1370263170,0.0,0.0,C453125272,201066.7,505657.13,0
65,CASH_OUT,701168.78,C1795901064,701168.78,0.0,C1652576276,841462.58,1542631.35,1
310,CASH_OUT,2081051.56,C455106183,2081051.56,0.0,C314805116,3480217.18,5561268.74,1
306,CASH_OUT,33121.61,C1162727820,16684.0,0.0,C1731342708,0.0,33121.61,0
283,DEBIT,2518.6,C1830939921,0.0,0.0,C422039264,486608.73,489127.33,0
155,PAYMENT,9250.55,C752616160,176.0,0.0,M1569639077,0.0,0.0,0
373,PAYMENT,39451.24,C354736890,6446.17,0.0,M1442248912,0.0,0.0,0
9,PAYMENT,2666.15,C1744604773,236128.12,233461.97,M243831902,0.0,0.0,0
299,CASH_OUT,276162.98,C288052702,34128.0,0.0,C149926751,543414.27,819577.25,0
16,CASH_OUT,175522.88,C1699275755,9916.0,0.0,C538273909,0.0,326957.41,0
182,CASH_OUT,232203.2,C755668239,129527.0,0.0,C1395981245,0.0,232203.2,0
305,CASH_OUT,471518.21,C1515683920,0.0,0.0,C195460070,1041146.7,1512664.92,0
347,PAYMENT,6274.76,C428139871,119767.0,113492.24,M2018262997,0.0,0.0,0
9,CASH_OUT,262504.13,C1440523251,0.0,0.0,C347696158,17005996.43,17268500.56,0
347,PAYMENT,20617.54,C633004327,0.0,0.0,M1046893074,0.0,0.0,0
14,CASH_OUT,63620.02,C1287784624,0.0,0.0,C1548562597,140353.94,0.0,0
230,TRANSFER,1162120.32,C1896198001,174962.0,0.0,C1130229765,1871225.14,3033345.46,0
209,CASH_OUT,372089.7,C1272432215,11466.0,0.0,C1208291434,2018956.7,2391046.4,0
400,CASH_IN,33960.99,C651832314,8532449.62,8566410.61,C1948172682,85389.52,51428.53,0
372,CASH_OUT,231944.87,C1575978325,0.0,0.0,C1521688510,640443.91,872388.78,0
134,CASH_IN,133300.69,C550672267,7590.0,140890.69,C1422151388,409102.61,275801.91,0
37,CASH_IN,69341.41,C1894182494,5932329.31,6001670.72,C26209245,590057.64,520716.23,0
284,PAYMENT,1746.05,C1728753735,0.0,0.0,M1216589148,0.0,0.0,0
306,CASH_OUT,93107.86,C710967072,0.0,0.0,C1924670253,1228369.92,1321477.78,0
331,PAYMENT,5416.6,C1663326214,0.0,0.0,M490688969,0.0,0.0,0
403,CASH_OUT,299746.37,C1312786400,0.0,0.0,C751912079,1431872.18,1731618.55,0
492,PAYMENT,15234.12,C258534728,402.0,0.0,M524035417,0.0,0.0,0
278,PAYMENT,4915.46,C1597597242,23600.14,18684.68,M1866272904,0.0,0.0,0
592,PAYMENT,13468.73,C473759810,20992.0,7523.27,M683549011,0.0,0.0,0
208,CASH_OUT,184479.16,C1518304548,16729.0,0.0,C175762146,220163.69,404642.85,0
236,PAYMENT,14212.97,C205603561,399434.65,385221.68,M539181706,0.0,0.0,0
157,CASH_OUT,308081.74,C1579470413,7147.0,0.0,C1705474473,0.0,308081.74,0
284,PAYMENT,24922.64,C1608844618,31297.91,6375.26,M1490948181,0.0,0.0,0
18,CASH_IN,416911.75,C1624653941,269.0,417180.75,C350806217,169646.46,213461.93,0
135,CASH_IN,27116.04,C56181928,231501.16,258617.2,C1725525019,2158001.55,2130885.51,0
402,CASH_OUT,477051.34,C15022587,0.0,0.0,C848206819,2109361.9,2586413.24,0
402,PAYMENT,32860.51,C2037989537,10785.0,0.0,M496889999,0.0,0.0,0
379,CASH_OUT,712.82,C1685489674,0.0,0.0,C154430742,129081.65,129794.47,0
255,PAYMENT,26762.73,C2099658411,45524.0,18761.27,M47875580,0.0,0.0,0
34,CASH_OUT,321525.25,C723544469,0.0,0.0,C1706891711,1136154.99,1457680.24,0
379,PAYMENT,6413.66,C1074054562,18538.0,12124.34,M1371756611,0.0,0.0,0
372,CASH_IN,122186.91,C1386073975,1003272.72,1125459.63,C800597224,343021.97,220835.06,0
369,PAYMENT,36033.2,C225797641,11581.0,0.0,M2104216736,0.0,0.0,0
44,PAYMENT,4895.47,C990545831,108454.21,103558.73,M1575198093,0.0,0.0,0
162,CASH_OUT,145975.11,C436933698,97262.0,0.0,C1713037662,185007.14,330982.25,0
404,CASH_IN,225889.22,C1708313884,14420.0,240309.22,C692072890,6590393.96,6364504.74,0
310,CASH_OUT,187594.65,C523941566,0.0,0.0,C599726537,2083937.32,2271531.98,0
255,CASH_OUT,28298.35,C2023542121,0.0,0.0,C1189425728,87614.84,115913.19,0
14,CASH_IN,74502.01,C1659440888,99524.0,174026.01,C2076967826,136185.04,1075375.03,0
441,TRANSFER,739856.92,C2140627643,739856.92,0.0,C1356176375,0.0,0.0,1
299,CASH_OUT,340239.79,C1899363389,0.0,0.0,C955597757,2971761.2,3312000.99,0
278,PAYMENT,575.51,C262796089,0.0,0.0,M173850829,0.0,0.0,0
335,TRANSFER,411571.1,C1511635178,0.0,0.0,C519772387,708414.32,1119985.41,0
378,CASH_IN,184082.69,C100841344,2216940.64,2401023.33,C1517513565,1545781.24,1361698.55,0
187,CASH_IN,389899.93,C242084182,1694174.95,2084074.89,C2066115656,393097.6,3197.67,0
345,TRANSFER,153999.45,C1070758259,0.0,0.0,C973968570,1475328.32,1629327.77,0
401,CASH_IN,54882.14,C457499206,2349657.2,2404539.35,C1721776641,1511344.16,1456462.02,0
228,CASH_IN,430221.34,C1195373776,28372.0,458593.34,C725029284,51537.71,0.0,0
697,TRANSFER,620791.47,C1305407743,620791.47,0.0,C910082449,0.0,0.0,1
399,PAYMENT,4377.04,C1617946013,0.0,0.0,M1076120225,0.0,0.0,0
225,CASH_OUT,30368.38,C1919125682,0.0,0.0,C888465654,128234.28,1475700.74,0
162,TRANSFER,542384.0,C490880204,238696.0,0.0,C1572600325,5229020.29,5771404.29,0
12,CASH_OUT,223944.04,C721057908,197.0,0.0,C1421039625,0.0,272745.04,0
323,CASH_IN,88333.02,C1787460167,53955.0,142288.02,C880717561,126493.97,38160.95,0
522,CASH_OUT,261391.14,C317790167,0.0,0.0,C1544367069,2268852.53,2530243.66,0
331,PAYMENT,9316.41,C1858126073,0.0,0.0,M263737780,0.0,0.0,0
10,CASH_IN,96350.77,C2125362688,2314.0,98664.77,C704024200,6009296.88,5979419.29,0
235,CASH_OUT,141722.38,C1359152471,0.0,0.0,C145132451,317580.02,459302.4,0
42,CASH_OUT,56851.4,C1673005926,45276.0,0.0,C801406078,41319.17,98170.57,0
162,CASH_OUT,156970.62,C260543887,282854.64,125884.02,C1309320330,1326603.79,1483574.41,0
280,CASH_OUT,68638.56,C232854306,64980.0,0.0,C967361186,3640185.86,3708824.42,0
687,TRANSFER,1369563.36,C1895274887,1034.0,0.0,C2029491132,922282.59,2291845.95,0
203,TRANSFER,613522.97,C665544309,0.0,0.0,C704020522,2067440.23,2680963.2,0
332,PAYMENT,10116.37,C1720747688,424520.33,414403.95,M246500172,0.0,0.0,0
335,PAYMENT,6410.47,C1826361369,22875.0,16464.53,M967145434,0.0,0.0,0
235,PAYMENT,6767.2,C1869910184,0.0,0.0,M1828062947,0.0,0.0,0
188,PAYMENT,6932.76,C1139694315,11522.0,4589.24,M255198523,0.0,0.0,0
227,CASH_IN,255966.06,C1763219691,2509223.97,2765190.03,C583542646,7677804.23,7421838.16,0
34,PAYMENT,8316.31,C1222394694,0.0,0.0,M1099421516,0.0,0.0,0
415,TRANSFER,191834.14,C80491623,191834.14,0.0,C1674773109,0.0,0.0,1
257,CASH_IN,392367.36,C764603472,4813839.24,5206206.6,C1112727344,1255119.98,862752.62,0
260,CASH_OUT,31948.29,C869903213,49573.0,17624.71,C899699848,222792.88,254741.17,0
165,CASH_OUT,172451.75,C1742228813,0.0,0.0,C1894552851,1047525.58,1219977.33,0
155,PAYMENT,28000.33,C727967272,14622.0,0.0,M654555903,0.0,0.0,0
13,CASH_OUT,320333.21,C1525847144,51459.0,0.0,C1126915246,22962.0,0.0,0
548,CASH_OUT,249778.72,C778374730,48479.0,0.0,C1899622915,444027.53,693806.25,0
190,TRANSFER,3071279.02,C1083311775,0.0,0.0,C314249606,4042287.61,7113566.63,0
525,CASH_IN,4085.12,C267730784,7560891.92,7564977.04,C437843719,56811.24,52726.12,0
191,PAYMENT,7213.23,C492378888,195930.0,188716.77,M598702396,0.0,0.0,0
203,TRANSFER,936632.83,C1682100682,117043.0,0.0,C1050100109,24112.84,960745.67,0
528,PAYMENT,2441.03,C1038629040,23906.0,21464.97,M1224473630,0.0,0.0,0
278,PAYMENT,17732.84,C2025361165,19219.99,1487.16,M1145596502,0.0,0.0,0
300,CASH_OUT,230845.83,C710821725,0.0,0.0,C1802770806,413191.18,644037.01,0
504,TRANSFER,138048.52,C1877863116,138048.52,0.0,C1533281477,0.0,0.0,1
431,CASH_OUT,966389.93,C2016177370,966389.93,0.0,C232228089,0.0,966389.93,1
258,CASH_OUT,382947.62,C1615784735,45052.0,0.0,C158047789,356722.43,739670.05,0
260,TRANSFER,450334.26,C858440579,0.0,0.0,C1572908493,651072.8,1101407.06,0
160,PAYMENT,1086.06,C23418976,0.0,0.0,M107920726,0.0,0.0,0
349,CASH_IN,198973.43,C501154267,7590.0,206563.43,C1459263124,158656.13,0.0,0
474,CASH_OUT,79043.99,C927196160,0.0,0.0,C639737272,1807199.29,1886243.29,0
401,PAYMENT,6390.68,C307090335,57780.23,51389.56,M1645076745,0.0,0.0,0
231,CASH_OUT,84967.07,C1341216652,307617.0,222649.93,C331874032,70685.01,155652.08,0
202,CASH_IN,468429.73,C61085878,80401.0,548830.73,C1686203571,0.0,0.0,0
208,CASH_OUT,102258.8,C370014768,0.0,0.0,C946351689,1099273.18,1201531.98,0
374,PAYMENT,7914.49,C770207082,64277.88,56363.39,M1367714818,0.0,0.0,0
163,PAYMENT,2360.89,C1886259131,16157.0,13796.11,M163340363,0.0,0.0,0
378,TRANSFER,537752.46,C120153157,219346.11,0.0,C1385014527,1032410.06,1570162.53,0
297,CASH_IN,208670.47,C641269206,2534993.38,2743663.86,C192187987,619316.94,410646.47,0
347,PAYMENT,8990.18,C812432485,498379.36,489389.18,M1060772416,0.0,0.0,0
285,PAYMENT,26556.75,C789529808,0.0,0.0,M351354557,0.0,0.0,0
163,PAYMENT,1404.39,C1427716517,0.0,0.0,M2138397315,0.0,0.0,0
305,PAYMENT,2209.46,C985040031,116.0,0.0,M410366839,0.0,0.0,0
186,CASH_OUT,344356.75,C1843334039,16537.0,0.0,C1484299086,92829.14,437185.9,0
408,CASH_IN,120240.44,C601255479,3379845.88,3500086.32,C2071739882,320501.56,200261.11,0
259,CASH_OUT,248071.56,C1968752639,248071.56,0.0,C2133429010,81265.48,329337.03,1
39,TRANSFER,290964.5,C103450156,0.0,0.0,C1073905576,563384.78,846785.82,0
133,CASH_OUT,7000.73,C537173605,2482.0,0.0,C2061333967,564425.21,571425.95,0
132,CASH_IN,11280.24,C1867126370,4041532.39,4052812.63,C362531192,893895.5,882615.27,0
182,CASH_IN,48814.21,C765981986,21196.0,70010.21,C1791569548,1266737.69,1217923.49,0
207,CASH_OUT,23168.81,C1577222732,161.0,0.0,C283015269,1583728.05,1606896.86,0
402,PAYMENT,11931.91,C2121310666,82352.74,70420.83,M1729428326,0.0,0.0,0
139,CASH_IN,94938.28,C1526205478,27801.0,122739.28,C937319181,0.0,0.0,0
157,CASH_OUT,105959.18,C40914512,3534.0,0.0,C420506753,76374.31,182333.48,0
567,CASH_OUT,151700.48,C856087138,19039.0,0.0,C1292574565,66372.86,218073.34,0
378,CASH_OUT,66080.81,C1476820156,30576.0,0.0,C1333121423,5105790.32,5171871.13,0
279,PAYMENT,2745.24,C383122606,4161.0,1415.76,M975980600,0.0,0.0,0
229,PAYMENT,20528.39,C537752953,1726.0,0.0,M101463617,0.0,0.0,0
191,PAYMENT,985.58,C1733246281,85475.0,84489.42,M1753487549,0.0,0.0,0
230,CASH_IN,241202.44,C1000955209,74393.0,315595.44,C1043673366,491814.24,250611.81,0
188,PAYMENT,4180.79,C1028954839,0.0,0.0,M1950824792,0.0,0.0,0
118,CASH_OUT,1812161.42,C1788320123,1812161.42,0.0,C1343134099,0.0,1812161.42,1
134,CASH_OUT,76074.01,C509948223,0.0,0.0,C648140651,19241896.23,19317970.24,0
383,CASH_OUT,78807.12,C58859393,0.0,0.0,C442893937,317949.5,396756.61,0
44,CASH_OUT,95559.77,C1882137563,56452.2,0.0,C1745116678,456189.53,551749.3,0
332,CASH_OUT,73651.28,C1315643778,264.0,0.0,C873119481,1286977.43,1360628.71,0
141,CASH_IN,253140.34,C65376757,28344522.89,28597663.23,C2064370494,672440.21,419299.88,0
16,PAYMENT,13532.47,C505526983,0.0,0.0,M2063754240,0.0,0.0,0
139,CASH_IN,46676.52,C940588003,466159.98,512836.51,C1874503086,476487.02,429810.49,0
304,PAYMENT,14235.0,C125308495,13911.09,0.0,M563476732,0.0,0.0,0
10,CASH_OUT,257943.78,C1984631782,12405.0,0.0,C753926456,5798074.96,6410178.1,0
399,CASH_OUT,13430.79,C758684473,0.0,0.0,C418517384,68818.63,82249.42,0
163,CASH_IN,202416.33,C291234857,12449.0,214865.33,C1242166681,655236.28,452819.95,0
187,TRANSFER,610930.45,C1475509748,171909.75,0.0,C862029807,731739.56,1342670.01,0
259,CASH_IN,6098.86,C809946429,129183.0,135281.86,C1107174784,3729408.09,3723309.23,0
324,CASH_OUT,365340.35,C82332016,0.0,0.0,C912658291,1086970.65,1452311.0,0
281,CASH_OUT,197745.53,C583891818,0.0,0.0,C1834583002,1471913.83,1669659.35,0
132,CASH_OUT,202843.78,C852055822,0.0,0.0,C1516602025,1712656.44,1915500.22,0
305,CASH_OUT,208236.27,C2049183371,30477.0,0.0,C1050358192,1135973.2,1344209.48,0
281,CASH_OUT,7742.65,C388061870,90036.0,82293.35,C588550737,2523.44,10266.1,0
15,CASH_IN,181877.13,C158689388,916923.0,1098800.13,C320919849,2443661.77,2261784.64,0
334,PAYMENT,4321.88,C1298900065,15323.0,11001.12,M602530417,0.0,0.0,0
206,TRANSFER,589235.95,C81596979,114644.0,0.0,C1738678720,0.0,589235.95,0
376,CASH_OUT,312969.2,C439170378,23988.0,0.0,C464855717,0.0,312969.2,0
397,CASH_OUT,163921.93,C310663190,128.0,0.0,C784843768,0.0,163921.93,0
692,PAYMENT,12607.12,C2018110423,0.0,0.0,M248152084,0.0,0.0,0
38,PAYMENT,1768.27,C687176907,171222.93,169454.66,M1235886890,0.0,0.0,0
9,PAYMENT,8024.94,C395434845,48920.0,40895.06,M120877556,0.0,0.0,0
139,PAYMENT,35748.65,C1753331284,18082.0,0.0,M1340798466,0.0,0.0,0
299,PAYMENT,17057.77,C1567748567,0.0,0.0,M324649519,0.0,0.0,0
236,PAYMENT,37667.14,C2125792339,0.0,0.0,M1974080934,0.0,0.0,0
13,PAYMENT,9922.46,C210368416,153057.59,143135.12,M550024227,0.0,0.0,0
316,TRANSFER,607684.02,C603912506,607684.02,0.0,C100427864,0.0,0.0,1
278,TRANSFER,15786062.84,C183631913,0.0,0.0,C24176920,18092836.79,33878899.64,0
306,CASH_OUT,57945.2,C1454663607,0.0,0.0,C2000434908,188876.46,246821.65,0
182,CASH_OUT,167076.83,C1956449346,0.0,0.0,C1073991739,513363.88,680440.71,0
451,PAYMENT,10048.5,C1679015095,25428.0,15379.5,M56084536,0.0,0.0,0
12,PAYMENT,18581.08,C408433187,5089.0,0.0,M1960513823,0.0,0.0,0
10,PAYMENT,7962.92,C728315816,11237.0,3274.08,M907953774,0.0,0.0,0
330,CASH_IN,300293.13,C1230361456,1851394.24,2151687.38,C1774903427,393722.52,93429.39,0
275,CASH_OUT,321187.67,C705878533,56.0,0.0,C2021207779,0.0,321187.67,0
261,CASH_IN,6745.88,C2009118154,908602.34,915348.22,C1000094209,12682.09,5936.2,0
378,CASH_IN,64848.2,C840460038,34531.0,99379.2,C2049673134,1856911.99,1792063.8,0
238,CASH_IN,159387.55,C157387662,9758612.55,9918000.1,C161542197,772571.13,613183.57,0
227,CASH_OUT,292687.46,C542767746,5634.0,0.0,C1216664781,0.0,292687.46,0
232,PAYMENT,8328.91,C797628084,19920.0,11591.09,M168023066,0.0,0.0,0
351,CASH_OUT,216455.9,C2114816114,206533.0,0.0,C93009854,636169.0,852624.9,0
17,CASH_OUT,20590.86,C937494091,0.0,0.0,C2017118277,10908706.04,10929296.9,0
256,PAYMENT,6147.42,C1577956286,253978.38,247830.96,M2032679358,0.0,0.0,0
132,CASH_OUT,19225.1,C858663728,461887.94,442662.84,C388239152,4048164.31,4067389.41,0
282,CASH_OUT,130846.58,C1866203888,0.0,0.0,C1666743773,1082226.8,1213073.38,0
276,CASH_OUT,4035.1,C190083850,158000.0,153964.9,C1292186945,977156.4,981191.5,0
253,PAYMENT,20510.65,C314314495,0.0,0.0,M1053762894,0.0,0.0,0
204,CASH_IN,270835.59,C1824648968,20866.0,291701.59,C2032576253,11919.83,0.0,0
374,PAYMENT,3369.94,C1444031382,1183.0,0.0,M136113478,0.0,0.0,0
353,PAYMENT,17576.9,C377079508,967.0,0.0,M376400696,0.0,0.0,0
202,PAYMENT,451.25,C1713667080,207802.0,207350.75,M1605098648,0.0,0.0,0
397,PAYMENT,11482.95,C185614491,0.0,0.0,M812228521,0.0,0.0,0
351,CASH_OUT,61662.65,C1053177576,0.0,0.0,C1741027736,11936671.33,11998333.98,0
95,PAYMENT,24894.69,C252386049,0.0,0.0,M1158489180,0.0,0.0,0
38,CASH_OUT,327787.69,C1544081317,0.0,0.0,C24540248,1388960.67,1716748.37,0
234,CASH_IN,304625.73,C435984591,4266239.85,4570865.58,C1102638023,873207.55,568581.82,0
182,PAYMENT,30476.16,C1511452575,67915.33,37439.17,M971825397,0.0,0.0,0
548,TRANSFER,604288.13,C2034462504,70955.58,0.0,C1891066719,1493260.32,2097548.45,0
181,TRANSFER,822603.94,C873789829,0.0,0.0,C1696583417,3217840.22,4040444.16,0
203,PAYMENT,12115.09,C733089922,147738.38,135623.29,M734804711,0.0,0.0,0
321,CASH_OUT,310795.95,C979993205,59636.0,0.0,C1157821851,0.0,310795.95,0
525,PAYMENT,16434.99,C311763427,3827.0,0.0,M1688504798,0.0,0.0,0
307,CASH_OUT,313393.42,C1193422753,4986.0,0.0,C2046977167,951168.12,1264561.53,0
380,CASH_IN,19307.18,C1357329675,1399055.39,1418362.57,C85060710,413001.89,393694.71,0
333,CASH_IN,329097.62,C224712609,99181.0,428278.62,C1018018800,0.0,0.0,0
20,CASH_IN,77953.5,C208469703,2796750.34,2874703.84,C358227421,849823.89,955300.07,0
253,CASH_OUT,292408.77,C1135335788,1342.0,0.0,C1801833380,350958.3,643367.07,0
179,TRANSFER,929987.66,C700357947,27791.98,0.0,C558053562,1110785.15,2040772.82,0
328,PAYMENT,12813.22,C1630660433,0.0,0.0,M708582484,0.0,0.0,0
278,PAYMENT,15516.6,C660810091,368.0,0.0,M459010699,0.0,0.0,0
352,CASH_IN,256968.46,C1045125166,1082791.55,1339760.01,C1111443229,523824.65,266856.19,0
227,CASH_OUT,192601.86,C2125214511,19958.0,0.0,C416604201,0.0,192601.86,0
298,PAYMENT,2656.22,C235794761,0.0,0.0,M198975643,0.0,0.0,0
308,CASH_OUT,75778.64,C1912195078,0.0,0.0,C1148059571,383655.51,459434.15,0
274,CASH_IN,50798.13,C827415617,21213.0,72011.13,C1892096873,647695.61,596897.48,0
33,CASH_OUT,179350.37,C763463853,0.0,0.0,C367897288,1085619.23,1322437.2,0
159,PAYMENT,533.3,C851285298,26552.0,26018.7,M1522351982,0.0,0.0,0
44,CASH_IN,191477.82,C1261163970,921239.84,1112717.66,C253497872,238696.2,0.0,0
212,CASH_OUT,17392.14,C1736778873,127614.0,110221.86,C260591517,0.0,17392.14,0
15,CASH_OUT,75636.4,C563758586,0.0,0.0,C1329688547,488694.85,564331.25,0
155,CASH_OUT,288855.09,C1510555431,43689.0,0.0,C718416302,0.0,288855.09,0
15,CASH_OUT,111002.49,C1382283317,0.0,0.0,C1348502440,1400384.41,1511386.9,0
39,PAYMENT,2971.6,C1471640654,68120.0,65148.4,M112743034,0.0,0.0,0
305,CASH_OUT,414744.27,C229229863,0.0,0.0,C528766980,2501265.48,2916009.75,0
45,PAYMENT,12210.94,C1555827450,227.0,0.0,M1254626085,0.0,0.0,0
129,TRANSFER,1752965.99,C510458705,11300.46,0.0,C1834562806,2375332.12,4128298.12,0
400,TRANSFER,3832764.37,C1147301160,0.0,0.0,C491963111,15743504.81,19576269.17,0
43,PAYMENT,11035.96,C1430653534,15177.0,4141.04,M1135395219,0.0,0.0,0
135,CASH_OUT,257651.69,C579826205,124057.0,0.0,C789744466,222402.84,480054.53,0
350,TRANSFER,55881.18,C1701299326,0.0,0.0,C222204328,1431598.15,1487479.33,0
212,CASH_OUT,50450.53,C949667591,140287.03,89836.5,C372683290,66039.52,116490.05,0
234,CASH_OUT,116211.05,C1320620301,704746.0,588534.95,C1189818621,0.0,116211.05,0
355,PAYMENT,9359.86,C1084227206,0.0,0.0,M682508813,0.0,0.0,0
14,CASH_OUT,12409.06,C1177713664,0.0,0.0,C446417967,514657.0,625262.85,0
594,PAYMENT,8833.32,C1229622878,259828.09,250994.77,M371541774,0.0,0.0,0
140,CASH_OUT,226764.09,C403810686,50423.0,0.0,C726150048,177849.84,404613.93,0
203,PAYMENT,1982.82,C787869165,217047.13,215064.31,M382325351,0.0,0.0,0
139,CASH_OUT,157349.79,C756349923,0.0,0.0,C1753164174,1220394.78,1377744.58,0
354,CASH_OUT,164956.26,C1150531495,9001.0,0.0,C1066974338,955232.57,1120188.83,0
131,CASH_OUT,593530.74,C163715792,0.0,0.0,C1610100749,1122661.19,1716191.93,0
209,CASH_IN,18431.81,C1776428967,21771492.69,21789924.49,C2062998230,132007.79,113575.98,0
17,PAYMENT,4562.91,C1371102097,199879.73,195316.82,M1138531366,0.0,0.0,0
369,PAYMENT,12107.28,C325557390,207815.44,195708.16,M958279837,0.0,0.0,0
580,CASH_OUT,835770.84,C928957738,835770.84,0.0,C1615749242,1490979.17,2326750.01,1
330,CASH_IN,348778.87,C831753264,4786847.39,5135626.25,C655663450,967622.33,618843.46,0
378,CASH_OUT,230852.26,C26068379,39680.0,0.0,C793793505,89966.84,320819.1,0
203,PAYMENT,6597.97,C2061987075,0.0,0.0,M1179592383,0.0,0.0,0
48,PAYMENT,30498.66,C1323704476,0.0,0.0,M1060016197,0.0,0.0,0
335,PAYMENT,10109.93,C909078742,41294.0,31184.07,M1363159865,0.0,0.0,0
21,TRANSFER,725468.33,C1227821149,0.0,0.0,C1044173939,1231333.53,1956801.87,0
12,CASH_OUT,256275.8,C1035867479,270406.25,14130.45,C1792617690,13756.0,0.0,0
12,CASH_IN,411950.32,C1977084534,2891865.68,3303816.01,C2068772757,11840761.66,11577247.9,0
158,PAYMENT,11351.58,C678213198,0.0,0.0,M1865706943,0.0,0.0,0
350,TRANSFER,5963850.34,C1131453044,5963850.34,0.0,C191560026,0.0,0.0,1
351,CASH_IN,175451.43,C761260502,6139790.54,6315241.98,C629694228,914774.17,739322.73,0
21,DEBIT,1938.58,C38852192,0.0,0.0,C589737394,437908.58,439847.15,0
284,CASH_IN,89161.28,C928745678,222.0,89383.28,C1261639185,47268.0,0.0,0
233,CASH_IN,179972.42,C1561264556,10420469.6,10600442.02,C1010648355,1776725.29,1596752.86,0
173,TRANSFER,8594499.99,C377226285,8594499.99,0.0,C497430875,0.0,0.0,1
401,PAYMENT,9039.6,C1606297045,101031.0,91991.4,M1260248862,0.0,0.0,0
380,CASH_OUT,121435.27,C802442225,64797.0,0.0,C242003610,174213.09,295648.35,0
162,CASH_IN,74123.85,C369894917,8302029.86,8376153.71,C574224478,346483.15,272359.3,0
227,TRANSFER,1224752.13,C1676882142,0.0,0.0,C1847654337,1618083.28,2842835.4,0
167,CASH_IN,70967.51,C861884275,4346320.05,4417287.56,C1718385633,128161.5,57193.98,0
139,DEBIT,3420.13,C372504648,103499.0,100078.87,C1616125488,112889.36,116309.49,0
383,PAYMENT,10538.17,C1695245495,389.0,0.0,M1135736886,0.0,0.0,0
45,CASH_IN,68290.8,C997989134,2729287.32,2797578.12,C1482528531,2233697.53,2165406.74,0
34,CASH_OUT,142703.31,C1308243867,0.0,0.0,C1197482041,6245631.7,6388335.01,0
500,CASH_IN,107054.22,C1082053225,4680166.14,4787220.36,C1753285184,11653760.58,11546706.36,0
232,CASH_IN,381896.07,C1153208634,169.0,382065.07,C2145903967,0.0,0.0,0
279,CASH_OUT,0.0,C539112012,0.0,0.0,C1106468520,538547.63,538547.63,1
159,PAYMENT,13488.07,C654312254,354.0,0.0,M1777158296,0.0,0.0,0
162,CASH_OUT,72463.32,C474635293,0.0,0.0,C152926928,321020.85,393484.16,0
35,PAYMENT,12561.0,C1456133438,0.0,0.0,M1088801820,0.0,0.0,0
213,PAYMENT,32809.55,C1617991452,0.0,0.0,M1956124388,0.0,0.0,0
299,PAYMENT,55344.61,C1248690998,30427.0,0.0,M583272782,0.0,0.0,0
178,CASH_OUT,102660.35,C69058368,102660.35,0.0,C1921981173,0.0,102660.35,1
16,CASH_IN,19319.55,C1441165367,2508260.18,2527579.73,C423350771,3428283.92,3322941.79,0
138,CASH_OUT,144686.72,C1484405284,0.0,0.0,C1703774340,1062180.47,1127871.56,0
44,PAYMENT,1200.6,C1849639965,173.0,0.0,M1229063768,0.0,0.0,0
286,PAYMENT,17254.59,C348387658,122833.0,105578.41,M810478180,0.0,0.0,0
130,CASH_OUT,341832.2,C789427914,117220.0,0.0,C994177976,0.0,341832.2,0
153,PAYMENT,14558.17,C1986071820,56040.0,41481.83,M2146164288,0.0,0.0,0
298,CASH_IN,32769.74,C690703742,9587179.39,9619949.13,C382709909,540920.43,508150.69,0
298,CASH_OUT,166565.49,C299819890,0.0,0.0,C1038898401,6552722.36,6719287.86,0
258,CASH_OUT,107620.42,C840806545,21932.0,0.0,C2138142210,721244.83,828865.25,0
351,PAYMENT,18497.1,C1379034271,0.0,0.0,M474960776,0.0,0.0,0
227,CASH_OUT,197723.16,C1209565403,44985.0,0.0,C1752152698,414176.31,611899.47,0
329,TRANSFER,537839.62,C1762661804,592985.12,55145.5,C308974324,1146998.95,1684838.57,0
304,TRANSFER,10000000.0,C1370784131,10038.0,0.0,C971247917,37965.94,24897942.95,0
284,PAYMENT,3092.3,C1475108771,0.0,0.0,M2008436732,0.0,0.0,0
373,PAYMENT,5160.14,C2010945476,50011.0,44850.86,M233806287,0.0,0.0,0
304,PAYMENT,9957.62,C635845718,0.0,0.0,M1852863677,0.0,0.0,0
402,CASH_IN,226751.99,C1265193520,9328436.18,9555188.17,C1164184209,3622024.01,3395272.01,0
330,CASH_IN,344156.85,C1522559808,35704.0,379860.85,C1358060189,194406.91,0.0,0
299,CASH_IN,186547.43,C1712844368,1037.0,187584.43,C1690102981,514816.77,328269.35,0
327,PAYMENT,11470.86,C2024824121,525.0,0.0,M2022878429,0.0,0.0,0
228,CASH_OUT,273567.32,C1198668461,141580.85,0.0,C2091799381,4636471.81,4910039.14,0
96,PAYMENT,216.71,C1205805613,20373.0,20156.29,M639631983,0.0,0.0,0
330,CASH_OUT,136499.67,C896980602,0.0,0.0,C441924841,1158350.71,1294850.37,0
189,CASH_OUT,373086.69,C2087623186,0.0,0.0,C1033724487,375819.58,748906.27,0
178,CASH_IN,119467.87,C1847686349,8746722.05,8866189.92,C524541756,1746268.62,1626800.75,0
13,PAYMENT,14842.11,C1221521536,0.0,0.0,M297803876,0.0,0.0,0
185,CASH_IN,262821.08,C1585774235,7461156.0,7723977.08,C137441555,2611628.67,2348807.59,0
345,PAYMENT,6036.35,C72080562,19447.0,13410.65,M730777396,0.0,0.0,0
179,CASH_IN,280628.69,C1133959618,1365088.62,1645717.31,C1835573636,797009.06,516380.38,0
181,TRANSFER,93175.13,C2108653970,0.0,0.0,C236273512,903518.56,996693.69,0
326,CASH_OUT,244134.5,C1885594053,0.0,0.0,C39954940,621960.88,866095.37,0
259,CASH_OUT,89904.2,C1120423385,2741.0,0.0,C1435796766,791131.48,881035.68,0
47,CASH_IN,19101.27,C204531704,2680302.04,2699403.31,C1188993827,247751.69,228650.42,0
182,CASH_OUT,67756.07,C121264260,0.0,0.0,C201971527,905771.83,973527.9,0
325,CASH_IN,25168.64,C1027094736,5712086.85,5737255.49,C1742604553,479054.61,453885.96,0
187,CASH_IN,223709.59,C626727830,6518637.09,6742346.69,C1167472678,574209.41,350499.82,0
331,TRANSFER,1205453.52,C1265219152,10059.0,0.0,C1550115377,4969012.88,6190075.59,0
183,CASH_OUT,233684.95,C118906401,203843.0,0.0,C2110212399,0.0,233684.95,0
187,CASH_OUT,88095.63,C1700464635,39143.0,0.0,C152808052,262322.52,350418.16,0
129,TRANSFER,4921.76,C643221611,0.0,0.0,C468964885,1208860.7,1213782.47,0
181,CASH_IN,219538.07,C344992890,1387435.27,1606973.35,C2043367874,300697.55,81159.47,0
253,CASH_OUT,147352.46,C1315511825,0.0,0.0,C1884661184,820855.34,968207.8,0
15,PAYMENT,5431.99,C1300132492,0.0,0.0,M273838323,0.0,0.0,0
400,PAYMENT,15333.81,C1713823469,401679.44,386345.63,M244874764,0.0,0.0,0
9,PAYMENT,13910.72,C2048649855,0.0,0.0,M1420979214,0.0,0.0,0
34,PAYMENT,18452.3,C1454266446,0.0,0.0,M935652589,0.0,0.0,0
214,PAYMENT,14139.33,C920363687,101842.19,87702.86,M1754881837,0.0,0.0,0
276,CASH_IN,74620.39,C1164573491,55253.29,129873.68,C1896906161,594957.61,520337.23,0
162,PAYMENT,41709.7,C875686776,95197.0,53487.3,M1799058663,0.0,0.0,0
10,CASH_IN,464294.02,C1324359478,50801.0,515095.02,C735889364,164088.33,0.0,0
403,TRANSFER,321471.61,C1497958495,30180.0,0.0,C1363134341,0.0,321471.61,0
17,CASH_IN,151072.74,C559935424,660.0,151732.74,C2145252711,49088.0,160430.77,0
235,CASH_OUT,59356.99,C1605514949,31837.0,0.0,C530576642,115041.29,174398.27,0
375,CASH_OUT,214504.97,C2003419121,61984.0,0.0,C363371931,2503.76,217008.73,0
43,CASH_OUT,99541.41,C566430281,51479.0,0.0,C2140227809,0.0,99541.41,0
167,CASH_OUT,268729.65,C1503655296,0.0,0.0,C1837896675,538252.92,806982.56,0
15,CASH_IN,16103.92,C313927965,9632079.83,9648183.75,C29244959,2015733.77,1999629.85,0
348,TRANSFER,1089401.95,C360433680,19464.0,0.0,C1998679627,1936056.27,3025458.22,0
133,CASH_IN,91588.58,C899024403,10975.0,102563.58,C1187874023,0.0,0.0,0
379,PAYMENT,10427.59,C926704197,284294.09,273866.5,M597235573,0.0,0.0,0
280,CASH_IN,59070.45,C1656213388,3580426.21,3639496.66,C1224144401,148264.17,89193.72,0
165,PAYMENT,4737.87,C2147232193,284527.14,279789.27,M1528399635,0.0,0.0,0
394,CASH_OUT,234821.56,C2048495866,0.0,0.0,C387616595,1383878.61,1618700.17,0
382,CASH_IN,50574.15,C19660687,14078.0,64652.15,C1971700992,117329.43,66755.28,0
13,TRANSFER,394289.09,C1034681265,0.0,0.0,C1313685064,501935.24,896224.33,0
352,PAYMENT,11414.83,C1285924556,0.0,0.0,M1307757585,0.0,0.0,0
227,PAYMENT,7778.57,C1091675559,130162.0,122383.43,M2063255444,0.0,0.0,0
13,CASH_OUT,204608.72,C1385344058,0.0,0.0,C818321094,12265373.63,12976866.87,0
308,TRANSFER,1187141.07,C933485269,0.0,0.0,C1666670762,3476957.8,4664098.87,0
274,CASH_OUT,92499.86,C1615829214,24942.0,0.0,C437017046,1256628.42,1349128.28,0
303,CASH_OUT,199926.01,C172273497,37333.36,0.0,C756882222,2738443.61,2938369.62,0
235,CASH_OUT,208011.2,C1894300783,0.0,0.0,C1501171231,2115514.19,2323525.38,0
573,CASH_OUT,29971.31,C291731207,67974.0,38002.69,C688519743,412454.51,442425.82,0
133,PAYMENT,23819.19,C791997683,0.0,0.0,M675302166,0.0,0.0,0
379,PAYMENT,22585.85,C1829626618,0.0,0.0,M115474619,0.0,0.0,0
19,TRANSFER,981701.39,C1199317597,115314.0,0.0,C795372753,0.0,1095393.81,0
185,CASH_OUT,369856.83,C88711758,260840.0,0.0,C569666514,0.0,98871.73,0
306,CASH_OUT,78379.09,C1730724147,25734.0,0.0,C1982505161,210181.31,288560.4,0
138,CASH_IN,226501.2,C282216058,931048.24,1157549.45,C1601895847,941141.56,714640.35,0
227,PAYMENT,35943.18,C1328202709,180133.3,144190.12,M1530813432,0.0,0.0,0
230,CASH_OUT,80849.26,C1497789774,0.0,0.0,C1134134070,10907503.89,10988353.15,0
237,PAYMENT,30970.72,C1119455434,0.0,0.0,M1628200060,0.0,0.0,0
307,CASH_OUT,165600.24,C411786844,0.0,0.0,C690302339,2424763.77,2590364.0,0
349,PAYMENT,731.43,C1663289479,179593.09,178861.65,M434050789,0.0,0.0,0
139,CASH_OUT,71765.82,C466316473,0.0,0.0,C415699959,2147778.33,2219544.15,0
331,PAYMENT,2844.72,C803874909,16110.0,13265.28,M770557328,0.0,0.0,0
158,CASH_IN,402558.36,C759015773,240.0,402798.36,C762277956,3173723.94,2771165.58,0
377,CASH_IN,134243.86,C667810632,543636.63,677880.49,C1208957573,3031154.6,2896910.74,0
688,CASH_IN,13854.27,C96355733,2224191.42,2238045.69,C1431439377,1961651.72,1947797.45,0
321,CASH_IN,237809.3,C2050430991,1900586.66,2138395.96,C2012864987,2669577.0,2431767.7,0
263,PAYMENT,2533.76,C1862862646,353303.0,350769.24,M260340848,0.0,0.0,0
376,CASH_IN,100524.5,C1797941260,759250.12,859774.61,C1954391152,3676880.96,3576356.47,0
260,CASH_IN,137108.88,C251503588,246582.0,383690.88,C1336741188,0.0,0.0,0
259,CASH_OUT,140318.01,C428114482,5866.0,0.0,C1612391836,499899.46,640217.47,0
306,CASH_OUT,47237.26,C1815967264,0.0,0.0,C708340995,978675.97,1025913.23,0
187,CASH_OUT,91349.36,C1019588264,0.0,0.0,C2044295663,1197717.15,1289066.51,0
228,CASH_OUT,140125.05,C1180541387,0.0,0.0,C1848077394,984801.19,1124926.25,0
16,CASH_OUT,160449.05,C1679058751,21053.0,0.0,C1382034610,2272102.7,2432551.75,0
324,PAYMENT,31250.09,C860087741,27183.0,0.0,M1383267796,0.0,0.0,0
299,CASH_OUT,21829.7,C477636828,0.0,0.0,C13575437,1236091.65,1711703.56,0
356,CASH_IN,257411.84,C334739772,3639399.09,3896810.93,C111786931,1371133.6,1113721.76,0
204,CASH_OUT,7215.9,C1638874555,0.0,0.0,C1914859592,1846808.84,1960110.98,0
335,PAYMENT,14260.45,C1444088498,60141.0,45880.55,M1924591973,0.0,0.0,0
226,CASH_IN,64672.58,C1710188514,12716.0,77388.58,C349382343,244967.72,180295.15,0
636,CASH_OUT,222517.07,C131696791,222517.07,0.0,C1282495156,130580.85,353097.93,1
261,TRANSFER,539101.26,C1436598423,0.0,0.0,C1877930541,1537486.8,2076588.06,0
178,PAYMENT,11292.14,C902314183,277501.2,266209.06,M640033901,0.0,0.0,0
133,CASH_OUT,380781.39,C2058181180,1454.0,0.0,C537528924,541764.35,922545.74,0
397,CASH_OUT,62552.25,C1182148751,9874.0,0.0,C744992492,1484401.97,1012883.74,0
130,PAYMENT,3012.96,C189212236,0.0,0.0,M2042793850,0.0,0.0,0
325,CASH_OUT,228798.33,C340114756,339094.0,110295.67,C1025069850,144587.16,373385.49,0
165,PAYMENT,12877.96,C1562761133,50642.0,37764.04,M800984884,0.0,0.0,0
182,PAYMENT,7912.62,C1651637637,84227.25,76314.64,M813078423,0.0,0.0,0
397,CASH_OUT,37890.0,C574389664,137139.0,99249.0,C2085544050,2052766.7,2090656.7,0
141,PAYMENT,10283.39,C781540685,0.0,0.0,M121602323,0.0,0.0,0
249,CASH_OUT,99268.24,C236267666,0.0,0.0,C1809397811,396817.06,496085.3,0
205,TRANSFER,147653.48,C746515170,118972.0,0.0,C1267689335,2289233.86,2436887.34,0
396,CASH_OUT,248031.87,C1682690932,60453.0,0.0,C766259336,135175.2,383207.08,0
396,CASH_OUT,127323.93,C1940240939,68601.1,0.0,C525029700,211760.77,339084.7,0
370,CASH_IN,334472.78,C149618684,291943.31,626416.09,C995153334,4398385.5,4063912.72,0
139,CASH_IN,135470.53,C161225324,27540120.6,27675591.13,C1955017901,170285.67,34815.14,0
352,TRANSFER,865333.03,C754741034,0.0,0.0,C2099339743,9158792.64,10024125.66,0
204,CASH_OUT,116845.29,C1236701341,4542.0,0.0,C115083339,0.0,116845.29,0
407,PAYMENT,2171.42,C1967971846,0.0,0.0,M45975785,0.0,0.0,0
250,CASH_OUT,177041.21,C837447779,0.0,0.0,C512184860,1356544.89,1533586.1,0
227,CASH_OUT,258770.84,C1866352553,37121.0,0.0,C943454546,0.0,258770.84,0
132,CASH_OUT,266186.12,C439849202,411635.14,145449.02,C424825089,1983670.8,2249856.92,0
428,CASH_OUT,94928.63,C1184173054,600.0,0.0,C1161015127,578442.55,673371.19,0
279,CASH_OUT,56550.13,C377414014,5215.0,0.0,C218986640,1228158.69,1284708.82,0
133,CASH_OUT,16407.49,C688070057,0.0,0.0,C2087174411,1644189.93,1660597.42,0
183,PAYMENT,13175.57,C333153572,0.0,0.0,M686517270,0.0,0.0,0
158,CASH_IN,285682.93,C1535439198,5923920.14,6209603.08,C340813756,512345.86,226662.92,0
375,PAYMENT,49155.56,C1680607197,0.0,0.0,M2125157507,0.0,0.0,0
262,PAYMENT,4956.72,C1986768235,73298.0,68341.28,M504351656,0.0,0.0,0
229,PAYMENT,37626.15,C759895494,0.0,0.0,M1273109334,0.0,0.0,0
211,TRANSFER,152867.45,C448451830,0.0,0.0,C794955486,164827.74,317695.19,0
139,CASH_OUT,212969.37,C182750162,0.0,0.0,C1558273762,851185.11,1064154.48,0
279,TRANSFER,436763.29,C325022418,0.0,0.0,C307838402,1655144.23,2091907.51,0
205,CASH_IN,134101.36,C2088293129,2951681.41,3085782.78,C1612243057,493321.59,359220.22,0
255,CASH_IN,86671.02,C641101329,58799.0,145470.02,C1914241482,821555.8,734884.78,0
203,CASH_OUT,132225.92,C1945424930,14218.0,0.0,C676878241,83957.05,592320.7,0
17,CASH_OUT,57394.9,C1112684744,0.0,0.0,C1986380677,86658.36,144053.26,0
135,TRANSFER,1174833.92,C1274026826,49761.0,0.0,C657312979,6328960.68,7503794.61,0
180,CASH_OUT,20209.03,C1593792768,30892.59,10683.57,C38218788,323421.52,343630.54,0
41,CASH_OUT,132263.64,C1923219355,31560.0,0.0,C1109905659,154057.79,286321.42,0
44,PAYMENT,4052.76,C1144862345,0.0,0.0,M1118210437,0.0,0.0,0
332,PAYMENT,10352.1,C701839726,12165.0,1812.9,M292270281,0.0,0.0,0
41,CASH_OUT,104080.44,C1956310655,35222.0,0.0,C1217786166,820711.51,924791.95,0
43,CASH_IN,820680.17,C317307704,6846069.46,7666749.63,C1184848967,902079.41,81399.24,0
19,CASH_OUT,50487.98,C2023727330,2401.0,0.0,C1711266298,5420599.81,6535352.34,0
234,CASH_OUT,172419.6,C694378074,5955.95,0.0,C1473426058,3046137.23,3218556.82,0
563,CASH_OUT,83560.02,C1100876961,55764.0,0.0,C1699699492,1185822.92,1269382.94,0
249,CASH_IN,17008.21,C687653410,2478460.38,2495468.59,C1629731105,119394.56,102386.34,0
136,CASH_OUT,162487.04,C1911223806,0.0,0.0,C679990921,1154735.93,1317222.97,0
19,PAYMENT,4091.97,C310264407,0.0,0.0,M771551826,0.0,0.0,0
297,CASH_OUT,39987.86,C1718512388,0.0,0.0,C1187059131,998649.65,1038637.51,0
7,CASH_IN,101105.85,C2014038275,7840441.63,7941547.47,C271588719,187377.09,0.0,0
328,TRANSFER,10000000.0,C976144872,40188.0,0.0,C510794643,0.0,10587840.7,0
38,PAYMENT,14532.23,C1630788484,0.0,0.0,M2043864382,0.0,0.0,0
160,TRANSFER,7670038.08,C1744142327,7670038.08,0.0,C197131659,0.0,0.0,1
163,PAYMENT,8475.94,C774148516,0.0,0.0,M939956198,0.0,0.0,0
376,PAYMENT,11320.15,C987662265,208178.73,196858.57,M1899371141,0.0,0.0,0
306,CASH_OUT,200447.01,C1657692916,52813.0,0.0,C1583469525,841497.0,1041944.01,0
349,PAYMENT,2077.38,C644663933,0.0,0.0,M831857250,0.0,0.0,0
404,PAYMENT,1928.07,C1480478274,11566.0,9637.93,M1137638555,0.0,0.0,0
353,CASH_IN,189314.96,C582788740,10606.0,199920.96,C1048886621,3233701.94,3044386.98,0
360,CASH_OUT,758848.47,C444540827,758848.47,0.0,C844469689,9507465.84,10266314.31,1
186,TRANSFER,1073429.19,C1791455792,0.0,0.0,C1082991036,3399628.19,4473057.39,0
692,CASH_OUT,17129.14,C1220403200,65258.0,48128.86,C1916281084,0.0,17129.14,0
326,CASH_IN,158282.44,C163551957,4959186.83,5117469.27,C1394129238,635228.28,476945.84,0
594,PAYMENT,3445.88,C2055914439,351551.15,348105.28,M810160344,0.0,0.0,0
304,CASH_IN,297675.54,C89655283,13329.0,311004.54,C769569817,172938.69,0.0,0
14,PAYMENT,519.17,C1560077081,64189.0,63669.83,M571998217,0.0,0.0,0
9,TRANSFER,61331.03,C818027393,10296.0,0.0,C1215550051,38849.0,100180.03,0
370,CASH_OUT,100024.57,C1886028083,0.0,0.0,C448246541,871495.13,971519.7,0
274,PAYMENT,10165.7,C6805447,6041.0,0.0,M671624506,0.0,0.0,0
15,CASH_OUT,420830.55,C900894662,0.0,0.0,C1260170750,467250.25,888080.8,0
308,PAYMENT,4620.99,C426265425,387717.82,383096.82,M893052007,0.0,0.0,0
299,CASH_OUT,372965.13,C362024644,0.0,0.0,C1642502888,820734.34,1193699.47,0
43,CASH_IN,285669.35,C1136843008,6933224.14,7218893.48,C1477684533,402746.85,117077.5,0
235,CASH_IN,25693.87,C1906936318,49218.37,74912.24,C853831204,1852474.43,1826780.57,0
451,CASH_OUT,47832.2,C1374693668,0.0,0.0,C238286770,876057.14,923889.34,0
321,CASH_OUT,43217.13,C410647296,0.0,0.0,C509878209,989565.51,1032782.64,0
355,PAYMENT,10223.18,C73775703,442161.49,431938.31,M800561177,0.0,0.0,0
429,CASH_OUT,260448.2,C1926725713,0.0,0.0,C1810191658,1257814.86,1518263.06,0
262,PAYMENT,1340.84,C238161228,0.0,0.0,M765418212,0.0,0.0,0
324,PAYMENT,38323.13,C379143423,10224.0,0.0,M1120063764,0.0,0.0,0
280,PAYMENT,2257.6,C1105923663,17585.0,15327.4,M291850160,0.0,0.0,0
331,TRANSFER,1218902.76,C1795766813,0.0,0.0,C1103638614,6950996.67,8169899.43,0
132,CASH_IN,173552.28,C1824741900,7217448.05,7391000.32,C1170343427,175984.55,2432.27,0
260,CASH_OUT,90952.65,C979012929,50508.0,0.0,C1212500724,209752.18,300704.83,0
181,PAYMENT,4428.55,C1257880713,0.0,0.0,M79124860,0.0,0.0,0
323,CASH_IN,38811.5,C765958813,10672598.2,10711409.7,C578839281,424315.03,385503.54,0
254,TRANSFER,794772.97,C569075713,211215.61,0.0,C85102332,4543797.56,5338570.53,0
274,CASH_OUT,201966.15,C1266333637,193529.33,0.0,C930400485,768887.12,970853.27,0
324,CASH_IN,13538.34,C2035537377,7021625.59,7035163.93,C1158169601,1350219.72,1336681.38,0
44,TRANSFER,538015.41,C578980819,0.0,0.0,C249129077,1320049.07,1861460.7,0
640,CASH_IN,1740.53,C243911458,22985.0,24725.53,C617790431,482093.43,480352.91,0
204,CASH_OUT,13713.72,C1683459087,0.0,0.0,C44093844,70250.36,83964.08,0
154,PAYMENT,32795.08,C1122785824,70152.41,37357.33,M256975022,0.0,0.0,0
164,CASH_OUT,203182.16,C90252334,0.0,0.0,C1391592856,5712631.57,5915813.73,0
284,TRANSFER,295205.18,C1090923914,0.0,0.0,C1262174641,2307800.55,2603005.72,0
187,CASH_OUT,125653.42,C203041447,11076.0,0.0,C605599127,3188534.47,3314187.89,0
306,PAYMENT,5600.4,C1853402043,0.0,0.0,M1756701286,0.0,0.0,0
234,CASH_IN,11240.22,C2131517456,14052570.2,14063810.42,C1572183927,15499587.1,15488346.88,0
684,CASH_IN,371116.04,C529129341,443.0,371559.04,C1867606571,62083.44,0.0,0
348,TRANSFER,1513953.91,C98517149,10933.0,0.0,C1077450557,839664.19,2353618.1,0
306,PAYMENT,7086.19,C1824455156,4576.0,0.0,M8113486,0.0,0.0,0
256,CASH_IN,275714.03,C652332967,3177567.77,3453281.8,C1771405396,329717.32,54003.29,0
205,CASH_OUT,160062.54,C1039293813,20820.0,0.0,C1687182693,1163663.68,1323726.22,0
140,CASH_OUT,157145.76,C304841344,0.0,0.0,C1171000174,405722.08,562867.84,0
305,CASH_OUT,156144.98,C1162543620,40108.0,0.0,C1285919218,0.0,156144.98,0
14,CASH_IN,469786.85,C970929039,2397.0,472183.85,C448759580,34898.31,0.0,0
133,CASH_IN,196284.2,C1285649200,828122.07,1024406.28,C1380634415,931981.79,570384.2,0
349,CASH_IN,94798.17,C1879340033,8774136.4,8868934.57,C1176811988,70435789.69,70340991.52,0
321,CASH_OUT,323788.48,C1595395435,0.0,0.0,C1517380884,7063087.49,7386875.97,0
9,PAYMENT,3086.5,C1600464124,63076.0,59989.5,M2092888263,0.0,0.0,0
137,CASH_OUT,99238.43,C323366602,8868.0,0.0,C1162924674,0.0,99238.43,0
193,CASH_OUT,113273.1,C1323930150,113273.1,0.0,C1005714733,0.0,113273.1,1
19,CASH_OUT,113732.05,C1786511603,652.0,0.0,C1078128267,277264.57,390996.63,0
253,CASH_IN,112004.01,C617655991,8989403.06,9101407.08,C103015719,116861.99,4857.97,0
326,CASH_OUT,104753.59,C434736149,0.0,0.0,C1588635270,6104176.85,6208930.44,0
132,PAYMENT,9223.31,C1675896005,45270.53,36047.22,M607015167,0.0,0.0,0
249,CASH_IN,81295.31,C1462101448,163.0,81458.31,C1461234157,480174.49,398879.19,0
180,CASH_OUT,323349.64,C1518747259,47128.0,0.0,C1422145202,0.0,323349.64,0
185,CASH_OUT,7949.61,C905358097,41175.0,33225.39,C887691188,438161.43,446111.04,0
212,PAYMENT,13844.88,C170413313,15350.0,1505.12,M1065798918,0.0,0.0,0
306,TRANSFER,1056097.88,C35963305,0.0,0.0,C413020291,4848405.72,5904503.6,0
252,CASH_OUT,252757.0,C1628669737,34894.0,0.0,C869191258,14160860.03,14413617.02,0
11,CASH_OUT,190735.15,C382415738,16506.0,0.0,C431651423,0.0,190735.15,0
358,PAYMENT,17123.17,C968837967,150900.0,133776.83,M709500161,0.0,0.0,0
20,CASH_OUT,350797.98,C683533778,14070.0,0.0,C2088748221,839316.64,1190114.62,0
397,CASH_IN,3546.58,C2006720747,117.0,3663.58,C1385173507,215104.58,211558.0,0
180,PAYMENT,7102.88,C1570936338,163840.1,156737.22,M613153157,0.0,0.0,0
209,CASH_OUT,67692.9,C615423854,80751.91,13059.01,C881133645,4210604.07,4278296.97,0
185,CASH_IN,1002.12,C1554639066,5834303.68,5835305.8,C1747577449,77245.88,76243.76,0
305,PAYMENT,25270.09,C1455740245,0.0,0.0,M494287549,0.0,0.0,0
255,CASH_OUT,240956.78,C1724096319,435.0,0.0,C1323135675,1371703.51,1612660.29,0
130,CASH_OUT,43445.32,C514147271,0.0,0.0,C457546121,189173.51,232618.83,0
380,TRANSFER,197375.58,C2021863847,0.0,0.0,C1869183795,819264.3,1016639.88,0
302,PAYMENT,13961.92,C1254344852,0.0,0.0,M770697605,0.0,0.0,0
257,CASH_OUT,75166.08,C914073639,0.0,0.0,C1915412171,4736633.01,4811799.09,0
206,PAYMENT,27754.05,C435822186,5219.1,0.0,M322572239,0.0,0.0,0
41,CASH_OUT,493549.43,C21008246,11319.0,0.0,C800037167,0.0,493549.43,0
36,PAYMENT,20082.92,C1893198458,58165.91,38083.0,M1731608230,0.0,0.0,0
255,CASH_OUT,215564.14,C1378925885,0.0,0.0,C1138423798,540131.98,755696.12,0
309,PAYMENT,13300.38,C267969639,0.0,0.0,M1428885137,0.0,0.0,0
11,PAYMENT,11813.63,C576192467,20730.0,8916.37,M934194330,0.0,0.0,0
331,CASH_OUT,252899.26,C1798053026,12200.0,0.0,C1939641995,721774.86,974674.12,0
394,CASH_OUT,122165.28,C1201697153,0.0,0.0,C1074185708,477646.23,599811.5,0
404,CASH_IN,182623.28,C864989548,4335221.49,4517844.76,C2144299111,310693.1,128069.83,0
324,TRANSFER,353172.15,C215078563,0.0,0.0,C1942900155,396409.02,749581.16,0
129,CASH_IN,268580.73,C1873288106,8567199.37,8835780.1,C2047282527,1001979.39,733398.66,0
11,CASH_OUT,31020.08,C660785467,0.0,0.0,C275925618,1652650.62,1884821.86,0
381,CASH_IN,395690.33,C235680465,2195035.37,2590725.7,C1631322361,1664535.95,1268845.62,0
308,CASH_OUT,187313.35,C1200347768,289181.0,101867.65,C1649776720,899309.98,1086623.34,0
13,CASH_OUT,93632.98,C1993995300,0.0,0.0,C1679418595,264684.53,562204.42,0
181,PAYMENT,26517.35,C1805491707,64240.0,37722.65,M256087694,0.0,0.0,0
260,PAYMENT,2931.71,C2111440090,30454.0,27522.29,M1258209308,0.0,0.0,0
14,CASH_OUT,48957.89,C841135236,177369.59,128411.7,C2025870943,124565.44,173523.33,0
354,CASH_IN,217328.97,C1883408612,1020.0,218348.97,C656057411,1437761.47,1220432.5,0
347,PAYMENT,109.5,C837632685,0.0,0.0,M1564776937,0.0,0.0,0
596,PAYMENT,2544.99,C1224809672,218240.5,215695.5,M2126451258,0.0,0.0,0
328,CASH_IN,66687.89,C2099785427,40494.0,107181.89,C1025242698,30306.0,0.0,0
211,PAYMENT,1407.82,C910665205,344206.54,342798.72,M961596907,0.0,0.0,0
157,CASH_OUT,21870.38,C1869747110,134.0,0.0,C966783620,230225.49,252095.87,0
402,CASH_OUT,45703.12,C31331283,20552.0,0.0,C1766931567,127345.45,173048.57,0
327,TRANSFER,20640670.79,C1440244442,0.0,0.0,C1971253034,37668104.12,58308774.91,0
349,PAYMENT,2423.45,C1016216790,7026.0,4602.55,M722325501,0.0,0.0,0
186,CASH_IN,157447.66,C1847380173,6029720.68,6187168.34,C1221477769,201488.88,44041.22,0
130,CASH_OUT,215804.92,C978145612,1404404.46,1188599.54,C1614662431,2830642.47,3046447.39,0
308,PAYMENT,14223.08,C1146092885,0.0,0.0,M1062793276,0.0,0.0,0
478,CASH_OUT,337662.41,C511031490,0.0,0.0,C708682008,405618.93,743281.34,0
12,CASH_OUT,117958.03,C1282150297,0.0,0.0,C1292838001,413247.96,531205.98,0
687,CASH_IN,23401.72,C778938630,4874995.34,4898397.06,C9208455,2224403.33,2201001.61,0
164,CASH_OUT,779309.08,C2102975718,0.0,0.0,C342494299,836977.85,1616286.93,0
259,CASH_IN,31992.13,C1241023060,2686332.26,2718324.38,C2040628937,3492916.21,3460924.09,0
157,CASH_IN,48011.93,C1651684302,1402394.43,1450406.36,C1527604394,62625.83,14613.9,0
156,PAYMENT,5616.6,C1156255228,0.0,0.0,M1518231413,0.0,0.0,0
273,PAYMENT,3277.02,C1317742394,79.0,0.0,M1866097709,0.0,0.0,0
18,CASH_IN,129995.45,C89722008,380420.76,510416.21,C1498338996,140922.0,15625.49,0
203,PAYMENT,33058.25,C1389595044,22643.0,0.0,M2028410039,0.0,0.0,0
350,CASH_OUT,7346.94,C1946002530,0.0,0.0,C1968333846,7162420.76,7169767.71,0
136,PAYMENT,7498.51,C1189882964,0.0,0.0,M584736329,0.0,0.0,0
350,CASH_OUT,160710.13,C1471399508,8149.0,0.0,C473311388,413014.44,573724.57,0
376,PAYMENT,40173.45,C520075071,0.0,0.0,M1980433376,0.0,0.0,0
306,CASH_IN,258251.74,C596877924,13956409.49,14214661.23,C1129508225,1872393.43,1614141.69,0
252,PAYMENT,5524.08,C2045704053,12532.0,7007.92,M1023628833,0.0,0.0,0
381,CASH_IN,224792.54,C1421545234,2921833.57,3146626.11,C1194119526,3773658.17,3548865.63,0
325,CASH_OUT,265261.04,C1645971813,20827.0,0.0,C1485647504,7260619.73,7525880.77,0
379,CASH_OUT,142019.03,C1373873386,0.0,0.0,C193015010,172568.65,314587.68,0
115,TRANSFER,530377.28,C1741821297,530377.28,0.0,C182731485,0.0,0.0,1
129,CASH_OUT,17156.43,C1125833185,30100.0,12943.57,C748573351,633892.45,651048.88,0
329,CASH_IN,312922.53,C952253550,473.0,313395.53,C1216840814,398581.16,146307.54,0
327,CASH_OUT,77339.52,C929322763,0.0,0.0,C43324110,392229.82,469569.34,0
188,CASH_IN,30006.25,C1165858014,291859.48,321865.73,C1404849042,336795.77,306789.52,0
282,CASH_IN,273118.07,C1343160993,3408991.99,3682110.07,C582918293,3224156.59,2951038.51,0
203,PAYMENT,6508.24,C1301325096,187197.38,180689.14,M1365116812,0.0,0.0,0
347,PAYMENT,14608.71,C399880176,0.0,0.0,M1330468699,0.0,0.0,0
10,CASH_IN,169929.2,C409606646,4116418.97,4286348.17,C1566423339,866986.57,803600.2,0
39,PAYMENT,2597.14,C30708628,14415.0,11817.86,M888985398,0.0,0.0,0
278,PAYMENT,5016.34,C1533228616,198399.21,193382.87,M1229925919,0.0,0.0,0
184,CASH_OUT,112489.99,C97358271,0.0,0.0,C2076210744,182454.28,294944.27,0
298,CASH_IN,370352.77,C1256203630,1519.0,371871.77,C872015216,11832244.74,11461891.97,0
135,CASH_OUT,338472.91,C1929520511,27512.0,0.0,C1414924378,0.0,338472.91,0
308,CASH_OUT,116925.86,C255890137,60032.0,0.0,C660462344,894590.44,1011516.3,0
139,CASH_OUT,61691.8,C447030812,5504.0,0.0,C1336018344,1791738.77,1853430.57,0
594,PAYMENT,6315.46,C1969884631,660856.0,654540.54,M1440111946,0.0,0.0,0
522,PAYMENT,7015.21,C1647805289,0.0,0.0,M437276538,0.0,0.0,0
546,CASH_OUT,83351.92,C2119108783,144.0,0.0,C2095007725,0.0,83351.92,0
529,TRANSFER,1679154.56,C1973530723,1679154.56,0.0,C689231463,0.0,0.0,1
209,CASH_OUT,133569.9,C204142247,0.0,0.0,C88708425,233998.1,367568.0,0
157,CASH_IN,246570.57,C1384306834,3233716.51,3480287.08,C530936008,1081233.59,834663.02,0
400,PAYMENT,5524.28,C1878963596,34169.08,28644.8,M911532825,0.0,0.0,0
323,CASH_IN,179656.36,C1909420557,998111.16,1177767.52,C1043144808,2353042.34,2173385.98,0
350,CASH_IN,4838.0,C551095672,1318664.22,1323502.23,C564334026,64946.96,60108.95,0
155,CASH_OUT,26300.55,C760686897,11690.0,0.0,C174199352,10151.0,36451.55,0
326,PAYMENT,5538.23,C1728762607,358988.0,353449.77,M344004540,0.0,0.0,0
205,PAYMENT,1509.58,C920966028,0.0,0.0,M1359723256,0.0,0.0,0
260,CASH_OUT,57126.07,C1911199599,0.0,0.0,C538466941,1255073.88,1348833.75,0
403,CASH_OUT,64318.63,C1858994964,0.0,0.0,C1700863956,1747785.01,1995228.52,0
215,CASH_IN,181236.87,C1498324081,7610732.01,7791968.88,C1781728871,1708916.27,1527679.4,0
154,CASH_IN,260603.78,C89333835,1045792.03,1306395.81,C1824321695,490367.95,229764.17,0
12,CASH_IN,128602.05,C1237254945,1279054.34,1407656.39,C846851775,4427531.18,4298929.13,0
404,PAYMENT,403.05,C1865859160,0.0,0.0,M1412862622,0.0,0.0,0
370,CASH_OUT,30623.62,C1132777721,21378.0,0.0,C1493281579,0.0,30623.62,0
36,TRANSFER,561289.03,C1878693133,9146.0,0.0,C921769783,0.0,561289.03,0
304,CASH_OUT,115779.3,C940138712,0.0,0.0,C347484804,1730809.19,1846588.5,0
136,CASH_IN,72272.79,C1842093406,5136593.45,5208866.24,C1947981428,145205.74,72932.95,0
256,PAYMENT,27055.19,C1355909414,663.06,0.0,M1309347950,0.0,0.0,0
141,PAYMENT,11565.74,C472740412,0.0,0.0,M2053809518,0.0,0.0,0
495,TRANSFER,58737.53,C185461868,58737.53,0.0,C91345740,0.0,0.0,1
179,CASH_OUT,154851.01,C477198475,0.0,0.0,C996216259,278410.3,433261.31,0
229,PAYMENT,2791.85,C1431835642,21186.0,18394.15,M45341577,0.0,0.0,0
382,PAYMENT,2595.85,C1370853682,50130.0,47534.15,M1968602033,0.0,0.0,0
19,PAYMENT,4784.85,C1836879693,1807.0,0.0,M741729088,0.0,0.0,0
381,CASH_OUT,185099.52,C196861286,0.0,0.0,C2067265094,295090.89,480190.41,0
166,CASH_OUT,182276.35,C698298500,26861.0,0.0,C1399523133,253048.63,435324.98,0
283,CASH_OUT,188456.27,C618031218,6084.0,0.0,C1646743176,0.0,188456.27,0
303,CASH_OUT,180329.86,C1822288886,0.0,0.0,C725702157,826974.59,1007304.45,0
7,PAYMENT,11441.07,C1086477245,52041.0,40599.93,M871088597,0.0,0.0,0
398,CASH_OUT,40223.95,C552823507,0.0,0.0,C2103533288,558958.73,599182.68,0
300,PAYMENT,18285.39,C1640106584,139581.0,121295.61,M17673308,0.0,0.0,0
393,PAYMENT,26904.15,C427185825,10610.0,0.0,M2013472590,0.0,0.0,0
133,CASH_IN,403798.82,C554642385,56193.0,459991.82,C1047424632,205018.1,454111.43,0
185,TRANSFER,314628.55,C537821867,0.0,0.0,C1776982269,2777838.78,3092467.32,0
213,CASH_IN,112345.75,C1152714868,21080.0,133425.75,C2043556784,944300.58,831954.82,0
346,TRANSFER,1504870.33,C371044558,1504870.33,0.0,C47031596,0.0,0.0,1
367,TRANSFER,902483.91,C757385548,902483.91,0.0,C150262836,0.0,0.0,1
131,CASH_OUT,60281.83,C249591818,0.0,0.0,C550479731,639948.34,700230.18,0
254,TRANSFER,602649.27,C1901177100,117046.59,0.0,C1423993131,28637619.02,29240268.29,0
250,CASH_OUT,600836.72,C1621732277,7341.0,0.0,C22992294,897379.72,1498216.44,0
647,CASH_OUT,1517771.48,C375476201,1517771.48,0.0,C1907987459,161843.29,1679614.77,1
236,CASH_OUT,334021.74,C828117509,0.0,0.0,C1626537029,1376268.19,1710289.93,0
280,CASH_OUT,305407.05,C1232396499,0.0,0.0,C1720018055,1172883.41,1478290.46,0
19,CASH_OUT,27536.49,C1358844992,97759.0,70222.51,C965636134,210143.28,237679.78,0
252,PAYMENT,6243.82,C118372342,0.0,0.0,M863167150,0.0,0.0,0
330,CASH_OUT,9198459.96,C1904629487,9198459.96,0.0,C1741955070,258747.84,15173859.31,1
349,CASH_OUT,578936.28,C1830332778,0.0,0.0,C1153416176,678551.48,1257487.76,0
11,CASH_OUT,255693.78,C1992302037,4860.0,0.0,C1945265288,30148.0,285841.78,0
16,CASH_IN,263797.75,C940963517,1137100.42,1400898.16,C760622971,1654478.27,2103718.99,0
260,PAYMENT,11534.76,C70124744,0.0,0.0,M1115012541,0.0,0.0,0
624,TRANSFER,2626957.79,C723019595,2626957.79,0.0,C296287576,0.0,0.0,1
207,PAYMENT,8509.36,C1115742158,2818.42,0.0,M363464956,0.0,0.0,0
182,CASH_OUT,106998.81,C1536308898,5489.0,0.0,C1170754831,0.0,106998.81,0
9,CASH_OUT,143669.05,C168768360,0.0,0.0,C1421519294,1110906.38,1322881.96,0
181,CASH_IN,270483.77,C1022845456,4388892.72,4659376.5,C718007942,2009488.47,1739004.7,0
394,CASH_OUT,255641.25,C1505795906,17646.0,0.0,C2081527800,0.0,255641.25,0
304,TRANSFER,1001692.85,C1403672406,0.0,0.0,C1149435896,4884087.15,6172771.09,0
514,CASH_OUT,149312.91,C992054024,0.0,0.0,C80662835,330521.24,479834.15,0
15,PAYMENT,14607.09,C629495000,0.0,0.0,M1865278392,0.0,0.0,0
172,CASH_OUT,70072.66,C1634834967,70072.66,0.0,C1403933655,519712.34,589784.99,1
325,CASH_IN,210535.24,C915234536,52.0,210587.24,C1817507175,441049.32,230514.08,0
250,CASH_IN,346282.98,C588964408,14994630.29,15340913.27,C908968909,798700.4,452417.42,0
322,TRANSFER,726344.55,C34744708,0.0,0.0,C714984075,2053805.25,2780149.8,0
277,TRANSFER,85402.78,C235974169,0.0,0.0,C794162437,3081978.9,3167381.68,0
253,PAYMENT,769.63,C1744045050,0.0,0.0,M147109780,0.0,0.0,0
263,CASH_OUT,130843.68,C6332539,105572.0,0.0,C2079733398,184851.4,315695.07,0
226,PAYMENT,22022.78,C1252799105,0.0,0.0,M284819667,0.0,0.0,0
286,PAYMENT,13194.82,C924926606,34527.95,21333.13,M1509580978,0.0,0.0,0
48,CASH_OUT,63706.86,C960980073,0.0,0.0,C1286014814,1600694.96,1664401.82,0
34,PAYMENT,11259.34,C371491812,202894.0,191634.66,M445831760,0.0,0.0,0
228,CASH_IN,111081.05,C1766993065,40630.0,151711.05,C1769851791,36607.06,0.0,0
225,CASH_IN,269532.36,C1386313073,1301820.4,1571352.76,C1126680983,517950.71,248418.35,0
159,TRANSFER,135508.33,C477878820,47764.0,0.0,C2065549338,401378.7,536887.03,0
322,CASH_OUT,11460.86,C365984749,0.0,0.0,C762740474,68380.32,0.0,0
11,PAYMENT,772.27,C251927860,0.0,0.0,M1860439823,0.0,0.0,0
252,CASH_OUT,28227.93,C2119360352,0.0,0.0,C1015376145,241186.02,269413.96,0
206,CASH_OUT,16128.65,C1444222215,155130.0,139001.35,C276595018,6383027.8,6399156.45,0
34,CASH_OUT,295821.83,C1358861741,5005.0,0.0,C1177826133,0.0,89748.26,0
403,PAYMENT,8815.34,C953962771,52880.0,44064.66,M1658517936,0.0,0.0,0
232,CASH_IN,78.1,C1731899,62092.0,62170.1,C49904924,159071.18,158993.08,0
282,CASH_IN,177391.65,C200506651,30481.0,207872.65,C530281316,2222757.28,2045365.63,0
155,CASH_OUT,304734.93,C1314458567,382257.42,77522.49,C966995914,6112260.42,6416995.35,0
154,PAYMENT,5125.55,C1753307590,84795.09,79669.55,M1347574345,0.0,0.0,0
328,TRANSFER,263576.12,C1804160114,22517.52,0.0,C1831626412,1272003.96,1535580.08,0
538,CASH_OUT,122921.85,C1042479499,19228.0,0.0,C1597553093,320867.22,443789.07,0
347,CASH_IN,707119.23,C30670572,539.0,707658.23,C463303463,752198.78,45079.55,0
326,CASH_IN,86565.13,C467255229,808342.42,894907.55,C693700654,258183.87,171618.75,0
326,CASH_OUT,121018.41,C1235710854,21200.0,0.0,C997509842,0.0,121018.41,0
399,PAYMENT,12633.85,C714192698,9195.0,0.0,M1545332127,0.0,0.0,0
41,CASH_OUT,197640.33,C892004186,15676.0,0.0,C1090765716,0.0,197640.33,0
356,CASH_IN,482872.84,C997633026,1002941.3,1485814.14,C2127855329,2105199.54,1622326.7,0
281,PAYMENT,16071.2,C545536264,216228.0,200156.8,M1908358068,0.0,0.0,0
348,TRANSFER,356756.17,C118024821,0.0,0.0,C1366106760,493350.69,850106.86,0
394,PAYMENT,15467.77,C1276671019,29857.0,14389.23,M1746460450,0.0,0.0,0
140,CASH_IN,166284.12,C421733558,409480.01,575764.12,C257761496,15190686.3,15024402.18,0
212,PAYMENT,10634.08,C772126936,236727.0,226092.92,M545081371,0.0,0.0,0
330,CASH_OUT,213989.74,C1948127392,0.0,0.0,C1643804794,326132.75,540122.49,0
328,CASH_OUT,397020.14,C236920673,0.0,0.0,C783456157,4572061.97,4969082.11,0
309,CASH_IN,101556.42,C1729400591,9900032.25,10001588.67,C70679438,1638393.78,1536837.36,0
132,CASH_OUT,368527.42,C1271708288,0.0,0.0,C2125574339,2404244.92,2772772.34,0
376,TRANSFER,466506.41,C337505306,0.0,0.0,C1919648596,869058.23,1335564.64,0
325,CASH_IN,191041.02,C144073538,1419495.18,1610536.2,C1333123493,219510.37,28469.35,0
34,CASH_OUT,2108.45,C681385384,0.0,0.0,C1139198878,6309751.5,6307553.49,0
404,PAYMENT,20918.04,C199111409,743.0,0.0,M1862698210,0.0,0.0,0
429,TRANSFER,266061.1,C1177701147,0.0,0.0,C1854251507,3735756.48,4001817.58,0
353,CASH_OUT,254643.73,C2013864847,0.0,0.0,C698682330,6271925.27,6526569.0,0
38,TRANSFER,565619.14,C1179197810,20163.0,0.0,C2026194126,0.0,565619.14,0
256,CASH_OUT,32611.97,C144306328,30196.0,0.0,C863205709,86270.54,118882.51,0
354,PAYMENT,13321.92,C1435212952,0.0,0.0,M1404372047,0.0,0.0,0
404,CASH_IN,135627.87,C1072857082,13071.0,148698.87,C1222426724,0.0,0.0,0
255,PAYMENT,430.6,C1095873604,199527.0,199096.4,M165748230,0.0,0.0,0
36,CASH_OUT,224388.88,C1717425805,0.0,0.0,C197026585,634546.97,858935.85,0
252,CASH_IN,62341.74,C2017955380,1423927.38,1486269.12,C1808332718,711318.87,648977.12,0
399,TRANSFER,81526.78,C1751575045,0.0,0.0,C1419796378,849384.19,930910.96,0
177,CASH_OUT,158000.29,C927253405,158000.29,0.0,C1087985389,2330671.17,2488671.46,1
257,CASH_IN,229606.16,C1018942947,6059109.57,6288715.72,C1627843529,339353.37,109747.21,0
335,TRANSFER,159805.74,C243401360,0.0,0.0,C316394102,202951.32,362757.06,0
207,PAYMENT,21112.88,C1935385304,886.0,0.0,M2092614117,0.0,0.0,0
16,CASH_OUT,124839.9,C1718293167,4764.0,0.0,C14873980,0.0,124839.9,0
43,PAYMENT,6936.55,C814887234,5043.0,0.0,M1203964350,0.0,0.0,0
154,PAYMENT,11861.78,C1427651949,46873.0,35011.22,M2040245431,0.0,0.0,0
236,TRANSFER,228184.39,C1800094758,0.0,0.0,C746452317,1048318.66,1276503.05,0
33,PAYMENT,2133.44,C741571600,129503.83,127370.39,M1069925247,0.0,0.0,0
157,CASH_IN,492219.13,C292892750,19185347.6,19677566.73,C2017301083,30450990.94,29958771.81,0
209,TRANSFER,50099.98,C866762236,0.0,0.0,C254470568,112755.77,162855.75,0
280,PAYMENT,5176.29,C233308345,10564.48,5388.19,M524442956,0.0,0.0,0
374,CASH_OUT,343218.99,C1335380441,0.0,0.0,C1569071527,1959208.9,2302427.89,0
299,TRANSFER,1047207.05,C1661375248,166889.54,0.0,C1522803117,2386287.68,3433494.73,0
74,TRANSFER,4582074.51,C1151172465,4582074.51,0.0,C2088124795,0.0,0.0,1
358,CASH_IN,226068.64,C744139371,544531.99,770600.64,C275069097,3363793.89,3137725.24,0
21,CASH_OUT,98454.27,C1381475819,0.0,0.0,C1563276517,254147.82,352602.09,0
22,TRANSFER,247658.52,C2107094828,0.0,0.0,C1679122482,273542.83,521201.36,0
350,CASH_IN,604890.36,C2068918722,2039840.38,2644730.74,C1224420756,1455638.76,850748.39,0
167,CASH_OUT,110153.52,C894023364,0.0,0.0,C299184724,204015.87,314169.39,0
234,PAYMENT,21571.03,C968689963,10890.0,0.0,M1061132694,0.0,0.0,0
15,PAYMENT,13693.35,C2138031948,0.0,0.0,M1716824657,0.0,0.0,0
309,TRANSFER,216839.2,C1395442111,269875.42,53036.21,C1968731124,1633681.16,1850520.36,0
44,CASH_OUT,98054.25,C1967784267,0.0,0.0,C119375317,115245.89,213300.15,0
279,PAYMENT,1339.89,C1436755038,3112.0,1772.11,M144327388,0.0,0.0,0
396,CASH_OUT,121670.72,C892205195,0.0,0.0,C904222743,1901942.26,2023612.97,0
302,CASH_OUT,133181.87,C885049909,0.0,0.0,C1728860163,196386.1,329567.97,0
260,PAYMENT,7062.21,C1255268729,49615.0,42552.79,M1130578101,0.0,0.0,0
231,CASH_OUT,99187.75,C2078596778,0.0,0.0,C523156307,1231366.59,1330554.34,0
298,CASH_OUT,375188.73,C1762404613,0.0,0.0,C1908761059,415056.57,790245.3,0
335,CASH_IN,202843.45,C970229583,5828733.86,6031577.31,C1938744614,7283408.56,7080565.1,0
183,CASH_OUT,117450.67,C1598273018,49794.0,0.0,C1755464918,1596749.0,1714199.67,0
18,PAYMENT,6806.53,C118580231,0.0,0.0,M1893060720,0.0,0.0,0
359,CASH_OUT,177693.28,C1234129614,0.0,0.0,C888696874,9115034.44,9292727.72,0
273,PAYMENT,4869.89,C261179653,36448.0,31578.11,M754485942,0.0,0.0,0
211,CASH_OUT,125844.63,C712960271,130073.18,4228.56,C323194883,393319.71,519164.34,0
461,CASH_OUT,107732.34,C1647752798,0.0,0.0,C2138129938,6663750.57,6771482.92,0
132,CASH_OUT,337349.64,C248148806,0.0,0.0,C1601088633,1797688.14,2571299.26,0
348,CASH_OUT,80345.54,C1411772120,99027.0,18681.46,C1775939460,209017.37,289362.91,0
107,TRANSFER,204675.48,C399361899,204675.48,0.0,C1430251334,0.0,0.0,1
259,CASH_OUT,57829.11,C1165336583,0.0,0.0,C1769599622,180306.92,238136.03,0
255,CASH_OUT,147015.19,C1597626673,0.0,0.0,C41233820,354235.77,501250.96,0
397,CASH_IN,201949.97,C1135107555,12320451.53,12522401.5,C1857277386,950683.87,748733.9,0
9,CASH_OUT,228389.34,C1206662711,30442.0,0.0,C201923293,0.0,82184.24,0
352,CASH_OUT,163013.63,C738095587,55620.0,0.0,C867256220,0.0,163013.63,0
591,TRANSFER,906270.63,C1366387168,906270.63,0.0,C82363248,0.0,0.0,1
155,PAYMENT,6228.96,C1054618585,0.0,0.0,M275120142,0.0,0.0,0
370,CASH_IN,76511.44,C1680352599,13326468.69,13402980.14,C95685469,3958706.68,3882195.24,0
37,CASH_OUT,160006.53,C2000810270,21442.0,0.0,C362089456,2106.89,162113.41,0
378,CASH_OUT,15248.1,C1998244041,0.0,0.0,C1100272322,1012499.07,1027747.17,0
229,CASH_IN,3493.37,C721810899,1055649.09,1059142.47,C817923444,2292868.16,2289374.79,0
375,CASH_OUT,33137.79,C759151490,255923.0,222785.21,C1607746046,1196073.42,1229211.21,0
336,CASH_OUT,119355.75,C1094372660,26266.65,0.0,C328734292,339738.19,459093.94,0
191,PAYMENT,4549.34,C1840181471,19753.19,15203.84,M1401729663,0.0,0.0,0
137,PAYMENT,18397.76,C497968104,18151.84,0.0,M617966751,0.0,0.0,0
46,PAYMENT,21357.83,C470192097,0.0,0.0,M2114181622,0.0,0.0,0
376,PAYMENT,21940.11,C463295527,617955.93,596015.83,M1554907223,0.0,0.0,0
209,PAYMENT,12703.83,C1957910020,22096.0,9392.17,M1943688681,0.0,0.0,0
278,CASH_IN,279594.15,C140635835,10985232.68,11264826.83,C1060268152,544236.46,264642.3,0
234,TRANSFER,229908.66,C227841485,0.0,0.0,C2080231722,1950057.75,2179966.41,0
401,CASH_OUT,263694.72,C960896451,20128.0,0.0,C659489502,13008.69,276703.41,0
236,TRANSFER,129282.05,C1705664042,0.0,0.0,C447892762,1885933.39,2015215.44,0
17,PAYMENT,8445.31,C931057422,0.0,0.0,M63126367,0.0,0.0,0
369,PAYMENT,9339.65,C1932380342,141691.55,132351.89,M2089594155,0.0,0.0,0
235,CASH_IN,118005.83,C1077747829,5262277.99,5380283.82,C1228588420,169989.48,51983.64,0
328,TRANSFER,342120.59,C1280846631,342120.59,0.0,C1962241451,0.0,0.0,1
41,CASH_IN,314720.02,C1178288569,503.0,315223.02,C839288013,484436.85,61972.75,0
354,CASH_IN,72105.56,C181679507,253097.0,325202.56,C565704148,19356.08,0.0,0
180,PAYMENT,14671.39,C1325323634,0.0,0.0,M1598034632,0.0,0.0,0
43,PAYMENT,22696.65,C1461788809,0.0,0.0,M1840312411,0.0,0.0,0
323,CASH_IN,35135.42,C1912457893,1856549.25,1891684.67,C1397856062,150293.16,115157.74,0
234,CASH_IN,123428.16,C617617976,36375.0,159803.16,C1198643802,182015.38,58587.22,0
37,PAYMENT,15867.57,C1549804622,0.0,0.0,M12226016,0.0,0.0,0
237,CASH_OUT,21120.62,C1790757448,0.0,0.0,C1407237306,766865.56,787986.18,0
353,TRANSFER,607056.46,C1476990043,0.0,0.0,C1656122393,1107790.69,1714847.15,0
370,CASH_OUT,1846.04,C1040776226,314367.0,312520.96,C1040553875,319719.26,321565.3,0
10,CASH_OUT,538344.66,C175489035,328579.49,0.0,C1694731927,3049415.25,4419578.33,0
355,CASH_OUT,214255.69,C475612743,30313.0,0.0,C1570696726,2935.56,217191.25,0
300,CASH_OUT,183676.56,C1309273011,86348.0,0.0,C1978194972,131875.35,315551.92,0
137,PAYMENT,14892.02,C1886869216,441.0,0.0,M513933065,0.0,0.0,0
236,CASH_OUT,213269.94,C1581910068,0.0,0.0,C23550862,7940124.05,8459790.02,0
137,CASH_OUT,119241.65,C1683987277,0.0,0.0,C264137089,5221587.2,5340828.85,0
33,CASH_OUT,154523.14,C1403997887,20350.0,0.0,C1448201888,18248.95,172772.09,0
404,CASH_OUT,286106.6,C1146324807,0.0,0.0,C659243038,1020722.25,1306828.84,0
133,TRANSFER,16274.51,C532758162,16274.51,0.0,C1844648753,0.0,0.0,1
136,DEBIT,791.24,C1508553968,41681.0,40889.76,C431142352,131103.62,131894.85,0
330,CASH_IN,325541.63,C1817234053,396.0,325937.63,C1412844868,0.0,0.0,0
186,PAYMENT,247.18,C1085425398,0.0,0.0,M485934058,0.0,0.0,0
402,CASH_IN,192839.55,C2138161506,15294453.73,15487293.28,C1020976248,462952.85,270113.3,0
262,TRANSFER,23454.11,C466887659,5496.0,0.0,C1685770988,22075.79,45529.9,0
154,CASH_OUT,260407.3,C425401762,141301.58,0.0,C79459090,408595.43,669002.73,0
373,CASH_OUT,529787.61,C1380223071,12671.0,0.0,C1501764600,0.0,529787.61,0
164,CASH_OUT,288583.23,C1439978464,19805.0,0.0,C820454476,2374463.74,2663046.97,0
155,PAYMENT,19202.86,C730721838,0.0,0.0,M281505006,0.0,0.0,0
395,CASH_IN,192188.86,C1943060972,829221.1,1021409.96,C1711832527,8072088.29,8059835.11,0
204,TRANSFER,81244.31,C1454763398,81244.31,0.0,C940142148,0.0,0.0,1
37,CASH_IN,530013.91,C1069813305,35685.0,565698.91,C1971344738,10553320.11,10023306.19,0
38,PAYMENT,9218.07,C1152621806,0.0,0.0,M1964198721,0.0,0.0,0
310,CASH_IN,12324.08,C432023819,0.0,12324.08,C1825851209,6995652.78,6983328.7,0
201,CASH_OUT,459709.23,C1748061457,12609.0,0.0,C1703868037,214508.3,674217.53,0
661,CASH_OUT,178050.76,C378832139,31778.0,0.0,C167488057,281468.29,459519.05,0
9,CASH_OUT,108738.71,C140340547,0.0,0.0,C2034160388,2674715.71,4006489.94,0
165,TRANSFER,659429.35,C2064413427,0.0,0.0,C483287972,13761669.56,14421098.91,0
228,PAYMENT,47302.76,C35091387,0.0,0.0,M1171807091,0.0,0.0,0
160,PAYMENT,5421.6,C2016274230,299722.93,294301.33,M466471076,0.0,0.0,0
201,CASH_OUT,662276.78,C63997724,662276.78,0.0,C2141524320,537420.76,1199697.54,1
134,CASH_OUT,124920.08,C794538928,31794.0,0.0,C1254660736,0.0,124920.08,0
8,CASH_OUT,285077.17,C1407188988,0.0,0.0,C1273939873,750222.18,1525464.32,0
331,PAYMENT,11445.94,C634424215,104160.0,92714.06,M539182894,0.0,0.0,0
44,CASH_OUT,61889.32,C1400365829,153016.0,91126.68,C1959753038,40193.69,102083.01,0
277,CASH_OUT,235753.93,C1064443924,0.0,0.0,C788274496,1549490.67,1785244.6,0
156,CASH_OUT,269422.38,C322430908,46214.0,0.0,C1951887558,0.0,296317.98,0
304,CASH_OUT,199678.84,C824350668,50727.0,0.0,C1304490565,1186968.68,1386647.52,0
323,CASH_OUT,370211.75,C75474597,152581.0,0.0,C1004432492,0.0,370211.75,0
282,CASH_IN,124966.68,C212453720,72395.0,197361.68,C1725493238,921787.06,796820.37,0
35,CASH_OUT,204821.13,C1694782459,0.0,0.0,C938026316,2610700.24,2815521.37,0
207,CASH_OUT,365028.72,C1644983179,10935.0,0.0,C1208983103,0.0,365028.72,0
372,CASH_OUT,189238.18,C1581922981,0.0,0.0,C1020843714,269915.98,459154.16,0
395,CASH_OUT,147045.66,C1920992679,0.0,0.0,C656437561,671024.57,818070.24,0
209,PAYMENT,7945.41,C1969826988,8796.2,850.8,M54312839,0.0,0.0,0
283,CASH_IN,182631.42,C1110768329,52737.0,235368.42,C780144139,2241625.08,2058993.66,0
56,CASH_OUT,829885.13,C1179900921,829885.13,0.0,C2021579766,13276462.12,14106347.25,1
188,CASH_OUT,145742.47,C349764613,782454.52,636712.05,C1573647669,5373904.06,5519646.53,0
206,TRANSFER,224243.52,C1302876103,11132.0,0.0,C2013979563,22680787.02,22905030.54,0
329,CASH_OUT,133190.8,C748578244,163.0,0.0,C1815325224,155447.68,288638.48,0
326,PAYMENT,63015.88,C1119034477,175278.0,112262.12,M476156597,0.0,0.0,0
404,PAYMENT,6232.23,C1983746342,940.0,0.0,M270554179,0.0,0.0,0
43,CASH_IN,97395.4,C671695532,884.0,98279.4,C1846812189,0.0,0.0,0
212,PAYMENT,8625.36,C901018984,0.0,0.0,M253601696,0.0,0.0,0
254,PAYMENT,27974.58,C1228554104,122244.0,94269.42,M1700593566,0.0,0.0,0
281,PAYMENT,12168.0,C1981796020,0.0,0.0,M1495040770,0.0,0.0,0
309,CASH_OUT,103679.62,C632731548,465988.0,362308.38,C1537095058,8790.25,112469.87,0
162,CASH_OUT,133197.11,C1540848746,0.0,0.0,C1071596004,193002.78,326199.89,0
162,CASH_IN,18517.84,C1619819916,14284988.67,14303506.51,C1482380425,881767.12,863249.28,0
23,PAYMENT,22819.12,C1376849605,154242.0,131422.88,M1473995363,0.0,0.0,0
188,TRANSFER,303940.25,C2120421729,0.0,0.0,C1485607928,504218.92,808159.18,0
167,CASH_IN,186060.59,C1392385366,20045.0,206105.59,C1602743327,0.0,0.0,0
214,CASH_IN,220881.37,C1040730914,9413528.68,9634410.05,C1233472915,787922.72,567041.35,0
376,CASH_OUT,147891.96,C1651960415,58.0,0.0,C618409764,12699.67,160591.63,0
372,CASH_OUT,341536.33,C1786019145,21194.0,0.0,C181524222,260125.46,601661.79,0
283,CASH_OUT,157839.43,C469939267,66234.0,0.0,C657440577,975859.29,1133698.72,0
279,PAYMENT,12668.77,C786865694,31092.0,18423.23,M1104849240,0.0,0.0,0
15,PAYMENT,8745.11,C727298521,12538.0,3792.89,M1598565110,0.0,0.0,0
237,PAYMENT,3018.02,C1430487660,36967.51,33949.49,M1323196027,0.0,0.0,0
335,CASH_OUT,124904.28,C647494589,0.0,0.0,C1863177320,197172.57,322076.86,0
402,CASH_OUT,50318.18,C179994855,42923.35,0.0,C1504373615,584777.72,635095.9,0
394,CASH_OUT,43548.59,C1188986970,0.0,0.0,C992803128,110612.44,154161.03,0
135,PAYMENT,5385.98,C1459595910,0.0,0.0,M1948758072,0.0,0.0,0
19,CASH_IN,110777.86,C626583474,824683.9,935461.76,C1208488367,259251.27,148473.41,0
208,CASH_OUT,316418.62,C954094133,0.0,0.0,C945566613,3445730.69,3762149.31,0
300,PAYMENT,9876.81,C208446799,0.0,0.0,M315439972,0.0,0.0,0
41,CASH_OUT,30354.83,C688722922,59709.0,29354.17,C1273659924,1439197.01,1469551.85,0
43,PAYMENT,11474.66,C19196607,0.0,0.0,M1261283176,0.0,0.0,0
307,CASH_OUT,200075.84,C1936013239,459.0,0.0,C1562069298,122014.11,322089.95,0
187,CASH_IN,453805.14,C91963795,11487.0,465292.14,C1837921214,930266.01,476460.87,0
232,CASH_OUT,182043.22,C1878504688,10044.0,0.0,C2057586620,3527.16,185570.38,0
130,PAYMENT,409.65,C661771054,22346.0,21936.35,M330467418,0.0,0.0,0
741,CASH_OUT,383661.1,C369315575,383661.1,0.0,C2069429837,1788112.7,2171773.8,1
260,PAYMENT,6067.24,C1959416697,251950.0,245882.76,M976462156,0.0,0.0,0
135,PAYMENT,20549.4,C15561011,275.0,0.0,M1881858745,0.0,0.0,0
380,CASH_IN,254502.75,C1903345107,2795380.66,3049883.41,C1339974269,279979.28,25476.53,0
381,TRANSFER,102256.57,C525941534,102256.57,0.0,C521981840,0.0,0.0,1
37,CASH_OUT,283534.49,C1591345601,0.0,0.0,C635247650,3207691.54,3491226.04,0
129,CASH_IN,73876.22,C1652087335,163434.0,237310.22,C1130053720,41682.0,0.0,0
372,CASH_IN,362619.9,C1255665379,15624.0,378243.9,C1298995630,30836.04,0.0,0
299,PAYMENT,18141.49,C1110915296,27871.0,9729.51,M253647795,0.0,0.0,0
372,CASH_OUT,347736.83,C1328033431,0.0,0.0,C1415849634,420225.24,767962.07,0
379,CASH_OUT,190455.46,C896545140,0.0,0.0,C349694831,551416.89,741872.35,0
588,CASH_OUT,102146.81,C1025318435,5616.0,0.0,C1697619340,1841863.19,1944010.01,0
226,CASH_OUT,153769.17,C453384060,20192.0,0.0,C26442032,0.0,153769.17,0
140,CASH_OUT,106947.9,C94704037,0.0,0.0,C428572616,1361348.29,1468296.19,0
333,PAYMENT,1869.93,C2035076381,205023.0,203153.07,M1564741486,0.0,0.0,0
13,CASH_IN,373498.59,C2016249146,6952757.69,7326256.28,C1825634724,6769842.38,6396343.79,0
228,CASH_OUT,286018.63,C978164545,51688.0,0.0,C1086654517,0.0,286018.63,0
157,CASH_OUT,227788.89,C265952047,5008.0,0.0,C750875183,0.0,227788.89,0
350,CASH_OUT,75115.51,C1671948166,0.0,0.0,C2042522709,431665.68,506781.19,0
13,CASH_OUT,152077.06,C548261793,0.0,0.0,C430457365,648687.14,1070646.75,0
307,CASH_OUT,92329.46,C1936796862,51694.0,0.0,C635644223,810331.67,902661.13,0
130,PAYMENT,35110.01,C1201379843,201198.07,166088.06,M2044025920,0.0,0.0,0
301,PAYMENT,14240.96,C365653573,0.0,0.0,M718275035,0.0,0.0,0
161,PAYMENT,1600.83,C208703904,21134.0,19533.17,M1603378994,0.0,0.0,0
181,CASH_IN,337937.43,C60406943,1306441.73,1644379.16,C2047873194,1795993.5,1458056.07,0
298,CASH_OUT,90146.33,C1916769158,0.0,0.0,C226808436,795031.91,885178.25,0
495,CASH_OUT,48171.32,C279010030,0.0,0.0,C1903471563,700158.53,748329.84,0
280,PAYMENT,7260.01,C962233916,1612.59,0.0,M131070257,0.0,0.0,0
139,CASH_OUT,144479.21,C1783311326,11143.0,0.0,C1709201386,15538.86,160018.07,0
162,TRANSFER,2075929.95,C1535581006,0.0,0.0,C495071437,4326779.87,6402709.82,0
283,CASH_IN,43465.62,C1619295392,6941751.95,6985217.57,C1398369151,6796380.74,6752915.13,0
182,CASH_OUT,144301.82,C1334281049,0.0,0.0,C1628137793,456429.94,600731.76,0
334,CASH_OUT,209886.9,C689357089,0.0,0.0,C680719483,1689153.72,1899040.63,0
397,CASH_OUT,8393.39,C2065565550,0.0,0.0,C1038240100,47245.74,55639.13,0
41,PAYMENT,17220.08,C2091075256,85019.75,67799.67,M749707275,0.0,0.0,0
306,CASH_OUT,202460.26,C95618917,51715.0,0.0,C1468707124,85440.32,287900.58,0
401,PAYMENT,2974.7,C1818467274,0.0,0.0,M143242127,0.0,0.0,0
321,CASH_OUT,33189.53,C1238817590,0.0,0.0,C791190477,1692834.84,1726024.37,0
547,CASH_IN,43337.4,C1918729311,2546646.54,2589983.93,C684793275,56897.67,13560.27,0
372,PAYMENT,11635.92,C97703795,231.0,0.0,M307950030,0.0,0.0,0
201,CASH_OUT,564699.59,C983474187,564699.59,0.0,C1474387671,0.0,564699.59,1
330,PAYMENT,26205.16,C335071660,23368.0,0.0,M1583337059,0.0,0.0,0
19,TRANSFER,2265054.11,C1074433743,0.0,0.0,C1611021391,9440420.78,11705474.88,0
129,PAYMENT,1339.1,C1339448995,60416.0,59076.9,M1453886972,0.0,0.0,0
10,CASH_OUT,341843.84,C1295663834,0.0,0.0,C713039134,1101408.42,1373656.47,0
160,CASH_OUT,276801.57,C1272757705,32589.0,0.0,C134203156,274846.57,551648.15,0
140,CASH_OUT,268072.69,C1425043218,31692.0,0.0,C2044219413,231674.93,440339.16,0
420,TRANSFER,982638.9,C1897587818,0.0,0.0,C518419915,1964002.05,2946640.95,0
586,CASH_IN,163930.17,C928000687,5017434.67,5181364.84,C22118303,376355.42,212425.25,0
213,CASH_OUT,20509.74,C1489767243,52046.0,31536.26,C937627747,0.0,20509.74,0
134,CASH_OUT,568938.97,C1624710080,133012.0,0.0,C788026681,4377327.16,4946266.13,0
298,CASH_IN,109062.29,C805373649,12965917.48,13074979.77,C1363165392,308957.81,199895.52,0
406,PAYMENT,18981.44,C345201236,68025.0,49043.56,M597860072,0.0,0.0,0
304,CASH_IN,7224.17,C1402994626,3810549.1,3817773.27,C808024460,70985.7,63761.53,0
404,CASH_OUT,202882.65,C935690641,64701.0,0.0,C2096340699,1156549.28,1359431.93,0
154,PAYMENT,19779.68,C850190584,0.0,0.0,M1663527284,0.0,0.0,0
9,CASH_OUT,179944.91,C199554447,31072.0,0.0,C1987671612,72084.0,1107777.66,0
402,CASH_IN,193626.81,C2012546537,23354.0,216980.81,C363797199,66596.15,0.0,0
278,CASH_OUT,257700.27,C1770759904,0.0,0.0,C1362002336,288823.39,546523.65,0
683,PAYMENT,12810.07,C377220654,172515.55,159705.48,M2057091312,0.0,0.0,0
573,CASH_IN,184124.45,C861810648,650363.8,834488.25,C620913299,250664.71,66540.26,0
375,PAYMENT,2256.84,C1767138772,0.0,0.0,M1297687188,0.0,0.0,0
95,CASH_OUT,37907.84,C1318738631,0.0,0.0,C755465936,567976.79,605884.63,0
369,TRANSFER,1279820.53,C814305685,0.0,0.0,C1182762282,1441985.29,2721805.82,0
213,CASH_OUT,352302.1,C832851544,0.0,0.0,C856433100,1360353.22,1596704.33,0
33,CASH_IN,335682.45,C184715994,10713.0,346395.45,C923910351,4610279.88,4018112.9,0
35,CASH_IN,18350.78,C530934875,24322.0,42672.78,C833583390,0.0,0.0,0
260,CASH_IN,172072.64,C1468495469,19107236.18,19279308.81,C1245856177,590379.58,418306.94,0
258,PAYMENT,7882.52,C844806898,368524.89,360642.37,M1774765920,0.0,0.0,0
378,CASH_IN,211287.19,C87798486,8602354.54,8813641.73,C984836217,597511.12,386223.93,0
742,TRANSFER,63416.99,C778071008,63416.99,0.0,C1812552860,0.0,0.0,1
15,PAYMENT,13911.44,C1037546151,269087.98,255176.54,M816947735,0.0,0.0,0
210,CASH_OUT,182340.92,C920497563,0.0,0.0,C494581993,476906.84,659247.76,0
135,TRANSFER,257841.97,C61198546,0.0,0.0,C1216239401,392804.6,650646.57,0
132,CASH_OUT,81887.06,C1118684530,0.0,0.0,C663230713,120414.99,202302.05,0
260,PAYMENT,1658.36,C967940973,0.0,0.0,M1014885550,0.0,0.0,0
399,CASH_IN,168397.82,C1289691201,10514.0,178911.82,C347667878,131961.09,0.0,0
322,TRANSFER,9208368.83,C1256410677,9208368.83,0.0,C1153188048,0.0,0.0,1
503,PAYMENT,1330.71,C1583990230,21636.0,20305.29,M754811333,0.0,0.0,0
39,TRANSFER,691530.64,C17384285,0.0,0.0,C2096067467,2240462.49,2738500.19,0
255,CASH_OUT,361834.9,C249939587,17081.0,0.0,C1920717794,266055.78,627890.68,0
47,TRANSFER,200589.97,C888380936,1366.0,0.0,C171275430,0.0,200589.97,0
42,CASH_OUT,24048.19,C216002849,16653.0,0.0,C1219272447,0.0,24048.19,0
283,PAYMENT,4005.57,C850218430,108555.0,104549.43,M1370220803,0.0,0.0,0
406,CASH_IN,92236.37,C213960212,14545625.18,14637861.55,C1197188258,665915.3,573678.93,0
131,CASH_OUT,76588.85,C1106211633,4004.0,0.0,C331539518,218635.64,408135.55,0
403,CASH_OUT,264339.78,C1627918307,0.0,0.0,C655046473,1057793.93,1322133.71,0
267,CASH_OUT,1654055.02,C1415942962,1654055.02,0.0,C1560476015,2165407.21,3819462.24,1
306,TRANSFER,1126231.98,C723039120,0.0,0.0,C1005478043,1344529.29,2470761.27,0
351,TRANSFER,204553.16,C1060231435,0.0,0.0,C545678897,315645.62,520198.78,0
308,PAYMENT,19930.8,C2082027930,0.0,0.0,M1119800071,0.0,0.0,0
183,CASH_OUT,140221.58,C1422000947,189993.0,49771.42,C1675698987,513349.74,653571.31,0
377,CASH_OUT,383358.87,C31538136,0.0,0.0,C781083195,2703970.59,3087329.47,0
142,PAYMENT,17885.78,C1763937117,21553.0,3667.22,M8408734,0.0,0.0,0
157,PAYMENT,13707.58,C2022271661,0.0,0.0,M214221082,0.0,0.0,0
50,CASH_OUT,592737.43,C300034494,592737.43,0.0,C206270107,163646.39,756383.82,1
202,CASH_OUT,182428.35,C24925581,6042.0,0.0,C995734710,846532.05,1028960.4,0
283,CASH_OUT,150741.58,C1090439444,0.0,0.0,C1405541818,574031.21,724772.79,0
236,PAYMENT,10672.49,C1380742197,29888.0,19215.51,M460079872,0.0,0.0,0
332,CASH_IN,346915.08,C1755559622,17134463.42,17481378.5,C1576836568,725776.66,378861.58,0
262,PAYMENT,1814.75,C1557488783,32376.0,30561.25,M659273629,0.0,0.0,0
253,CASH_IN,82122.35,C314763608,665951.93,748074.28,C883363392,99069.73,16947.38,0
356,CASH_IN,191555.57,C464734347,11377935.35,11569490.92,C1961176822,2910224.18,3026188.38,0
254,PAYMENT,11460.57,C1881481652,22098.24,10637.66,M296738861,0.0,0.0,0
303,CASH_OUT,359082.72,C1417073522,37475.0,0.0,C1030809114,0.0,359082.72,0
133,CASH_OUT,142613.89,C1158498418,51724.0,0.0,C1005856130,305519.77,448133.66,0
164,CASH_OUT,159108.69,C265106802,0.0,0.0,C77068654,327024.41,486133.1,0
254,CASH_IN,91232.12,C365179162,2360633.99,2451866.11,C202561083,1443134.25,1351902.13,0
332,CASH_IN,43285.33,C1834876339,1649565.45,1692850.79,C1658630892,3693396.56,3650111.22,0
229,PAYMENT,8760.99,C322262616,14099.0,5338.01,M1475377187,0.0,0.0,0
351,CASH_IN,343247.16,C1643885418,30440.0,373687.16,C1227920452,3469060.41,3125813.26,0
227,CASH_OUT,166511.37,C1138637468,189017.1,22505.72,C1834208935,923635.62,1090146.99,0
161,CASH_IN,370507.36,C1999381915,14850.0,385357.36,C1079305567,172128.04,0.0,0
369,TRANSFER,89596.79,C1585320500,89596.79,0.0,C1154746832,0.0,0.0,1
154,PAYMENT,23055.07,C157087523,0.0,0.0,M1665794767,0.0,0.0,0
42,PAYMENT,2120.05,C1335093015,0.0,0.0,M1179189125,0.0,0.0,0
11,PAYMENT,3505.25,C733832623,0.0,0.0,M912139149,0.0,0.0,0
48,PAYMENT,9516.68,C222316072,80988.0,71471.32,M1919883020,0.0,0.0,0
233,CASH_IN,360055.17,C1770293175,734611.62,1094666.79,C1849933855,3607891.23,3247836.06,0
43,CASH_IN,5488.32,C596202758,22172.0,27660.32,C1226599531,0.0,0.0,0
347,CASH_OUT,171190.59,C985131472,10213.0,0.0,C236539573,0.0,171190.59,0
37,PAYMENT,9921.59,C846009424,595389.37,585467.78,M640037271,0.0,0.0,0
353,CASH_IN,264403.42,C1183058745,10777.0,275180.42,C1072781484,3574.68,0.0,0
156,CASH_IN,298855.95,C1675954901,20878.0,319733.95,C485123046,553015.17,254159.22,0
373,DEBIT,3161.0,C458073818,572.0,0.0,C1665238825,398640.37,401801.37,0
161,CASH_IN,11580.37,C1239080105,5724240.69,5735821.05,C1644000681,175987.34,164406.97,0
574,CASH_OUT,109119.0,C1108301749,0.0,0.0,C913607245,2799619.97,2908738.97,0
163,CASH_IN,335945.11,C904491192,9944762.44,10280707.56,C359337408,1535155.96,1381309.94,0
34,PAYMENT,17108.38,C1642706352,96075.1,78966.73,M1959897250,0.0,0.0,0
187,PAYMENT,2015.97,C616447561,509031.47,507015.49,M1532736199,0.0,0.0,0
204,PAYMENT,2062.42,C1764928899,15111.0,13048.58,M10391564,0.0,0.0,0
187,CASH_OUT,25658.81,C1505639444,0.0,0.0,C882933705,536894.92,838351.41,0
37,PAYMENT,7012.77,C210977499,62671.77,55659.0,M751470420,0.0,0.0,0
13,PAYMENT,5926.09,C992586810,256247.47,250321.38,M387214554,0.0,0.0,0
454,TRANSFER,404185.57,C1287154806,404185.57,0.0,C351712967,0.0,0.0,1
401,CASH_OUT,119923.08,C1484806536,0.0,0.0,C635385918,1466575.73,1586498.81,0
155,PAYMENT,25489.76,C241913003,99741.0,74251.24,M2107138746,0.0,0.0,0
301,PAYMENT,27025.0,C18781948,2597.0,0.0,M1701887745,0.0,0.0,0
186,PAYMENT,9047.94,C1083212021,28831.0,19783.06,M1706968952,0.0,0.0,0
281,CASH_OUT,21706.67,C1604161909,0.0,0.0,C1609562230,18500107.39,18521814.05,0
350,CASH_IN,202094.76,C1951441579,10613714.75,10815809.51,C828908697,2802633.91,2600539.15,0
396,PAYMENT,11646.61,C738329990,1337.0,0.0,M172147331,0.0,0.0,0
690,PAYMENT,2519.68,C1172333971,151733.0,149213.32,M826890500,0.0,0.0,0
403,PAYMENT,30946.06,C80666766,10026.0,0.0,M1931539671,0.0,0.0,0
204,CASH_IN,443832.74,C638962264,239513.62,683346.35,C1500398982,906143.8,462311.07,0
329,PAYMENT,14146.36,C1817271151,0.0,0.0,M1256239161,0.0,0.0,0
307,PAYMENT,13719.3,C606057784,0.0,0.0,M704859170,0.0,0.0,0
709,CASH_IN,278438.64,C1594470672,16989.0,295427.64,C1339014011,53448.97,0.0,0
119,CASH_OUT,30676.24,C61060904,0.0,0.0,C1126810433,601835.57,632511.81,0
188,CASH_OUT,188937.76,C688474581,0.0,0.0,C440143685,945819.1,1134756.87,0
21,PAYMENT,5683.83,C821442876,0.0,0.0,M1523958261,0.0,0.0,0
119,PAYMENT,3700.11,C92970589,465.0,0.0,M895470417,0.0,0.0,0
154,TRANSFER,4530.71,C525094295,4530.71,0.0,C1227140527,0.0,0.0,1
254,CASH_OUT,386908.89,C399883334,11319.0,0.0,C1691641939,0.0,386908.89,0
180,CASH_OUT,38203.39,C749494329,0.0,0.0,C1648740837,85582.36,123785.75,0
157,PAYMENT,31833.44,C354055266,0.0,0.0,M550476432,0.0,0.0,0
372,CASH_OUT,65984.35,C1778897869,1027.0,0.0,C46396029,50761.42,116745.78,0
162,CASH_IN,139776.57,C1415869266,1477380.08,1617156.66,C385456030,142646.22,2869.65,0
140,CASH_OUT,83536.33,C984467038,114.0,0.0,C2022307426,0.0,83536.33,0
17,CASH_OUT,287874.49,C1876532527,0.0,0.0,C1715875758,912300.79,1200175.28,0
404,CASH_IN,202746.06,C74094504,4156369.03,4359115.1,C536108373,263900.27,61154.2,0
348,PAYMENT,31999.86,C552084325,0.0,0.0,M616895971,0.0,0.0,0
144,PAYMENT,8713.35,C1009140941,832.0,0.0,M1693666399,0.0,0.0,0
140,CASH_OUT,101888.53,C124217054,159.0,0.0,C1840962260,4145001.71,4246890.23,0
39,PAYMENT,6252.35,C378731065,100941.0,94688.65,M1360464952,0.0,0.0,0
162,CASH_OUT,134699.73,C433738129,140398.0,5698.27,C2094787533,0.0,134699.73,0
326,PAYMENT,18075.06,C1708606228,71351.0,53275.94,M1388674887,0.0,0.0,0
48,CASH_OUT,231695.75,C960391761,0.0,0.0,C1913513067,259920.01,491615.77,0
191,PAYMENT,4613.69,C1904107098,0.0,0.0,M1035405803,0.0,0.0,0
379,CASH_OUT,102105.2,C181251272,0.0,0.0,C535417416,163984.3,266089.51,0
375,PAYMENT,17465.09,C1617318242,563.0,0.0,M1154048630,0.0,0.0,0
379,CASH_IN,51302.86,C1305013771,268.0,51570.86,C2131176671,0.0,0.0,0
379,PAYMENT,28646.22,C371671949,145303.0,116656.78,M579772582,0.0,0.0,0
16,TRANSFER,679872.51,C140471833,0.0,0.0,C1148798076,1368142.97,2048015.47,0
275,TRANSFER,4162555.99,C1124374325,4162555.99,0.0,C460771007,0.0,0.0,1
184,PAYMENT,29368.19,C13079825,0.0,0.0,M1626054515,0.0,0.0,0
304,CASH_IN,125665.34,C1105661794,3423466.72,3549132.06,C922040166,211318.98,85653.65,0
396,TRANSFER,1974727.89,C1385531651,0.0,0.0,C724749584,6989194.61,8963922.51,0
21,PAYMENT,17586.42,C1830253852,0.0,0.0,M1464877379,0.0,0.0,0
373,CASH_OUT,202725.4,C284790015,0.0,0.0,C691823955,686846.59,889571.98,0
204,CASH_OUT,342428.71,C253430203,0.0,0.0,C2082628894,2231757.06,2574185.77,0
139,CASH_IN,40921.07,C851853367,353890.1,394811.17,C1158705084,226492.0,185570.93,0
280,CASH_IN,8747.13,C2065414830,977057.88,985805.01,C925066309,9486896.09,9478148.96,0
141,CASH_OUT,245898.55,C1963912488,19635.0,0.0,C1573070769,423414.24,669312.79,0
43,CASH_IN,84698.3,C1153769808,158.0,84856.3,C787489619,1613096.82,1980871.62,0
328,CASH_OUT,130935.95,C1583033299,10805.0,0.0,C1141349007,304363.48,435299.43,0
206,TRANSFER,291323.55,C243313281,97853.0,0.0,C1348815716,84382.89,375706.43,0
206,CASH_IN,341184.49,C1944633995,2513197.85,2854382.34,C1161977305,657338.67,316154.18,0
283,TRANSFER,457592.1,C328311416,14918.0,0.0,C1013780730,1506938.17,1964530.27,0
132,PAYMENT,29460.38,C579071773,88166.0,58705.62,M50225777,0.0,0.0,0
525,PAYMENT,3565.98,C1936566342,0.0,0.0,M1902001443,0.0,0.0,0
399,PAYMENT,15625.12,C1497508634,0.0,0.0,M495606034,0.0,0.0,0
181,CASH_OUT,50511.58,C1835102700,8413.21,0.0,C2040064302,242848.9,293360.47,0
309,PAYMENT,5007.67,C585523632,0.0,0.0,M2075923970,0.0,0.0,0
369,PAYMENT,30084.15,C1835267481,49584.59,19500.44,M38526707,0.0,0.0,0
236,CASH_OUT,137746.38,C840213832,9573.0,0.0,C1619715320,0.0,137746.38,0
178,PAYMENT,10756.41,C996763111,70965.0,60208.59,M1057868912,0.0,0.0,0
325,TRANSFER,1621797.12,C1652762615,34163.0,0.0,C754833198,98650.03,1720447.15,0
186,CASH_IN,166652.84,C1228177863,18761242.66,18927895.49,C2073781839,3319674.86,3153022.02,0
338,CASH_OUT,387039.95,C1987777761,0.0,0.0,C1670922644,3186800.97,3573840.93,0
213,PAYMENT,11053.25,C1947766038,117.0,0.0,M359328990,0.0,0.0,0
358,CASH_IN,124058.09,C193340671,26097.0,150155.09,C1739827788,0.0,0.0,0
153,TRANSFER,1481654.19,C1330710435,0.0,0.0,C671543393,4038364.16,5520018.35,0
371,CASH_IN,100522.83,C1998230327,8077402.63,8177925.45,C890646374,3634127.93,3533605.1,0
142,CASH_OUT,8043.46,C716523724,0.0,0.0,C623921799,585998.67,594042.13,0
154,PAYMENT,29238.45,C1206197164,203129.0,173890.55,M364643953,0.0,0.0,0
393,PAYMENT,29297.27,C941333300,235570.0,206272.73,M209526692,0.0,0.0,0
300,PAYMENT,6502.35,C1093762395,48941.4,42439.05,M211804115,0.0,0.0,0
273,CASH_IN,13859.25,C2029100546,267020.39,280879.64,C1985004260,337452.96,323593.71,0
355,TRANSFER,9134791.67,C940266076,0.0,0.0,C1387674302,12663162.74,21797954.4,0
374,CASH_OUT,96507.85,C1132754087,0.0,0.0,C1667275192,294376.11,390883.95,0
275,CASH_IN,255015.36,C245832342,15068886.89,15323902.25,C869024815,446050.42,191035.05,0
355,CASH_IN,178505.73,C1413461618,5147.0,183652.73,C280288394,484113.67,305607.94,0
351,CASH_IN,121715.05,C1982099014,385749.29,507464.34,C1846784992,856637.1,734922.04,0
324,CASH_OUT,445468.23,C591655157,26666.8,0.0,C1030436736,4290849.22,4736317.44,0
398,CASH_IN,104516.12,C1580001048,5296208.14,5400724.26,C256788335,753743.39,649227.27,0
322,CASH_OUT,176375.42,C2076029415,0.0,0.0,C1987494745,1072179.54,1248554.96,0
155,PAYMENT,26533.85,C312748107,24801.0,0.0,M1731064709,0.0,0.0,0
681,PAYMENT,1944.32,C1081602212,0.0,0.0,M1286413800,0.0,0.0,0
590,PAYMENT,6801.21,C1176742414,0.0,0.0,M1663110506,0.0,0.0,0
288,PAYMENT,105759.98,C103167612,21742.0,0.0,M264051105,0.0,0.0,0
374,TRANSFER,168080.85,C1984680167,193323.0,25242.15,C1392183748,525356.59,693437.44,0
331,PAYMENT,3796.23,C1432850426,7025.0,3228.77,M37493658,0.0,0.0,0
281,PAYMENT,10849.27,C789675430,150.0,0.0,M1575307486,0.0,0.0,0
179,CASH_OUT,108945.97,C1081844255,0.0,0.0,C1952745530,7751057.18,7860003.15,0
179,CASH_IN,119936.89,C1114586267,9932381.93,10052318.82,C472368859,431535.08,311598.19,0
45,TRANSFER,1491951.74,C622505903,0.0,0.0,C701546927,4534623.2,6026574.93,0
235,PAYMENT,21831.31,C1459851489,34045.0,12213.69,M1970590324,0.0,0.0,0
139,PAYMENT,2190.0,C1878838481,211006.74,208816.74,M308176940,0.0,0.0,0
192,PAYMENT,7687.62,C911468841,122550.18,114862.56,M1049238924,0.0,0.0,0
163,CASH_OUT,98166.45,C1282770921,218.0,0.0,C7321283,0.0,98166.45,0
17,CASH_OUT,456760.75,C137065522,0.0,0.0,C485673269,842750.98,1299511.72,0
728,CASH_OUT,252667.75,C1817806739,252667.75,0.0,C84626312,0.0,252667.75,1
188,CASH_OUT,155031.5,C785629995,0.0,0.0,C1891988441,1239291.62,1394323.11,0
276,PAYMENT,13750.52,C322848869,0.0,0.0,M214360425,0.0,0.0,0
358,CASH_OUT,257202.17,C1546893043,0.0,0.0,C1463403776,1616982.67,1874184.83,0
16,PAYMENT,6204.52,C490221314,100157.0,93952.48,M1148865479,0.0,0.0,0
251,PAYMENT,26928.45,C1380561525,0.0,0.0,M1966116788,0.0,0.0,0
163,PAYMENT,10131.55,C1796508259,207362.47,197230.92,M1678950058,0.0,0.0,0
467,TRANSFER,171623.1,C1057975418,171623.1,0.0,C864888723,0.0,0.0,1
402,PAYMENT,1178.89,C1083558253,19242.0,18063.11,M825396910,0.0,0.0,0
239,TRANSFER,425221.11,C1501009751,425221.11,0.0,C1337988556,0.0,0.0,1
206,TRANSFER,1983689.12,C1107258549,0.0,0.0,C1037860187,3006444.96,5137640.16,0
332,PAYMENT,24432.38,C1571136418,0.0,0.0,M1102282396,0.0,0.0,0
135,CASH_IN,19787.84,C619391718,8457154.25,8476942.09,C1114235292,1129639.47,1109851.63,0
33,PAYMENT,15435.07,C377502052,70622.03,55186.96,M237289803,0.0,0.0,0
323,PAYMENT,12782.27,C2104439750,0.0,0.0,M1907060822,0.0,0.0,0
164,CASH_OUT,135858.05,C433004008,3928.0,0.0,C1212348869,162352.71,298210.76,0
381,PAYMENT,15234.35,C725703191,243.0,0.0,M1665985561,0.0,0.0,0
153,CASH_IN,27211.8,C1226908737,50332.0,77543.8,C1678539826,0.0,0.0,0
39,PAYMENT,13522.2,C1333065669,20151.0,6628.8,M8652750,0.0,0.0,0
249,CASH_IN,394522.7,C938529335,19455638.41,19850161.11,C1459177588,3658594.31,3264071.6,0
184,CASH_IN,518042.13,C1322753247,14967.0,533009.13,C364290198,289093.68,0.0,0
134,PAYMENT,11058.32,C1619894000,0.0,0.0,M1099936982,0.0,0.0,0
308,TRANSFER,60662.34,C629012081,0.0,0.0,C681549879,1459086.38,1519748.72,0
160,CASH_OUT,288277.19,C256604549,0.0,0.0,C1656655130,299625.65,587902.84,0
403,CASH_OUT,44435.05,C799966953,213853.0,169417.95,C1595031844,251649.89,296084.95,0
162,CASH_OUT,119041.16,C998445493,36175.19,0.0,C1546276986,4270139.45,4389180.61,0
130,PAYMENT,1577.96,C2109373783,0.0,0.0,M2014890680,0.0,0.0,0
252,PAYMENT,7933.01,C377754816,51002.0,43068.99,M1425048565,0.0,0.0,0
231,TRANSFER,757386.5,C1634465899,65984.05,0.0,C1200843729,1072004.14,1829390.64,0
13,CASH_IN,13052.5,C859933433,11458846.01,11471898.52,C588856109,96672.0,436969.14,0
396,PAYMENT,18530.98,C109623112,117102.0,98571.02,M403340007,0.0,0.0,0
186,PAYMENT,9826.38,C1779895655,0.0,0.0,M44458427,0.0,0.0,0
396,CASH_IN,528179.5,C310071763,1342328.04,1870507.54,C2047530347,1088718.52,560539.01,0
372,PAYMENT,25514.34,C325551840,435862.13,410347.79,M411432232,0.0,0.0,0
301,TRANSFER,47995.05,C1447946903,0.0,0.0,C863811613,48213949.58,48261944.63,0
305,CASH_IN,108184.18,C978815035,3032.0,111216.18,C1474753322,0.0,0.0,0
570,PAYMENT,7295.93,C208438947,50630.7,43334.77,M709587318,0.0,0.0,0
230,TRANSFER,1955835.42,C885242276,0.0,0.0,C1140223380,10303265.18,12259100.61,0
231,PAYMENT,3375.15,C859092702,20474.0,17098.85,M2070195398,0.0,0.0,0
285,CASH_IN,17409.84,C1660850488,95922.0,113331.84,C1556357565,254194.03,236784.2,0
157,PAYMENT,4581.78,C904645496,0.0,0.0,M1705910725,0.0,0.0,0
21,CASH_IN,471425.9,C2143446982,907585.85,1379011.74,C1017113849,6820812.44,6349386.54,0
329,CASH_OUT,275858.47,C775230304,0.0,0.0,C1885078983,372309.15,648167.62,0
163,CASH_OUT,39572.27,C1826163956,801.0,0.0,C947117830,107433.67,147005.94,0
261,PAYMENT,2583.08,C645291889,73762.0,71178.92,M773729033,0.0,0.0,0
257,PAYMENT,12778.09,C1744040833,0.0,0.0,M233343308,0.0,0.0,0
278,CASH_IN,120066.35,C1613684160,972513.94,1092580.29,C901547522,190067.17,70000.82,0
164,PAYMENT,11847.02,C1441794514,15861.0,4013.98,M1641769533,0.0,0.0,0
18,CASH_OUT,46176.22,C1004279475,623591.67,577415.45,C2066205012,0.0,0.0,0
349,PAYMENT,18797.23,C1938240444,0.0,0.0,M2048619007,0.0,0.0,0
183,CASH_IN,131545.87,C517999851,11185.0,142730.87,C381709838,0.0,0.0,0
279,CASH_OUT,43450.4,C2052214886,0.0,0.0,C2046827594,51551.59,95001.99,0
17,PAYMENT,19222.76,C412728361,2413525.38,2394302.62,M1867183880,0.0,0.0,0
302,TRANSFER,549909.81,C1417172293,0.0,0.0,C1256775177,3564741.04,4114650.85,0
226,CASH_OUT,220604.18,C1268794463,0.0,0.0,C2018163639,638291.87,858896.05,0
13,CASH_OUT,93973.2,C2062702882,0.0,0.0,C1558468137,323737.17,417710.38,0
154,CASH_IN,66020.02,C1268939054,9251165.4,9317185.42,C582929724,151166.0,85145.98,0
303,PAYMENT,23433.86,C1274822690,104200.0,80766.14,M552596860,0.0,0.0,0
304,PAYMENT,29654.38,C1592936811,21140.0,0.0,M1414347843,0.0,0.0,0
237,CASH_OUT,131767.12,C155028416,197448.0,65680.88,C928748853,392078.01,523845.14,0
301,PAYMENT,3822.81,C1237041317,0.0,0.0,M960576554,0.0,0.0,0
398,CASH_IN,222018.13,C868061784,1679629.6,1901647.72,C350451863,2974366.59,2752348.47,0
331,PAYMENT,14640.41,C1620871566,12258.91,0.0,M145822041,0.0,0.0,0
239,PAYMENT,7712.58,C202020000,16689.0,8976.42,M563638193,0.0,0.0,0
134,CASH_OUT,258670.24,C1578240748,15039.87,0.0,C925166078,953989.86,1212660.1,0
403,TRANSFER,522240.01,C1156331450,0.0,0.0,C1945951066,14656761.2,15179001.21,0
19,PAYMENT,4561.05,C279514271,231956.35,227395.3,M228871133,0.0,0.0,0
207,PAYMENT,10424.05,C1171936532,0.0,0.0,M489260470,0.0,0.0,0
399,PAYMENT,28679.45,C1122964647,70554.0,41874.55,M2078516345,0.0,0.0,0
229,PAYMENT,17292.22,C1517984571,105208.0,87915.78,M791318194,0.0,0.0,0
136,TRANSFER,285825.73,C443630714,133748.0,0.0,C498744437,4028718.39,4314544.12,0
184,PAYMENT,11276.67,C1879714626,0.0,0.0,M1672540682,0.0,0.0,0
331,CASH_IN,176221.57,C1376627393,316326.0,492547.57,C1236433427,0.0,0.0,0
312,CASH_OUT,435060.9,C1376184791,0.0,0.0,C52712254,584681.98,1019742.88,0
232,PAYMENT,6200.52,C303965236,374797.55,368597.03,M581124662,0.0,0.0,0
524,PAYMENT,28004.29,C1845133084,268.0,0.0,M1476462496,0.0,0.0,0
249,CASH_OUT,396779.69,C128791818,14789.0,0.0,C424465541,165844.48,562624.17,0
274,CASH_IN,173024.48,C1849380231,55032.0,228056.48,C507324791,0.0,0.0,0
282,CASH_IN,215206.92,C846220819,7852082.48,8067289.4,C1632054793,547965.11,202288.54,0
42,TRANSFER,838793.9,C816657572,0.0,0.0,C836125870,1749237.13,2588031.04,0
354,PAYMENT,191.64,C644173638,1098.0,906.36,M1199701609,0.0,0.0,0
33,CASH_OUT,274862.26,C1696258973,0.0,0.0,C1601654175,1001649.04,1276511.3,0
715,CASH_OUT,133166.46,C1497750589,50015.0,0.0,C732010003,0.0,133166.46,0
281,CASH_OUT,281782.15,C579989221,18335.0,0.0,C1954488519,234266.33,516048.48,0
399,CASH_OUT,118652.95,C1548279093,0.0,0.0,C1208096316,1034819.15,1153472.09,0
136,CASH_OUT,448615.57,C928894410,11885.0,0.0,C1433334090,110938.17,559553.73,0
282,TRANSFER,134944.22,C762111007,12311.0,0.0,C422381525,998234.75,1133178.97,0
402,CASH_OUT,92299.8,C71652673,0.0,0.0,C136599051,3332460.65,3424760.44,0
351,CASH_OUT,588987.87,C188463510,31327.0,0.0,C2107657682,83833.92,672821.79,0
617,CASH_OUT,158189.11,C985364764,31955.0,0.0,C1548012231,31006.5,189195.6,0
353,PAYMENT,24251.42,C1935010121,0.0,0.0,M21938856,0.0,0.0,0
252,CASH_OUT,124494.05,C1555232784,31098.0,0.0,C1568171323,0.0,124494.05,0
384,CASH_OUT,293802.64,C491039337,0.0,0.0,C1875622790,728214.24,1022016.88,0
323,PAYMENT,14047.85,C784746448,0.0,0.0,M446999816,0.0,0.0,0
358,PAYMENT,155.46,C1309264990,96775.94,96620.48,M1453495252,0.0,0.0,0
135,CASH_IN,219406.59,C1887110625,107.0,219513.59,C669710957,0.0,0.0,0
36,PAYMENT,14781.93,C1813973742,1253.0,0.0,M1446387332,0.0,0.0,0
134,PAYMENT,6877.29,C1559983579,0.0,0.0,M502262754,0.0,0.0,0
36,CASH_OUT,199404.1,C1219672476,0.0,0.0,C1323400400,430532.66,629936.76,0
353,CASH_IN,109906.3,C753317258,10094167.89,10204074.19,C1879374451,534298.13,424391.84,0
207,CASH_OUT,114617.0,C225282316,0.0,0.0,C1914291223,582777.69,697394.69,0
331,PAYMENT,4013.58,C575507940,0.0,0.0,M1990718102,0.0,0.0,0
540,CASH_OUT,192657.88,C1740805308,0.0,0.0,C2082278679,369206.21,561864.09,0
406,PAYMENT,7956.78,C812277656,30701.0,22744.22,M1340274759,0.0,0.0,0
13,CASH_OUT,207329.86,C1796353856,12690.0,0.0,C1037045436,2629038.84,2836368.69,0
469,PAYMENT,15404.94,C817663820,179610.99,164206.05,M251319790,0.0,0.0,0
11,CASH_OUT,210314.29,C1045637674,0.0,0.0,C891089759,30298591.85,30508906.14,0
329,CASH_OUT,264918.33,C374663391,10425.0,0.0,C867090493,75109.18,340027.51,0
522,CASH_IN,149245.05,C772873639,49591.0,198836.05,C1473410741,46193.43,0.0,0
166,PAYMENT,3398.48,C306880414,72029.0,68630.52,M953162223,0.0,0.0,0
239,PAYMENT,7398.7,C446070734,603206.0,595807.3,M454899720,0.0,0.0,0
42,TRANSFER,439304.62,C595306264,0.0,0.0,C533716896,552825.3,992129.91,0
10,CASH_OUT,1521.2,C2042380964,193210.78,191689.58,C775476302,13230.69,14751.89,0
11,CASH_OUT,248553.45,C1141591098,0.0,0.0,C1100767002,2423335.37,2671888.82,0
329,CASH_OUT,284991.64,C609885469,8486.25,0.0,C1200026583,330967.8,615959.44,0
329,CASH_OUT,237463.39,C1447766849,0.0,0.0,C1008167225,282081.77,519545.16,0
403,CASH_OUT,139061.37,C73460830,0.0,0.0,C1616405041,5570229.3,5709290.67,0
34,CASH_IN,173826.16,C1313603061,154639.0,328465.16,C1879797174,0.0,0.0,0
253,CASH_OUT,66831.55,C941203833,0.0,0.0,C2038673645,1185636.09,1252467.64,0
377,CASH_IN,529832.88,C653347397,9385597.11,9915429.99,C1645463370,714720.21,184887.33,0
282,PAYMENT,9676.27,C1929146240,52139.64,42463.37,M1318199064,0.0,0.0,0
159,CASH_IN,19896.12,C277451791,2323256.21,2343152.33,C1058045286,1817236.17,1797340.05,0
161,PAYMENT,12938.58,C1739796532,116006.94,103068.36,M1455280217,0.0,0.0,0
180,PAYMENT,9280.16,C1282699053,0.0,0.0,M780164537,0.0,0.0,0
9,PAYMENT,11400.83,C1235559880,14612.75,3211.92,M443772605,0.0,0.0,0
131,CASH_IN,146216.22,C1674218289,27387.0,173603.22,C1579093907,521278.67,375062.44,0
736,TRANSFER,10000000.0,C412961249,11314660.84,1314660.84,C253674970,0.0,0.0,1
471,PAYMENT,37180.19,C679714358,0.0,0.0,M2036034238,0.0,0.0,0
567,CASH_IN,224062.25,C1707206556,118732.0,342794.25,C475844238,4617488.35,4393426.11,0
211,CASH_IN,192440.1,C859897951,8854430.64,9046870.74,C1809928376,479730.86,287290.77,0
44,CASH_OUT,174263.2,C254819768,0.0,0.0,C831897456,741644.48,1732343.79,0
276,CASH_IN,147474.91,C102767812,31802.0,179276.91,C1375056181,361187.97,213713.05,0
24,TRANSFER,857442.82,C2069245647,0.0,0.0,C974975026,1467271.05,2324713.87,0
134,CASH_IN,469231.58,C2102297948,27695671.88,28164903.46,C991633018,5124397.64,4655166.06,0
163,CASH_OUT,8165.37,C1462040968,190891.0,182725.63,C1986785726,1635273.81,1643439.18,0
565,PAYMENT,1149.94,C632286581,0.0,0.0,M4989205,0.0,0.0,0
394,CASH_IN,28293.36,C676486203,1649431.47,1677724.83,C1745104627,2739984.76,2711691.4,0
396,PAYMENT,70012.08,C1670553914,25589.43,0.0,M1033895774,0.0,0.0,0
129,PAYMENT,11016.19,C416006554,0.0,0.0,M173122705,0.0,0.0,0
211,PAYMENT,21193.76,C776578191,306786.62,285592.86,M10588220,0.0,0.0,0
164,CASH_OUT,311004.51,C980457116,0.0,0.0,C2035905274,409582.03,720586.54,0
333,CASH_OUT,122585.61,C808091350,29725.0,0.0,C743716602,0.0,122585.61,0
45,PAYMENT,8586.42,C2014509610,0.0,0.0,M1585079493,0.0,0.0,0
355,PAYMENT,14528.11,C497618820,87358.79,72830.68,M1262175964,0.0,0.0,0
18,CASH_OUT,84663.21,C678789030,131.0,0.0,C53200310,544127.46,985625.2,0
350,PAYMENT,5729.18,C639258655,203275.59,197546.4,M1203276247,0.0,0.0,0
204,TRANSFER,532803.82,C1730602543,0.0,0.0,C731344096,4526549.84,5059353.67,0
279,TRANSFER,428346.79,C1581237623,12560.0,0.0,C889798345,20223.45,448570.24,0
402,PAYMENT,10028.27,C699500798,352362.0,342333.73,M1947220826,0.0,0.0,0
282,PAYMENT,19702.06,C244523329,12429.7,0.0,M1027593133,0.0,0.0,0
42,PAYMENT,327.29,C1300312972,42726.09,42398.8,M1495253857,0.0,0.0,0
461,CASH_OUT,6273660.45,C107395739,6273660.45,0.0,C133285167,763912.31,7037572.76,1
137,TRANSFER,721547.24,C927592435,0.0,0.0,C590719120,1474936.31,2196483.55,0
40,PAYMENT,35433.02,C859961554,0.0,0.0,M202972365,0.0,0.0,0
406,PAYMENT,9228.23,C1038521164,0.0,0.0,M1348970364,0.0,0.0,0
405,PAYMENT,1454.51,C1478135733,251.0,0.0,M1976500960,0.0,0.0,0
684,TRANSFER,907296.99,C1596280117,0.0,0.0,C835551256,8591613.33,9498910.32,0
375,CASH_OUT,246172.49,C1807190177,0.0,0.0,C466991709,1271552.54,1517725.02,0
137,PAYMENT,14176.55,C654471232,16061.0,1884.45,M283105640,0.0,0.0,0
548,TRANSFER,235913.43,C138627729,59692.0,0.0,C2021815328,8208.96,244122.39,0
10,PAYMENT,13036.49,C975124045,71937.0,58900.51,M844679824,0.0,0.0,0
20,PAYMENT,970.08,C126814307,50869.0,49898.92,M1394456148,0.0,0.0,0
179,PAYMENT,12810.47,C1448530926,923.0,0.0,M904055250,0.0,0.0,0
205,CASH_OUT,266351.43,C636779044,10881.0,0.0,C872799090,31749.34,298100.77,0
188,PAYMENT,7301.95,C1377580464,57424.54,50122.59,M1591586335,0.0,0.0,0
257,TRANSFER,166747.04,C1755284436,0.0,0.0,C2099862810,964010.09,1130757.13,0
131,CASH_IN,192079.83,C431630618,10208.0,202287.83,C159527831,244085.83,52005.99,0
305,PAYMENT,7042.32,C524553496,517172.38,510130.06,M411559837,0.0,0.0,0
21,PAYMENT,2366.61,C688787290,226966.05,224599.44,M2132703224,0.0,0.0,0
398,CASH_OUT,51304.13,C851037686,0.0,0.0,C1327805970,191678.25,242982.38,0
47,PAYMENT,15121.56,C2119962712,0.0,0.0,M51197760,0.0,0.0,0
211,CASH_OUT,66824.47,C1964498310,0.0,0.0,C1345585961,4609028.38,4675852.85,0
180,PAYMENT,8986.03,C720826514,238243.0,229256.97,M237635763,0.0,0.0,0
160,CASH_IN,188944.46,C819707396,4686969.3,4875913.76,C426798810,337837.63,277123.93,0
375,PAYMENT,12001.91,C2042779424,851.0,0.0,M1542413582,0.0,0.0,0
375,CASH_OUT,64017.26,C136758843,109773.0,45755.74,C273214473,97049.01,161066.27,0
306,CASH_IN,318954.16,C1354404215,20479.0,339433.16,C976960438,0.0,0.0,0
396,PAYMENT,34584.05,C1837644332,150481.72,115897.66,M551716517,0.0,0.0,0
303,CASH_IN,77113.87,C21468803,7759312.09,7836425.96,C1903692544,142581.36,65467.5,0
131,CASH_OUT,89943.83,C1726288254,59585.0,0.0,C1481193175,989474.07,1079417.9,0
257,CASH_OUT,141678.79,C391260058,0.0,0.0,C1898113600,675567.32,817246.12,0
214,CASH_IN,338108.26,C2077123178,956019.69,1294127.94,C993060940,891374.45,553266.19,0
371,PAYMENT,25052.64,C365017913,30865.0,5812.36,M1566499939,0.0,0.0,0
379,CASH_IN,13675.1,C1334130242,16110.0,29785.1,C2051817222,131541.59,117866.49,0
211,PAYMENT,5644.03,C1876946644,70945.0,65300.97,M1263424396,0.0,0.0,0
279,CASH_IN,130229.6,C1739127356,3282.0,133511.6,C2035453025,567167.92,436938.32,0
587,CASH_OUT,288263.38,C747807405,288263.38,0.0,C1626435934,67081.67,355345.05,1
162,CASH_IN,92354.33,C1180000072,71441.0,163795.33,C1934020531,1414119.27,1321764.94,0
399,CASH_OUT,293331.6,C1253523267,0.0,0.0,C1081896799,491315.07,784646.67,0
227,CASH_OUT,421945.74,C1567056316,31234.0,0.0,C2046839101,0.0,421945.74,0
396,PAYMENT,12948.36,C2098188193,50613.0,37664.64,M1993288028,0.0,0.0,0
232,TRANSFER,796597.84,C1221708397,0.0,0.0,C1416152350,11964671.96,12761269.8,0
156,CASH_IN,353942.01,C1899768096,8809849.57,9163791.58,C339430069,398013.04,44071.03,0
94,PAYMENT,12272.57,C620346833,279376.31,267103.74,M1719900398,0.0,0.0,0
180,CASH_IN,136682.47,C1146260897,8244665.24,8381347.71,C1756581782,196730.35,60047.88,0
65,CASH_OUT,126690.14,C1827521206,126690.14,0.0,C1015650621,353834.29,480524.43,1
393,CASH_OUT,307997.74,C1863589096,0.0,0.0,C1086315202,4125391.41,4433389.15,0
133,TRANSFER,819234.33,C1027505056,76866.0,0.0,C2028512226,4886823.6,5706057.93,0
215,PAYMENT,9035.85,C284952462,61547.0,52511.15,M1633099851,0.0,0.0,0
182,CASH_OUT,103145.34,C1877598233,0.0,0.0,C1156098317,2008964.02,2112109.35,0
307,CASH_OUT,63881.19,C258546938,22289.68,0.0,C1548931173,609447.51,673328.7,0
328,CASH_IN,79702.86,C361654165,6276447.39,6356150.25,C1881677040,219177.0,139474.13,0
241,PAYMENT,4260.16,C809234517,34467.0,30206.84,M1683945673,0.0,0.0,0
297,CASH_IN,96239.97,C278918131,6775078.61,6871318.58,C1136594415,116813.33,20573.36,0
373,CASH_IN,208391.76,C1889489593,8883302.48,9091694.24,C161121079,640280.81,606765.19,0
330,CASH_OUT,17290.41,C771121840,129.0,0.0,C977212762,87401.28,104691.69,0
381,PAYMENT,4087.39,C1073682140,20698.0,16610.61,M1102244596,0.0,0.0,0
404,CASH_OUT,262404.78,C758379361,0.0,0.0,C500816066,589202.18,851606.96,0
380,CASH_OUT,154147.73,C1549149472,0.0,0.0,C430778805,163750.05,317897.78,0
574,PAYMENT,471.1,C576010756,67310.0,66838.9,M1514289972,0.0,0.0,0
591,TRANSFER,221107.56,C1387397359,221107.56,0.0,C1005726924,0.0,0.0,1
187,PAYMENT,3675.64,C1785391736,360287.79,356612.15,M453119075,0.0,0.0,0
235,PAYMENT,763.98,C1252495227,791.0,27.02,M698710215,0.0,0.0,0
250,CASH_OUT,187397.01,C1588098047,107850.0,0.0,C851491713,0.0,267063.31,0
38,CASH_OUT,33646.73,C1742965253,0.0,0.0,C1044100176,6730627.6,6764274.33,0
321,TRANSFER,51449.91,C1365612331,0.0,0.0,C221740463,165242.75,216692.66,0
12,CASH_IN,312219.26,C852821775,771166.01,1083385.27,C793850902,699533.92,132367.86,0
160,CASH_OUT,134469.95,C1660180579,0.0,0.0,C538210699,2761510.48,2895980.43,0
403,PAYMENT,15599.3,C1408771332,299721.0,284121.7,M2146273700,0.0,0.0,0
297,CASH_OUT,171729.97,C731119114,0.0,0.0,C1364797124,679725.5,851455.47,0
37,CASH_OUT,523798.17,C928541278,0.0,0.0,C103960476,1105779.54,1629577.7,0
227,CASH_IN,182386.07,C830236448,17368619.79,17551005.86,C1619178631,191681.94,9295.87,0
160,CASH_IN,6945.19,C1352365238,4815617.44,4822562.63,C51868642,665073.04,658127.85,0
283,CASH_OUT,35264.92,C463353127,0.0,0.0,C497154565,191141.04,226405.96,0
643,TRANSFER,3092085.39,C1658683875,3092085.39,0.0,C137816170,0.0,0.0,1
181,PAYMENT,27145.55,C1057745151,21447.0,0.0,M105110864,0.0,0.0,0
260,PAYMENT,5198.63,C1403836336,153384.0,148185.37,M1394264730,0.0,0.0,0
255,CASH_IN,65864.77,C1665046388,4349355.42,4415220.19,C1928733985,1910381.48,1844516.72,0
136,CASH_IN,121087.03,C385689348,974.0,122061.03,C2139238566,50594.21,0.0,0
132,CASH_OUT,78904.24,C204522721,0.0,0.0,C933514244,863236.93,942141.17,0
252,CASH_IN,204081.05,C86267506,4218013.43,4422094.48,C2066012436,533953.55,329872.51,0
18,PAYMENT,20480.61,C1959749918,0.0,0.0,M1068236571,0.0,0.0,0
686,CASH_IN,14784.13,C214115149,1596153.99,1610938.12,C2061866455,95159.16,80375.03,0
141,CASH_IN,40428.7,C1812086355,5614435.66,5654864.36,C248226755,311552.7,271123.99,0
540,PAYMENT,7367.86,C791113342,332471.5,325103.65,M172814949,0.0,0.0,0
135,PAYMENT,44324.11,C1341612153,541693.49,497369.39,M1654149419,0.0,0.0,0
330,CASH_OUT,176676.46,C348646971,20328.0,0.0,C544235964,600648.53,777324.99,0
377,PAYMENT,1187.33,C522466044,21318.0,20130.67,M53131999,0.0,0.0,0
16,CASH_IN,182423.32,C1243456802,5040968.65,5223391.97,C655702946,1555661.82,1373238.49,0
236,CASH_IN,225898.79,C1183974909,1488709.27,1714608.07,C1738798488,338996.95,113098.16,0
37,PAYMENT,2791.3,C1306154427,0.0,0.0,M1019085098,0.0,0.0,0
234,CASH_IN,288145.77,C862961431,104665.0,392810.77,C1720060078,53238.82,0.0,0
394,CASH_IN,64964.65,C468649354,4001835.35,4066800.0,C664038638,4346419.67,4281455.03,0
378,TRANSFER,4409182.2,C1924229337,0.0,0.0,C267665165,6255089.01,10664271.21,0
354,PAYMENT,12608.02,C931382359,42249.0,29640.98,M521047681,0.0,0.0,0
19,CASH_OUT,353957.78,C451243941,0.0,0.0,C1997254547,812533.12,1166490.9,0
162,CASH_OUT,208759.31,C1336631332,0.0,0.0,C1397244538,5257194.93,5465954.25,0
226,PAYMENT,20693.64,C1775501002,0.0,0.0,M1352783162,0.0,0.0,0
206,PAYMENT,21237.48,C159970326,24171.0,2933.52,M316401196,0.0,0.0,0
312,PAYMENT,14356.15,C746211699,49910.0,35553.85,M468795610,0.0,0.0,0
205,CASH_OUT,374041.73,C1848746049,0.0,0.0,C52256577,902234.37,1276276.1,0
154,CASH_OUT,221188.65,C815685049,116329.84,0.0,C1486434379,4195067.92,4416256.57,0
484,CASH_OUT,67692.41,C1608782511,67692.41,0.0,C465350675,25595.6,93288.0,1
44,CASH_OUT,16701.28,C842704830,1727.0,0.0,C1225203070,767464.88,784166.15,0
185,TRANSFER,164213.17,C236258946,164213.17,0.0,C439854722,0.0,0.0,1
582,CASH_OUT,781988.85,C1367702961,781988.85,0.0,C2040799056,0.0,781988.85,1
396,CASH_OUT,34161.12,C214365218,11392.0,0.0,C1702068814,131598.15,165759.27,0
407,PAYMENT,13145.03,C24847640,0.0,0.0,M1447741664,0.0,0.0,0
190,CASH_OUT,10000000.0,C950353738,10000000.0,0.0,C1401949177,2876.18,10002876.18,1
190,PAYMENT,15624.32,C1534553971,337.0,0.0,M1258745327,0.0,0.0,0
38,PAYMENT,12146.33,C1827863249,12939.0,792.67,M206600528,0.0,0.0,0
182,CASH_OUT,196517.42,C1488690512,295.0,0.0,C932987656,209132.68,405650.09,0
251,PAYMENT,20372.54,C168600316,176346.95,155974.41,M1918964201,0.0,0.0,0
259,TRANSFER,216980.42,C1675140897,40112.0,0.0,C906814258,0.0,216980.42,0
260,PAYMENT,21021.02,C2038137294,0.0,0.0,M261068385,0.0,0.0,0
278,CASH_OUT,794.1,C42197371,0.0,0.0,C1925068880,350511.76,351305.86,0
400,PAYMENT,13191.73,C1991880470,0.0,0.0,M1723585749,0.0,0.0,0
212,CASH_IN,85623.22,C1057522417,4493.0,90116.22,C413444413,161673.13,76049.9,0
39,CASH_IN,150608.82,C179615368,1018946.29,1169555.11,C1136370866,2529196.67,2378587.85,0
308,CASH_OUT,205262.61,C1511158153,0.0,0.0,C2005344266,271921.56,477184.17,0
282,CASH_OUT,341878.48,C296259280,17636.0,0.0,C317854280,1644847.55,1986726.03,0
163,PAYMENT,13138.1,C472965734,0.0,0.0,M165517101,0.0,0.0,0
262,CASH_OUT,174877.2,C1969019080,0.0,0.0,C71215560,589818.23,764695.44,0
522,CASH_OUT,269924.83,C1285260358,0.0,0.0,C893835138,300315.12,570239.96,0
212,CASH_OUT,101115.41,C80217886,0.0,0.0,C1548360295,454258.83,555374.25,0
399,CASH_IN,359921.53,C1458960719,186775.59,546697.12,C865933657,1506928.78,1147007.25,0
53,TRANSFER,99139.27,C831891422,99139.27,0.0,C1984865103,0.0,0.0,1
44,CASH_OUT,21105.15,C536057980,70145.0,49039.85,C2000088290,0.0,21105.15,0
378,CASH_IN,11985.13,C1931507937,6063502.67,6075487.8,C751714788,7934525.45,7922540.32,0
35,PAYMENT,32747.95,C1188692353,128.0,0.0,M2104630969,0.0,0.0,0
236,TRANSFER,559144.86,C1521777868,0.0,0.0,C700873181,1042909.49,1602054.35,0
582,CASH_IN,147989.13,C1492678216,6957389.64,7105378.77,C393334447,1590357.52,1442368.39,0
226,CASH_OUT,230318.91,C1845595936,50003.0,0.0,C822494531,4896780.25,5127099.16,0
162,PAYMENT,5884.33,C1093211078,0.0,0.0,M1264925681,0.0,0.0,0
590,PAYMENT,8664.33,C1900079392,0.0,0.0,M1697630773,0.0,0.0,0
228,CASH_OUT,37165.1,C2050607296,45114.0,7948.9,C1639707416,1142088.43,1179253.53,0
8,CASH_IN,87916.65,C1575860485,5588967.54,5676884.18,C141213117,556802.65,0.0,0
18,CASH_OUT,236738.26,C723598536,60532.0,0.0,C894964785,146862.11,477560.53,0
15,CASH_IN,147209.4,C1830346647,15018444.38,15165653.77,C1897992858,601701.69,454492.29,0
133,PAYMENT,17145.11,C900372559,0.0,0.0,M518945470,0.0,0.0,0
325,TRANSFER,1125417.53,C1750448380,40250.0,0.0,C1438594533,53336.35,1178753.87,0
155,CASH_IN,77479.36,C1806626237,2010755.37,2088234.73,C757046706,355360.73,123551.71,0
348,CASH_OUT,204814.17,C1770872232,0.0,0.0,C142132588,220495.55,425309.72,0
39,TRANSFER,480269.7,C32408109,0.0,0.0,C1050445022,940047.47,1420317.17,0
331,CASH_OUT,56104.81,C957510441,3011.0,0.0,C1691263393,11071532.13,11127636.93,0
348,CASH_IN,104510.0,C1237075344,4573306.7,4677816.7,C2009584852,107205.05,2695.05,0
404,PAYMENT,5716.69,C1709007334,66347.0,60630.31,M1245257405,0.0,0.0,0
180,CASH_IN,111475.78,C944692052,10769.0,122244.78,C639034604,9371201.79,9259726.01,0
16,CASH_OUT,146412.86,C1207844961,189463.0,43050.14,C1681374928,928760.76,1919465.81,0
131,CASH_IN,161733.69,C1416193243,12185566.07,12347299.75,C2010661205,1358125.53,1196391.85,0
179,PAYMENT,11176.05,C1795278201,1174.0,0.0,M1327174937,0.0,0.0,0
161,CASH_IN,1138.57,C338377121,16555952.24,16557090.81,C479269116,560983.45,559844.87,0
259,PAYMENT,8466.52,C1953041232,134.0,0.0,M1727460528,0.0,0.0,0
21,CASH_IN,110036.9,C1424773210,9347677.25,9457714.15,C2145867337,3794555.6,3684518.71,0
405,CASH_OUT,158679.92,C481855255,74966.0,0.0,C1022816541,0.0,158679.92,0
394,CASH_OUT,45960.95,C915088976,0.0,0.0,C1107050787,164433.44,210394.39,0
35,PAYMENT,16857.19,C271982115,99762.0,82904.81,M1074027794,0.0,0.0,0
273,PAYMENT,633.13,C217083675,709.0,75.87,M1507809179,0.0,0.0,0
40,CASH_IN,99316.46,C1935208391,124866.0,224182.46,C816671300,0.0,0.0,0
154,CASH_OUT,480217.52,C782749574,61086.0,0.0,C1152519362,414615.64,894833.16,0
274,CASH_OUT,295560.48,C852966989,8182.0,0.0,C1276895583,2282981.6,2578542.08,0
15,PAYMENT,5545.22,C9390813,0.0,0.0,M1922406492,0.0,0.0,0
136,PAYMENT,40387.41,C701665696,0.0,0.0,M1056179104,0.0,0.0,0
383,PAYMENT,4303.36,C235610302,17090.0,12786.64,M404610897,0.0,0.0,0
35,CASH_OUT,67894.84,C462733215,0.0,0.0,C1205936125,192817.06,260711.9,0
130,PAYMENT,5684.55,C1947579008,0.0,0.0,M1047061272,0.0,0.0,0
544,CASH_OUT,260863.14,C758599209,9531.0,0.0,C920099778,388981.68,649844.82,0
356,CASH_OUT,258591.2,C334477263,0.0,0.0,C2095034531,879625.79,1138216.99,0
153,CASH_OUT,90581.15,C1828672672,4191.0,0.0,C1432083914,6006166.38,6096747.53,0
283,CASH_OUT,155970.73,C820378277,0.0,0.0,C2000960953,535564.39,691535.13,0
352,CASH_OUT,560.69,C458941311,0.0,0.0,C152850355,4254368.53,4254929.23,0
204,CASH_OUT,24082.28,C2094232575,15019.0,0.0,C2099167361,0.0,0.0,0
311,CASH_IN,168287.87,C756416899,11242.0,179529.87,C1531074995,12190725.77,12022437.91,0
22,CASH_OUT,367673.8,C1066620923,60712.0,0.0,C1932062101,1733751.01,2101424.81,0
305,TRANSFER,9125779.63,C1453959147,23867.0,0.0,C111419109,0.0,9125779.63,0
259,CASH_OUT,261114.79,C1374932489,0.0,0.0,C1758173420,1023516.16,1284630.95,0
378,PAYMENT,16190.53,C621444180,84929.0,68738.47,M1543743104,0.0,0.0,0
9,CASH_OUT,85695.16,C837421336,506859.0,421163.84,C1178384092,104264.0,189959.16,0
383,TRANSFER,83701.39,C333275725,0.0,0.0,C1867471510,10126891.7,10210593.1,0
8,PAYMENT,25113.52,C2069475937,3345644.07,3320530.55,M1032896521,0.0,0.0,0
284,PAYMENT,37236.91,C1181629695,0.0,0.0,M1105186828,0.0,0.0,0
330,CASH_OUT,226156.15,C1856031500,0.0,0.0,C1917629738,4572497.7,4798653.85,0
310,PAYMENT,792.73,C576106307,50155.0,49362.27,M446924123,0.0,0.0,0
274,CASH_OUT,92207.82,C270869652,21114.0,0.0,C490688282,0.0,92207.82,0
396,CASH_IN,59946.73,C1453776554,16406442.76,16466389.48,C1040385868,240546.85,180600.13,0
379,CASH_OUT,57420.71,C1755366668,0.0,0.0,C1089532044,67471.21,124891.92,0
323,CASH_OUT,271394.41,C875169041,0.0,0.0,C226375793,1278856.39,1550250.8,0
138,PAYMENT,11888.04,C174716372,224764.0,212875.96,M1771287425,0.0,0.0,0
15,CASH_OUT,35253.86,C1021959609,297697.94,262444.08,C160967008,1304932.46,1340186.32,0
133,CASH_IN,35654.0,C624244557,751619.92,787273.93,C213105924,293949.76,258295.76,0
179,CASH_IN,127590.21,C992731891,35611.0,163201.21,C557715756,0.0,0.0,0
44,PAYMENT,8401.44,C2053273732,0.0,0.0,M147886839,0.0,0.0,0
177,CASH_OUT,345795.92,C1815667285,11656.0,0.0,C1508316375,2729717.88,3075513.8,0
34,CASH_OUT,478767.9,C896892160,31041.0,0.0,C1549015033,0.0,478767.9,0
455,PAYMENT,13890.06,C246364933,17370.0,3479.94,M1421513822,0.0,0.0,0
277,CASH_OUT,185184.33,C765856200,0.0,0.0,C855403265,11913787.05,12098971.38,0
205,CASH_OUT,306098.33,C867784396,75236.1,0.0,C1768366707,1005183.33,1311281.66,0
252,CASH_IN,639532.41,C2028647807,13504.77,653037.17,C2049962157,0.0,0.0,0
44,CASH_OUT,121231.01,C2036768836,102755.0,0.0,C957175845,1200088.73,1321319.74,0
255,CASH_IN,18676.43,C2134363803,21839557.08,21858233.51,C655304842,232822.33,214145.9,0
397,PAYMENT,75800.22,C1477667441,5317.0,0.0,M692708518,0.0,0.0,0
134,PAYMENT,17097.35,C807060438,339764.1,322666.76,M1619284762,0.0,0.0,0
370,CASH_OUT,268596.27,C828738662,0.0,0.0,C196896743,834760.59,1103356.87,0
304,CASH_IN,88416.21,C721950701,267144.0,355560.21,C1316469401,4769340.48,4680924.27,0
306,CASH_OUT,251050.08,C378268450,20238.0,0.0,C979533621,4445.38,255495.46,0
322,CASH_OUT,15563.16,C158957825,0.0,0.0,C1727255678,966510.74,982073.9,0
538,CASH_OUT,222900.11,C1050481657,0.0,0.0,C2033854074,253595.39,476495.5,0
230,CASH_OUT,170634.9,C1306141721,0.0,0.0,C444610240,1549281.36,1719916.26,0
178,CASH_IN,49891.97,C1230730557,3660.0,53551.97,C606174015,6844210.84,6836513.38,0
399,TRANSFER,604080.4,C1551190060,0.0,0.0,C429812029,2305062.01,2909142.41,0
233,PAYMENT,39798.25,C807516480,7195.92,0.0,M1357193952,0.0,0.0,0
208,CASH_OUT,257199.85,C2018209235,0.0,0.0,C363043537,4278239.71,4535439.57,0
373,CASH_OUT,228268.39,C1496514849,106031.0,0.0,C67975963,0.0,228268.39,0
351,CASH_IN,283251.25,C967354707,33748554.09,34031805.34,C1349667209,882387.38,599136.13,0
376,PAYMENT,14966.0,C1172103001,50112.0,35146.0,M174907874,0.0,0.0,0
399,PAYMENT,16169.05,C1739192028,0.0,0.0,M1075461894,0.0,0.0,0
157,PAYMENT,25047.58,C151129357,25723.29,675.71,M1366471979,0.0,0.0,0
34,CASH_OUT,232628.69,C1333573612,0.0,0.0,C1521170186,468520.77,1365400.28,0
233,TRANSFER,1067094.42,C1170103875,258655.0,0.0,C996606252,7253253.26,8320347.68,0
228,CASH_IN,124956.97,C1041833799,516581.0,641537.97,C122834721,1831903.44,1706946.48,0
188,CASH_IN,35773.42,C750625174,780.0,36553.42,C572276573,0.0,0.0,0
421,CASH_OUT,10000000.0,C1162717928,10000000.0,0.0,C2053317483,0.0,10000000.0,1
140,PAYMENT,11038.21,C823490110,0.0,0.0,M2017241635,0.0,0.0,0
356,CASH_IN,275284.88,C1098050489,4088033.81,4363318.69,C1265481673,560813.87,285528.99,0
399,CASH_IN,93251.77,C1864792666,1408042.8,1501294.56,C447408783,3399742.83,3306491.06,0
251,PAYMENT,2100.75,C932745143,27636.62,25535.87,M2038805294,0.0,0.0,0
164,PAYMENT,12950.38,C1772677328,10244.0,0.0,M510209652,0.0,0.0,0
235,CASH_IN,14370.8,C1064238620,9476646.45,9491017.25,C441470526,164486.24,150115.44,0
297,PAYMENT,23508.78,C1720376454,0.0,0.0,M391748144,0.0,0.0,0
253,TRANSFER,424790.7,C1879082185,0.0,0.0,C1751768780,3416576.9,3841367.6,0
323,CASH_IN,49978.86,C200204128,2142269.14,2192247.99,C1013124368,4047009.76,3997030.9,0
202,CASH_OUT,267352.49,C606139286,50371.0,0.0,C401318907,206831.11,337219.47,0
394,CASH_OUT,318515.5,C960440817,456.0,0.0,C2012142824,1761.86,320277.36,0
237,CASH_OUT,102937.32,C1400447781,0.0,0.0,C1549276421,3201828.37,3304765.7,0
590,PAYMENT,4409.96,C741925920,32672.0,28262.04,M707457593,0.0,0.0,0
250,TRANSFER,4029103.91,C379391415,646283.2,0.0,C316237449,889442.21,4918546.12,0
308,CASH_IN,329916.09,C1667325083,12715696.07,13045612.16,C369751660,5035818.54,4705902.45,0
601,TRANSFER,1054244.29,C1474454143,1054244.29,0.0,C2096107271,0.0,0.0,1
17,CASH_IN,275522.75,C1660706496,27332.0,302854.75,C740490228,0.0,0.0,0
153,PAYMENT,18947.65,C1500192663,8029.0,0.0,M1699380379,0.0,0.0,0
184,CASH_IN,209768.94,C1984378916,21350326.35,21560095.29,C652611413,1072832.31,863063.38,0
310,PAYMENT,10896.78,C1115440764,31981.0,21084.22,M467755114,0.0,0.0,0
538,TRANSFER,394242.6,C1786957566,0.0,0.0,C2109210506,943210.08,1337452.68,0
17,CASH_OUT,384976.0,C606220090,253994.99,0.0,C654001678,610850.3,995826.29,0
404,CASH_OUT,27374.37,C1102413119,192.0,0.0,C1816674267,0.0,27374.37,0
139,PAYMENT,20429.43,C540021122,0.0,0.0,M1484205961,0.0,0.0,0
379,PAYMENT,17785.42,C698508082,19867.35,2081.93,M404962288,0.0,0.0,0
684,CASH_IN,62470.65,C53464901,105612.0,168082.65,C1562198621,0.0,0.0,0
159,CASH_OUT,43707.8,C1247408639,0.0,0.0,C951766450,752668.52,796376.32,0
307,CASH_OUT,116339.51,C1975906247,0.0,0.0,C1156669224,317585.12,433924.64,0
404,PAYMENT,5081.78,C1944389803,57560.83,52479.06,M257626229,0.0,0.0,0
376,CASH_IN,196642.26,C78048669,148494.12,345136.39,C682933683,2354645.94,2158003.68,0
282,CASH_OUT,423408.59,C1049506582,0.0,0.0,C1937674006,1942319.26,2365727.85,0
357,TRANSFER,2915689.01,C434080590,86197.12,0.0,C1315017893,4740756.34,7656445.36,0
378,CASH_IN,77839.25,C1269978106,407742.72,485581.97,C1973130387,275116.2,197276.94,0
284,CASH_IN,240978.93,C655042203,3183087.7,3424066.63,C1834928360,762388.15,521409.22,0
286,PAYMENT,3268.98,C1004828959,339916.0,336647.02,M1820016459,0.0,0.0,0
161,CASH_OUT,52267.16,C1692436056,11355.0,0.0,C1323233156,0.0,52267.16,0
142,CASH_IN,21681.87,C1138787949,168651.0,190332.87,C914969906,10505.28,0.0,0
343,CASH_OUT,802417.45,C1482135035,802417.45,0.0,C172797825,49645.31,852062.77,1
380,PAYMENT,27210.98,C2109749297,25517.0,0.0,M1903170269,0.0,0.0,0
331,PAYMENT,12022.29,C441269371,905.0,0.0,M401154118,0.0,0.0,0
188,CASH_OUT,118039.15,C668605891,0.0,0.0,C53495173,869074.82,987113.98,0
227,CASH_OUT,376427.4,C1273647088,0.0,0.0,C2142650443,1213890.88,1590318.28,0
398,CASH_OUT,102151.97,C217573788,31204.0,0.0,C786683986,153724.19,255876.16,0
257,PAYMENT,25099.37,C281104675,31211.0,6111.63,M1734913520,0.0,0.0,0
209,CASH_OUT,45605.75,C69734170,596343.78,550738.03,C1556779183,328501.09,374106.84,0
283,CASH_IN,100509.23,C1249492425,5699258.32,5799767.55,C401263309,613917.33,513408.1,0
353,PAYMENT,6609.69,C375719471,222108.0,215498.31,M1731607768,0.0,0.0,0
213,CASH_OUT,103275.62,C1446021047,0.0,0.0,C1086975596,221521.35,324796.97,0
166,PAYMENT,10432.98,C247584051,397854.82,387421.84,M2019586893,0.0,0.0,0
179,CASH_OUT,38989.97,C986493573,20905.0,0.0,C650657798,11131475.43,11170465.41,0
143,PAYMENT,14577.85,C259441891,45457.0,30879.15,M1987168017,0.0,0.0,0
190,CASH_OUT,48191.08,C568958211,0.0,0.0,C989841745,1171327.54,1219518.62,0
231,CASH_OUT,64120.18,C152282538,20064.0,0.0,C635281078,8371138.14,8435258.32,0
279,CASH_OUT,213574.88,C939622620,2076.0,0.0,C1446102285,592961.32,806536.19,0
332,DEBIT,2944.2,C312598273,11103.0,8158.8,C504245100,283980.37,286924.58,0
205,CASH_IN,83908.93,C274972741,5387222.34,5471131.27,C581846611,1212580.61,1128671.68,0
20,CASH_IN,207545.39,C1527058817,46499.73,254045.13,C1345585961,1596922.45,1389377.06,0
350,CASH_OUT,137282.33,C212584155,397975.16,260692.83,C1588535309,763093.92,900376.25,0
16,PAYMENT,15808.8,C1787670265,0.0,0.0,M1485638787,0.0,0.0,0
18,CASH_OUT,366062.63,C1374011821,0.0,0.0,C541986173,646978.85,868880.29,0
20,CASH_IN,388214.38,C76333112,1014793.85,1403008.22,C76953235,1540047.56,1622138.24,0
253,PAYMENT,21752.48,C1534940550,245409.0,223656.52,M923554255,0.0,0.0,0
15,TRANSFER,409271.27,C1548814440,0.0,0.0,C2022632011,6589411.74,6998683.01,0
366,TRANSFER,1846748.79,C1895315229,1846748.79,0.0,C1691229227,0.0,0.0,1
297,PAYMENT,10919.09,C1366005581,0.0,0.0,M292503141,0.0,0.0,0
155,CASH_OUT,92920.2,C554893784,14981.0,0.0,C856764552,0.0,92920.2,0
231,PAYMENT,20471.47,C124346057,580937.14,560465.67,M248142592,0.0,0.0,0
736,CASH_OUT,10000000.0,C1842402025,10000000.0,0.0,C1291939349,0.0,10000000.0,1
304,CASH_IN,105749.91,C55193076,838952.37,944702.28,C1557822203,1593035.5,1487285.59,0
278,CASH_IN,122121.12,C2091985688,11170.0,133291.12,C1090740291,0.0,0.0,0
234,CASH_OUT,107244.45,C1227889662,51777.0,0.0,C1805483175,106916.26,214160.71,0
396,CASH_OUT,427819.06,C1182374940,0.0,0.0,C1405618978,1791571.03,2219390.09,0
259,CASH_OUT,224703.53,C330647509,0.0,0.0,C33991866,869898.0,1094601.53,0
323,CASH_OUT,275762.54,C1327211254,22652.68,0.0,C899512436,2190293.58,2466056.12,0
38,CASH_OUT,417795.81,C1483658856,103482.61,0.0,C1182304496,1010203.54,1091778.82,0
585,CASH_OUT,8286342.51,C1320375746,8286342.51,0.0,C2056964049,9538756.13,17825098.64,1
179,CASH_IN,151588.86,C1177886918,2124292.74,2275881.59,C332356931,321610.53,170021.68,0
375,PAYMENT,6158.74,C1639402922,0.0,0.0,M1571416258,0.0,0.0,0
376,PAYMENT,31347.08,C876552478,77.0,0.0,M142829851,0.0,0.0,0
133,CASH_IN,127221.18,C569877446,4246701.9,4373923.09,C631141908,200784.48,73563.29,0
19,CASH_OUT,118571.53,C796547874,0.0,0.0,C1256150570,1674910.21,1665053.37,0
234,CASH_IN,190979.39,C1684575967,99111.0,290090.39,C1413891042,488421.71,297442.32,0
278,PAYMENT,16898.87,C423352303,0.0,0.0,M1938753975,0.0,0.0,0
379,PAYMENT,40971.1,C1545324473,0.0,0.0,M1203633216,0.0,0.0,0
42,PAYMENT,8329.63,C1340161011,1475.0,0.0,M1968660606,0.0,0.0,0
257,PAYMENT,993.02,C111870186,1414.0,420.98,M1704203365,0.0,0.0,0
39,TRANSFER,222046.68,C1925112823,0.0,0.0,C316758057,2183376.56,2534777.23,0
305,CASH_OUT,157340.0,C222479833,0.0,0.0,C1373646133,803350.67,960690.67,0
161,CASH_IN,321277.92,C2077340209,9550.0,330827.92,C1986406372,1110928.54,789650.62,0
375,CASH_OUT,821138.21,C1967126736,821138.21,0.0,C1968363460,1944521.52,2765659.73,1
42,TRANSFER,6573.44,C276920821,0.0,0.0,C2099998439,725541.61,732115.06,0
273,CASH_OUT,132842.96,C1036059387,219009.0,86166.04,C997349662,758918.08,891761.04,0
328,CASH_OUT,337424.84,C1283122064,0.0,0.0,C145894240,12110691.15,12448115.99,0
394,PAYMENT,16093.94,C206297132,83953.0,67859.06,M352407908,0.0,0.0,0
135,CASH_OUT,243087.01,C1351520246,0.0,0.0,C1715881547,306343.38,549430.39,0
298,CASH_OUT,186623.73,C1856544262,0.0,0.0,C2100253219,428560.42,615184.15,0
302,PAYMENT,10744.17,C346041326,204483.68,193739.51,M1132498673,0.0,0.0,0
283,CASH_IN,212576.28,C1285060061,8628280.55,8840856.82,C848942205,233082.15,20505.87,0
358,TRANSFER,400884.35,C285099342,0.0,0.0,C883252426,7948808.06,8349692.42,0
379,CASH_IN,219226.69,C1497467401,3045.0,222271.69,C542853976,642768.16,423541.46,0
186,CASH_OUT,19427.56,C2081815987,498.0,0.0,C128897990,0.0,19427.56,0
205,CASH_OUT,193158.51,C352912553,25180.0,0.0,C265494805,1001249.2,1194407.71,0
280,CASH_OUT,262447.55,C665174815,15554.0,0.0,C285636250,291775.37,554222.92,0
332,PAYMENT,5187.09,C401556333,275514.0,270326.91,M1016644660,0.0,0.0,0
688,CASH_OUT,297506.74,C1896351204,49800.0,0.0,C1288600081,0.0,297506.74,0
325,CASH_OUT,526708.9,C1559796686,0.0,0.0,C502478015,1328211.36,1854920.26,0
284,CASH_IN,56875.69,C546919017,605619.91,662495.6,C1125195068,90418.93,33543.24,0
369,PAYMENT,86.48,C450875424,0.0,0.0,M1045369357,0.0,0.0,0
346,TRANSFER,1719077.9,C53079883,0.0,0.0,C1874855884,2490572.27,4209650.17,0
355,CASH_IN,222291.82,C861236762,5650036.19,5872328.01,C986300800,569798.43,347506.61,0
202,PAYMENT,6230.58,C1578217282,0.0,0.0,M1113331924,0.0,0.0,0
690,CASH_OUT,343429.34,C2015128737,343429.34,0.0,C1083108858,111504.02,454933.37,1
282,PAYMENT,2011.09,C1851899069,18116.0,16104.91,M3732588,0.0,0.0,0
376,CASH_OUT,88487.82,C153761119,0.0,0.0,C130777322,3537628.76,3626116.59,0
283,PAYMENT,7821.35,C1825507034,11098.0,3276.65,M67273819,0.0,0.0,0
373,CASH_IN,73024.95,C2011071954,7585798.53,7658823.48,C1407040190,94842.3,21817.36,0
136,TRANSFER,1387456.12,C340748183,0.0,0.0,C2069426193,2352770.4,3740226.52,0
22,TRANSFER,556301.72,C504626385,0.0,0.0,C8204498,1737531.06,2262771.04,0
323,CASH_OUT,554525.57,C769600982,51837.0,0.0,C1881705091,0.0,554525.57,0
161,CASH_OUT,193330.99,C1292681392,0.0,0.0,C211162376,4449078.16,4642409.15,0
330,CASH_OUT,205018.5,C886425575,0.0,0.0,C1272542123,1143406.0,1348424.5,0
299,PAYMENT,8863.3,C280426174,123792.0,114928.7,M1762178183,0.0,0.0,0
227,CASH_IN,107920.12,C1594531173,13564631.49,13672551.6,C1418369954,658669.06,550748.94,0
686,CASH_IN,313988.39,C1138415640,3053.0,317041.39,C766836664,0.0,0.0,0
154,CASH_IN,30701.52,C1512023285,5111585.43,5142286.95,C1506812315,1816439.77,1785738.25,0
284,CASH_OUT,307165.39,C1305186743,0.0,0.0,C350742791,3422348.79,3729514.18,0
177,CASH_IN,60027.51,C1701677503,40899.0,100926.51,C192399554,909544.49,849516.97,0
372,PAYMENT,47209.75,C163374536,162.0,0.0,M989845880,0.0,0.0,0
162,CASH_IN,82957.95,C99324901,3559.0,86516.95,C789361678,0.0,0.0,0
378,CASH_OUT,145632.12,C40175388,88216.0,0.0,C1529429461,0.0,145632.12,0
162,PAYMENT,24310.63,C613838606,29409.9,5099.27,M1677726550,0.0,0.0,0
402,CASH_IN,381783.04,C562674048,976185.82,1357968.87,C104702175,1595463.43,1213680.38,0
46,PAYMENT,14018.62,C266107795,105752.0,91733.38,M962895704,0.0,0.0,0
684,CASH_IN,122831.19,C1397386061,3985330.68,4108161.87,C625990971,1183131.52,1060300.33,0
158,CASH_IN,246677.0,C26097744,1537934.65,1784611.65,C644341459,395086.83,148409.83,0
213,TRANSFER,1123639.01,C1889530016,1123639.01,0.0,C1183190290,0.0,0.0,1
231,CASH_OUT,99520.16,C309976466,0.0,0.0,C1321634674,2145338.92,2244859.08,0
39,CASH_OUT,255829.41,C24940407,379.0,0.0,C1336070239,157690.93,413520.34,0
163,CASH_IN,378030.33,C1200174778,5354971.41,5733001.73,C2064206586,1942140.25,1564109.93,0
396,CASH_IN,92344.71,C1729229063,1799394.75,1891739.45,C2123302070,2005164.23,1912819.52,0
164,PAYMENT,2849.53,C1876732913,3280.99,431.46,M602382704,0.0,0.0,0
236,CASH_OUT,60924.72,C984257478,159153.48,98228.76,C1882491276,231260.93,292185.65,0
402,PAYMENT,11751.6,C864491202,0.0,0.0,M2138715402,0.0,0.0,0
259,CASH_OUT,122836.12,C1370587309,5013.0,0.0,C1656493048,169196.45,292032.58,0
161,CASH_OUT,449989.07,C2016181739,0.0,0.0,C651968109,571750.23,1021739.3,0
298,PAYMENT,29687.67,C1755710003,113465.37,83777.7,M1059325927,0.0,0.0,0
95,CASH_OUT,310985.33,C2022378435,0.0,0.0,C710029402,22457164.51,22768149.84,0
154,CASH_OUT,376690.46,C1626706105,23223.0,0.0,C723719877,302467.52,679157.98,0
184,PAYMENT,7615.57,C1714495380,22019.0,14403.43,M1503754298,0.0,0.0,0
286,CASH_IN,176716.25,C690892225,6424927.75,6601644.0,C342168926,463353.59,286637.34,0
329,PAYMENT,17718.02,C65526251,0.0,0.0,M334358340,0.0,0.0,0
671,TRANSFER,61505.06,C1590661770,61505.06,0.0,C1045739215,0.0,0.0,1
17,CASH_IN,35115.94,C3057011,1893458.55,1928574.49,C1896709289,351797.49,316681.55,0
373,CASH_OUT,139642.54,C640528332,11302.0,0.0,C1533810765,662392.29,802034.83,0
42,CASH_IN,99592.54,C528165224,225020.08,324612.61,C412759806,179323.77,79731.24,0
469,CASH_OUT,329099.67,C2040599569,428754.51,99654.84,C1654086156,1877750.23,2206849.9,0
691,CASH_IN,30691.71,C286590950,6846910.62,6877602.33,C16831376,77278.39,46586.68,0
236,PAYMENT,2947.84,C1176385098,0.0,0.0,M572986169,0.0,0.0,0
162,CASH_OUT,1147.39,C1871603011,62758.99,61611.6,C1966615898,393568.78,394716.17,0
153,CASH_OUT,384031.97,C1281057130,15766.0,0.0,C1212260467,0.0,384031.97,0
350,PAYMENT,41620.81,C1286269634,2711.0,0.0,M264224614,0.0,0.0,0
37,PAYMENT,2529.77,C2061848014,0.0,0.0,M1036184341,0.0,0.0,0
227,CASH_OUT,97826.9,C2117240255,0.0,0.0,C600819419,561379.8,659206.7,0
44,TRANSFER,100144.94,C1512117347,157842.0,57697.06,C1639581278,63370.3,163515.23,0
284,TRANSFER,174862.26,C1537721842,0.0,0.0,C1254948267,2770097.35,2795157.2,0
36,CASH_OUT,100606.99,C2078175031,0.0,0.0,C1877540885,1350777.88,1451384.86,0
346,PAYMENT,7658.42,C398439359,234544.47,226886.05,M1132108648,0.0,0.0,0
14,CASH_OUT,89802.62,C1030507474,50663.0,0.0,C942499609,879378.52,969181.15,0
355,PAYMENT,17148.77,C1317070069,0.0,0.0,M195284586,0.0,0.0,0
528,TRANSFER,1148719.42,C1486542455,632115.67,0.0,C1972714573,3529562.64,4678282.06,0
133,CASH_IN,259122.49,C826579030,4873073.05,5132195.55,C157416114,1939682.57,1680560.08,0
691,TRANSFER,185661.46,C1136245849,0.0,0.0,C1945745009,4076408.25,4262069.71,0
38,CASH_IN,99907.23,C1199912178,248738.0,348645.23,C307940147,26076.81,0.0,0
456,TRANSFER,10000000.0,C1807237119,10585396.14,585396.14,C1910239392,0.0,0.0,1
352,PAYMENT,23549.31,C1058857119,0.0,0.0,M834632796,0.0,0.0,0
161,CASH_OUT,89161.62,C1707527370,0.0,0.0,C2095926259,468243.65,557405.27,0
185,CASH_OUT,227560.16,C368012750,26019.0,0.0,C1900497494,0.0,227560.16,0
225,PAYMENT,9719.34,C348114029,0.0,0.0,M683026604,0.0,0.0,0
157,CASH_OUT,315374.0,C571150497,0.0,0.0,C1775406893,772868.72,1088242.72,0
332,TRANSFER,381778.43,C1417628731,0.0,0.0,C970554185,571434.17,953212.61,0
306,PAYMENT,35809.09,C91935023,0.0,0.0,M21040649,0.0,0.0,0
202,CASH_OUT,85277.46,C856151380,0.0,0.0,C919117871,271426.26,356703.72,0
284,PAYMENT,54774.24,C1834680704,0.0,0.0,M708173292,0.0,0.0,0
309,CASH_OUT,188047.93,C685417199,0.0,0.0,C1638450715,216950.51,333275.59,0
135,CASH_IN,113947.08,C46096643,688145.07,802092.16,C858684357,2635992.27,2522045.18,0
10,TRANSFER,93810.76,C481501970,93810.76,0.0,C1262577882,0.0,0.0,1
141,CASH_IN,331453.11,C914090240,2138105.45,2469558.56,C35153658,1052093.77,720640.66,0
187,CASH_IN,134750.92,C530816074,192569.0,327319.92,C675596795,846099.12,711348.19,0
41,PAYMENT,13769.7,C1955915485,256438.69,242668.99,M1785393145,0.0,0.0,0
203,TRANSFER,308994.61,C1280280089,0.0,0.0,C980685280,7851597.11,8160591.72,0
401,PAYMENT,13796.83,C115302829,722.18,0.0,M629544439,0.0,0.0,0
322,PAYMENT,15003.69,C1682949339,0.0,0.0,M1160106449,0.0,0.0,0
335,CASH_OUT,421132.9,C318067036,0.0,0.0,C698799929,462620.25,883753.15,0
347,TRANSFER,99272.06,C352390079,12444.0,0.0,C1106172828,265252.4,364524.45,0
329,CASH_OUT,61724.88,C1015697872,0.0,0.0,C1940757062,289241.66,350966.54,0
347,CASH_OUT,25488.67,C937497893,4569.0,0.0,C1008464211,1970487.6,1995976.27,0
358,CASH_OUT,327766.23,C886836761,0.0,0.0,C1483001955,365824.13,693590.36,0
163,CASH_IN,35743.5,C1948547862,653.0,36396.5,C896491611,87020.87,51277.36,0
353,PAYMENT,14647.75,C1060867340,0.0,0.0,M895567731,0.0,0.0,0
301,PAYMENT,98.17,C1098242380,0.0,0.0,M79193987,0.0,0.0,0
253,CASH_IN,11349.63,C2128562911,5607816.76,5619166.39,C2142478757,1253345.5,1241995.86,0
207,CASH_IN,89587.04,C562062832,9166114.53,9255701.57,C2088436643,671886.19,582299.14,0
259,PAYMENT,5270.79,C1695419795,10708.0,5437.21,M1135908913,0.0,0.0,0
7,PAYMENT,7554.35,C513953087,35036.0,27481.65,M1549979843,0.0,0.0,0
189,CASH_OUT,17597.59,C2139190408,0.0,0.0,C983440192,1405114.23,1422711.83,0
332,CASH_OUT,225859.0,C1730192604,244581.0,18722.0,C1831307902,271780.49,619217.51,0
393,TRANSFER,432958.83,C1282477979,432958.83,0.0,C1783092125,0.0,0.0,1
278,TRANSFER,396672.32,C1821045691,61832.0,0.0,C2044197048,0.0,396672.32,0
305,PAYMENT,4112.1,C2068319417,0.0,0.0,M1839118784,0.0,0.0,0
330,CASH_OUT,406383.18,C855529557,42860.0,0.0,C1841800166,385029.61,791412.79,0
208,CASH_OUT,55790.6,C83882658,0.0,0.0,C188612844,78321.3,134111.9,0
133,PAYMENT,1339.9,C1986433587,102893.0,101553.1,M33263836,0.0,0.0,0
272,TRANSFER,166972.46,C1290569824,166972.46,0.0,C771431962,0.0,0.0,1
276,CASH_IN,161301.81,C1484790816,709296.13,870597.94,C1045916123,1684301.66,1522999.85,0
209,PAYMENT,2631.85,C1894816193,159814.0,157182.15,M1130424107,0.0,0.0,0
185,CASH_IN,558473.29,C312010142,6197939.55,6756412.83,C986267724,2035718.85,1477245.57,0
402,CASH_OUT,163796.13,C1944498420,15103.0,0.0,C616781625,19092643.22,19256439.35,0
381,PAYMENT,1121.47,C274658775,5648.0,4526.53,M440250329,0.0,0.0,0
232,DEBIT,7331.61,C911024390,82.0,0.0,C671422227,421073.89,428405.5,0
373,CASH_OUT,251842.96,C486793485,0.0,0.0,C141172942,1606429.36,2128124.19,0
16,PAYMENT,35771.72,C36689093,277301.78,241530.06,M800319459,0.0,0.0,0
534,TRANSFER,492896.75,C1728027611,492896.75,0.0,C1170151190,0.0,0.0,1
255,CASH_OUT,363514.85,C1005521104,40154.0,0.0,C1123391038,7785592.58,8149107.43,0
235,CASH_IN,137064.77,C1536694074,1533104.96,1670169.72,C1185845078,386012.88,248948.11,0
472,CASH_OUT,235468.26,C1332803550,0.0,0.0,C1129235717,2870803.74,3106272.0,0
306,CASH_OUT,208037.98,C1983509505,21798.0,0.0,C366753057,0.0,208037.98,0
42,CASH_OUT,148723.71,C69733250,0.0,0.0,C432545183,339261.07,358306.82,0
188,CASH_IN,174846.99,C798798766,48485.0,223331.99,C1867235408,832330.42,657483.43,0
637,PAYMENT,7345.19,C1632254849,0.0,0.0,M1221666972,0.0,0.0,0
565,CASH_OUT,457175.54,C281589632,203209.43,0.0,C526491484,504494.09,961669.62,0
300,PAYMENT,26084.83,C437196606,403554.34,377469.52,M713571061,0.0,0.0,0
596,CASH_OUT,65409.54,C1667250319,0.0,0.0,C1329268932,88943.96,154353.49,0
332,CASH_IN,103157.55,C706877329,15131273.72,15234431.27,C633512377,2163108.74,2059951.19,0
211,PAYMENT,4221.67,C171802754,12525.0,8303.33,M4056531,0.0,0.0,0
393,CASH_OUT,269635.79,C2092055454,0.0,0.0,C718857804,3714100.12,3983735.91,0
330,CASH_OUT,196275.53,C154143961,34134.0,0.0,C196022276,0.0,196275.53,0
236,CASH_OUT,36535.29,C763585599,161587.91,125052.62,C1256737644,2641263.12,2677798.41,0
209,CASH_IN,70423.32,C1592314960,587688.24,658111.56,C1908236241,2035151.35,1964728.03,0
394,PAYMENT,11133.43,C1745247743,328817.0,317683.57,M1197994094,0.0,0.0,0
403,CASH_OUT,170875.81,C2044206188,37853.0,0.0,C332881706,0.0,170875.81,0
241,CASH_OUT,204681.48,C1269549720,26633.36,0.0,C184254704,358483.37,563164.84,0
17,PAYMENT,24415.4,C882680453,0.0,0.0,M951307519,0.0,0.0,0
211,PAYMENT,6956.67,C1017798204,294747.0,287790.33,M1074564035,0.0,0.0,0
140,PAYMENT,17699.72,C998384412,105238.0,87538.28,M871482177,0.0,0.0,0
298,CASH_IN,432130.3,C1798748567,9773456.54,10205586.84,C610651847,3143819.14,2711688.84,0
180,TRANSFER,425277.69,C105423777,4047.0,0.0,C83215824,150577.97,575855.67,0
351,PAYMENT,6984.0,C1445414965,0.0,0.0,M384724887,0.0,0.0,0
447,CASH_OUT,219178.49,C1200170938,219178.49,0.0,C1762108679,0.0,219178.49,1
397,PAYMENT,24108.57,C1884125395,0.0,0.0,M780019673,0.0,0.0,0
154,TRANSFER,841224.02,C1557562873,12340.0,0.0,C824781215,4663871.45,5505095.46,0
238,CASH_IN,19811.54,C859995930,6524317.87,6544129.41,C2021579766,14285958.12,14266146.57,0
359,CASH_OUT,453911.22,C333036110,24953.33,0.0,C1041872744,3387481.7,3841392.92,0
35,PAYMENT,18110.0,C1882442546,218.0,0.0,M1439776009,0.0,0.0,0
208,PAYMENT,30913.47,C1280468273,0.0,0.0,M1125088060,0.0,0.0,0
207,CASH_IN,241923.46,C1071389599,7273280.15,7515203.61,C1499509855,1042234.96,800311.5,0
399,PAYMENT,17891.77,C1114530767,556984.0,539092.23,M882475408,0.0,0.0,0
226,PAYMENT,40523.26,C2059774068,21391.0,0.0,M658589729,0.0,0.0,0
234,PAYMENT,13657.33,C1876160809,0.0,0.0,M302561426,0.0,0.0,0
356,CASH_IN,170744.71,C1275119642,2855746.15,3026490.87,C50930731,274086.33,103341.61,0
17,CASH_IN,22779.46,C8440991,8782235.14,8805014.6,C263207633,1347266.88,1324487.43,0
300,CASH_IN,26701.65,C216727163,3410559.58,3437261.23,C691603917,863157.71,836456.06,0
14,CASH_IN,96115.37,C23262639,51157.0,147272.37,C620533351,205348.13,0.0,0
254,PAYMENT,823.29,C1304442589,0.0,0.0,M350898252,0.0,0.0,0
694,TRANSFER,379942.33,C764334415,41267.0,0.0,C168238304,0.0,379942.33,0
206,CASH_OUT,270620.18,C40896775,0.0,0.0,C1057570141,630730.23,901350.4,0
207,CASH_OUT,70839.91,C385974676,288836.0,217996.09,C1581803593,0.0,70839.91,0
179,CASH_OUT,34693.28,C1543474566,45321.0,10627.72,C1124923474,0.0,34693.28,0
282,CASH_OUT,81235.99,C1205414534,0.0,0.0,C954745628,185121.69,266357.68,0
40,CASH_OUT,458198.83,C912773335,6207.0,0.0,C1066702180,30029.55,586395.31,0
299,PAYMENT,7942.42,C1744990835,0.0,0.0,M352759457,0.0,0.0,0
258,CASH_OUT,70323.66,C951616450,40522.0,0.0,C633934914,0.0,112388.15,0
398,PAYMENT,6124.85,C341372633,0.0,0.0,M474890479,0.0,0.0,0
404,CASH_OUT,73398.28,C154832003,0.0,0.0,C659468484,171484.31,244882.59,0
394,CASH_OUT,30030.15,C2077814604,31694.0,1663.85,C323478594,0.0,30030.15,0
401,PAYMENT,33145.68,C778916610,30012.0,0.0,M1065167171,0.0,0.0,0
685,CASH_OUT,10000000.0,C1981814103,10000000.0,0.0,C1037865562,56142.18,10056142.18,1
274,CASH_IN,119415.27,C112112996,5051383.0,5170798.27,C989953234,541274.64,421859.37,0
538,CASH_OUT,71855.33,C1201638569,70309.0,0.0,C2077392958,743364.21,815219.54,0
183,CASH_OUT,61272.0,C1209037000,0.0,0.0,C2041695188,383010.07,444282.07,0
192,PAYMENT,1589.35,C1295703623,3364.14,1774.79,M669091242,0.0,0.0,0
449,CASH_OUT,133632.24,C782460784,133632.24,0.0,C260277833,71836828.02,71970460.27,1
299,CASH_OUT,58111.41,C1501158706,0.0,0.0,C368566619,1856290.93,1914402.33,0
12,PAYMENT,6403.2,C1263386554,679314.18,672910.98,M888720712,0.0,0.0,0
17,TRANSFER,195351.76,C1420261366,195351.76,0.0,C639808302,0.0,0.0,1
184,CASH_OUT,215759.5,C1750039601,19840.0,0.0,C1025020324,0.0,215759.5,0
356,CASH_IN,163742.84,C549991132,11229.0,174971.84,C1816434699,406966.7,243223.86,0
210,CASH_IN,256134.93,C2049513155,18161863.59,18417998.53,C1357940319,2233441.2,1977306.26,0
254,CASH_IN,241441.8,C975438322,4024192.74,4265634.54,C227096787,512668.8,271227.0,0
180,PAYMENT,50262.79,C1296513962,147481.38,97218.58,M1510351416,0.0,0.0,0
379,CASH_IN,340774.55,C1993221487,4942164.84,5282939.39,C1230874560,2981669.01,2640894.46,0
309,CASH_IN,371535.0,C423699382,102370.0,473905.0,C277849555,265712.77,0.0,0
397,PAYMENT,35246.02,C1811178303,0.0,0.0,M1857012414,0.0,0.0,0
216,CASH_OUT,128840.11,C365110601,0.0,0.0,C1185633956,248988.47,377828.58,0
46,PAYMENT,7573.8,C964808258,15280.0,7706.2,M1784364377,0.0,0.0,0
260,CASH_IN,109701.34,C1695717620,51720.0,161421.34,C1655954689,262007.64,152306.29,0
277,PAYMENT,6984.51,C1985694514,0.0,0.0,M2023949213,0.0,0.0,0
327,PAYMENT,26375.43,C186453774,0.0,0.0,M1783395735,0.0,0.0,0
139,CASH_OUT,64990.53,C1052106346,174440.01,109449.47,C1225048611,876510.98,1280806.88,0
68,TRANSFER,3512572.72,C1585059557,3512572.72,0.0,C1250942546,0.0,0.0,1
178,CASH_IN,58468.81,C807318736,65364.0,123832.81,C704845916,0.0,0.0,0
448,PAYMENT,13761.42,C503283598,606005.0,592243.58,M1829164966,0.0,0.0,0
252,CASH_OUT,181596.29,C575681668,0.0,0.0,C280511481,236687.04,418283.34,0
14,TRANSFER,1180142.54,C1853216040,0.0,0.0,C1354725727,10247965.34,11432174.92,0
131,PAYMENT,20053.57,C1863104417,0.0,0.0,M385859206,0.0,0.0,0
236,CASH_OUT,66709.06,C1340454987,0.0,0.0,C991922894,70327.65,137036.7,0
331,CASH_OUT,74973.0,C1207702054,3046.0,0.0,C1275778806,527063.74,602036.74,0
20,CASH_OUT,52862.87,C701068292,861.0,0.0,C276663139,1556461.02,1390459.4,0
325,CASH_OUT,211691.18,C572305731,110731.0,0.0,C1887224882,4845352.74,5057043.92,0
46,PAYMENT,11120.13,C1508505533,1042.0,0.0,M488442007,0.0,0.0,0
279,CASH_IN,347829.29,C1459601074,69317.0,417146.29,C860828037,378524.82,30695.53,0
328,CASH_IN,125024.58,C436768421,10691.0,135715.58,C442989434,0.0,0.0,0
236,PAYMENT,13097.35,C1254572679,92233.39,79136.04,M472249909,0.0,0.0,0
215,TRANSFER,467944.26,C190797211,0.0,0.0,C1106032515,1253712.2,1721656.46,0
326,PAYMENT,2533.28,C1275933230,28890.93,26357.65,M1082210600,0.0,0.0,0
376,CASH_OUT,19123.04,C331731093,90506.0,71382.96,C2111086365,608214.91,627337.95,0
346,CASH_IN,124869.04,C1616415709,41512.0,166381.04,C457536457,105016.11,0.0,0
592,PAYMENT,2442.43,C293487048,0.0,0.0,M1261178537,0.0,0.0,0
228,TRANSFER,198022.68,C1809121265,23332.0,0.0,C1589584873,0.0,198022.68,0
713,TRANSFER,4130371.73,C589050166,4130371.73,0.0,C2115142048,0.0,0.0,1
375,PAYMENT,10064.89,C1791712920,11427.0,1362.11,M354545090,0.0,0.0,0
234,PAYMENT,15152.04,C1550324693,0.0,0.0,M1309952194,0.0,0.0,0
17,CASH_OUT,18461.33,C1142561646,10269.0,0.0,C1458081050,1.0,0.0,0
384,PAYMENT,75.37,C658979307,10128.0,10052.63,M629380875,0.0,0.0,0
157,PAYMENT,220.5,C664125258,332015.81,331795.31,M1693571180,0.0,0.0,0
131,PAYMENT,9663.89,C1587410992,19873.0,10209.11,M1221295476,0.0,0.0,0
180,PAYMENT,4891.66,C2098208498,0.0,0.0,M280958988,0.0,0.0,0
349,CASH_OUT,115789.27,C358328545,0.0,0.0,C329325511,6245721.91,6361511.17,0
155,PAYMENT,7505.79,C1257016094,25291.0,17785.21,M1736710572,0.0,0.0,0
13,CASH_OUT,254096.66,C1480773191,0.0,0.0,C251336498,496203.0,766564.35,0
382,CASH_IN,146767.24,C1357660883,15836.0,162603.24,C119283872,110017.78,0.0,0
232,PAYMENT,2479.18,C757037024,359005.0,356525.82,M1221806163,0.0,0.0,0
322,PAYMENT,18975.62,C519040593,11754.0,0.0,M1908077808,0.0,0.0,0
19,CASH_OUT,28520.41,C189366577,8024.0,0.0,C1762008736,0.0,28520.41,0
380,CASH_OUT,103994.46,C651150857,0.0,0.0,C1686770786,32154417.19,32258411.66,0
401,CASH_OUT,115918.19,C1384068119,10591.0,0.0,C834653359,0.0,115918.19,0
404,TRANSFER,10000000.0,C2023224715,12754759.04,2754759.04,C1730830963,0.0,0.0,1
351,TRANSFER,283694.55,C1057026772,43969.0,0.0,C961035754,550063.22,833757.77,0
303,PAYMENT,11141.5,C126660522,556855.45,545713.96,M326033316,0.0,0.0,0
188,PAYMENT,11269.16,C1653619094,4378.0,0.0,M2035996065,0.0,0.0,0
259,CASH_OUT,240305.0,C1665906708,0.0,0.0,C737240468,7634176.24,7874481.24,0
19,CASH_OUT,78464.91,C762757442,0.0,0.0,C956684685,875375.14,953840.05,0
44,CASH_OUT,224068.65,C905400082,0.0,0.0,C583203696,479601.71,703670.36,0
85,TRANSFER,8924971.59,C406938681,8924971.59,0.0,C579440834,0.0,0.0,1
43,CASH_IN,109807.38,C167544946,11142.0,120949.38,C815806027,0.0,0.0,0
204,CASH_OUT,240816.86,C1237155339,0.0,0.0,C552992835,1010146.59,1250963.45,0
610,CASH_IN,458109.5,C226562643,3378094.75,3836204.24,C962108039,725173.3,267063.8,0
132,CASH_IN,312048.1,C331175298,11607.0,323655.1,C100586129,2427209.34,2115161.24,0
399,CASH_IN,218501.36,C2004097280,73.0,218574.36,C1699102531,238125.96,19624.6,0
327,CASH_OUT,106586.2,C1864527578,0.0,0.0,C1328391616,772980.1,879566.3,0
253,CASH_OUT,80397.61,C603151552,0.0,0.0,C1091946850,277877.88,358275.49,0
381,CASH_IN,102202.53,C1891444619,5492385.15,5594587.69,C806121785,1972731.03,1870528.5,0
132,PAYMENT,32495.89,C449078245,190914.41,158418.52,M921459582,0.0,0.0,0
252,CASH_OUT,327719.5,C2144214682,0.0,0.0,C717608792,1088474.99,1416194.49,0
304,PAYMENT,27211.25,C833114842,302007.62,274796.37,M1090871182,0.0,0.0,0
299,PAYMENT,17660.47,C1722558826,51302.0,33641.53,M429420775,0.0,0.0,0
284,CASH_OUT,90329.31,C1435930091,0.0,0.0,C189965008,313896.83,404226.14,0
352,CASH_OUT,166456.54,C960694906,166456.54,0.0,C1482523414,594341.07,760797.62,1
372,PAYMENT,1114.58,C1472272219,202055.85,200941.27,M1062127394,0.0,0.0,0
353,PAYMENT,8554.98,C943817351,0.0,0.0,M1149090265,0.0,0.0,0
207,CASH_OUT,82267.23,C1315240467,3531.0,0.0,C2017839894,537542.31,619809.54,0
12,TRANSFER,157320.72,C745089085,0.0,0.0,C1116137715,739736.98,1009017.25,0
185,TRANSFER,386164.25,C1737251449,8122.0,0.0,C501784227,1463757.77,1849922.02,0
134,CASH_OUT,349145.46,C175993467,5833.0,0.0,C1810726064,757359.66,1106505.12,0
21,PAYMENT,1564.69,C610726868,130208.75,128644.06,M715523207,0.0,0.0,0
374,PAYMENT,6570.51,C1104186776,93966.09,87395.58,M2052734765,0.0,0.0,0
20,CASH_OUT,169061.26,C385403867,200621.54,31560.28,C1788494867,230047.31,595586.72,0
336,PAYMENT,8561.58,C436138914,269.0,0.0,M159659284,0.0,0.0,0
256,CASH_OUT,40482.83,C908633506,14770.0,0.0,C464617455,33299.97,73782.8,0
371,CASH_OUT,34035.79,C1044784028,377128.0,343092.21,C2004550610,3555532.18,3589567.97,0
253,CASH_OUT,148997.04,C1680460592,0.0,0.0,C1842614475,151845.25,300842.29,0
184,CASH_IN,371212.9,C1423243895,1869408.08,2240620.98,C1560936805,941036.92,569824.02,0
404,CASH_IN,277777.39,C1917893766,20144.0,297921.39,C126448909,69755.28,0.0,0
718,PAYMENT,23946.7,C1573396587,55853.0,31906.3,M1872736204,0.0,0.0,0
398,CASH_OUT,280566.17,C1916080821,9062.0,0.0,C443857538,0.0,280566.17,0
228,CASH_IN,93326.76,C2094674454,4595388.15,4688714.92,C690699088,1305259.07,1211932.31,0
10,TRANSFER,1571088.89,C230187086,0.0,0.0,C1444842411,0.0,1536695.37,0
8,PAYMENT,12906.44,C166896160,45609.0,32702.56,M2118642581,0.0,0.0,0
16,CASH_IN,618412.96,C709573964,19804848.01,20423260.97,C517397219,776924.26,158511.29,0
227,CASH_OUT,154600.07,C1431618283,20227.0,0.0,C709128748,0.0,154600.07,0
161,CASH_OUT,215777.1,C1407950920,30210.0,0.0,C570036647,303578.8,519355.9,0
33,PAYMENT,25405.98,C1075365190,0.0,0.0,M1304402766,0.0,0.0,0
226,TRANSFER,2411380.86,C2101719400,1119.0,0.0,C2054371143,0.0,2499151.86,0
550,PAYMENT,6343.85,C690162870,37162.0,30818.15,M1211137212,0.0,0.0,0
20,PAYMENT,19718.98,C1964947490,0.0,0.0,M313974915,0.0,0.0,0
690,CASH_OUT,263779.26,C440599025,40282.0,0.0,C1665805144,406225.35,670004.61,0
180,PAYMENT,19482.81,C1814328529,41812.77,22329.96,M1509540004,0.0,0.0,0
306,CASH_IN,64362.61,C2013671521,160414.0,224776.61,C1019477929,747693.34,683330.73,0
380,CASH_OUT,31914.77,C295621851,0.0,0.0,C1106665227,369942.94,214833.81,0
369,PAYMENT,52277.91,C1448591009,0.0,0.0,M780331739,0.0,0.0,0
310,CASH_IN,283554.76,C1363852486,1859380.22,2142934.99,C41054287,373310.26,89755.49,0
36,CASH_IN,237879.25,C1310106456,5400389.71,5638268.96,C161574690,719170.28,481291.03,0
400,PAYMENT,18682.74,C1446614247,0.0,0.0,M663052533,0.0,0.0,0
352,PAYMENT,41706.97,C1994031461,0.0,0.0,M60802452,0.0,0.0,0
330,CASH_OUT,230850.11,C1311566405,9945.0,0.0,C1320473324,366873.02,597723.13,0
314,CASH_IN,62217.24,C1519537592,2898189.72,2960406.96,C1441958083,2030908.86,1968691.62,0
11,PAYMENT,3469.68,C1584904733,76014.72,72545.04,M1296451986,0.0,0.0,0
211,CASH_OUT,40540.67,C932881436,41546.0,1005.33,C2068302801,4057588.15,4098128.83,0
17,PAYMENT,16413.45,C384543712,0.0,0.0,M1383897802,0.0,0.0,0
398,CASH_IN,134249.07,C813019573,164272.0,298521.07,C2020724964,29794.37,0.0,0
354,CASH_OUT,282080.23,C1255106629,0.0,0.0,C1492011875,664628.67,946708.9,0
285,CASH_OUT,192804.67,C2049315209,102886.0,0.0,C205723694,288.0,193092.67,0
213,PAYMENT,108.93,C605185593,2609.0,2500.07,M37391425,0.0,0.0,0
187,PAYMENT,111.62,C959744409,103650.9,103539.28,M1193054999,0.0,0.0,0
130,PAYMENT,1337.06,C2132693754,0.0,0.0,M1290930096,0.0,0.0,0
134,CASH_OUT,24048.04,C159604089,238596.0,214547.96,C1573631379,267812.8,291860.84,0
33,CASH_OUT,99546.77,C2021580616,0.0,0.0,C1492731760,106916.0,206462.77,0
159,PAYMENT,4558.09,C1434712815,0.0,0.0,M1115076994,0.0,0.0,0
458,TRANSFER,22140.87,C1032891419,22140.87,0.0,C347989965,0.0,0.0,1
235,CASH_OUT,37421.07,C318043198,149153.62,111732.55,C1718119832,614228.33,651649.39,0
134,PAYMENT,15097.2,C1887703898,75405.56,60308.36,M97613660,0.0,0.0,0
18,TRANSFER,324449.16,C191623173,0.0,0.0,C878939519,668668.53,961639.77,0
327,CASH_IN,8597.47,C1563288328,26956281.83,26964879.31,C708198555,137616.07,129018.59,0
18,CASH_OUT,196919.08,C345626401,30978.0,0.0,C734236179,2210396.04,2407315.13,0
19,CASH_OUT,50975.43,C90439282,0.0,0.0,C659419494,417346.55,468321.98,0
275,CASH_OUT,179862.11,C590993799,0.0,0.0,C1675937977,2219722.85,2399584.96,0
297,CASH_OUT,183365.57,C540510442,333455.22,150089.65,C1093522563,3490828.56,3674194.13,0
326,CASH_IN,120850.56,C2069512760,2289778.98,2410629.54,C1870563315,1067246.51,982454.46,0
399,CASH_OUT,13091.1,C1506574656,40498.0,27406.9,C927007429,0.0,13091.1,0
324,CASH_OUT,144414.46,C278133850,0.0,0.0,C244963707,204547.5,348961.97,0
334,CASH_OUT,123517.19,C586831463,0.0,0.0,C1422999923,10755399.68,10878916.87,0
209,CASH_OUT,66678.68,C1882643203,190502.0,123823.32,C1155268161,0.0,66678.68,0
17,TRANSFER,1390199.63,C1486607641,679469.16,0.0,C2131861038,137542.99,1540465.81,0
136,CASH_OUT,211055.76,C774360266,695285.0,484229.24,C1296124409,18719.96,229775.72,0
9,CASH_OUT,78461.28,C845447146,842.0,0.0,C1440433505,20853.0,79124.62,0
102,TRANSFER,46081.45,C1009233877,46081.45,0.0,C1072793235,0.0,0.0,1
163,CASH_OUT,244252.76,C2098766599,0.0,0.0,C390248804,366462.85,610715.62,0
306,PAYMENT,18034.63,C258861132,162837.0,144802.37,M329045904,0.0,0.0,0
33,PAYMENT,24386.59,C677719241,0.0,0.0,M1393798835,0.0,0.0,0
334,CASH_OUT,101263.58,C1672834860,0.0,0.0,C1962772810,534624.16,635887.74,0
404,PAYMENT,8735.56,C184921215,18937.0,10201.44,M975994914,0.0,0.0,0
379,PAYMENT,24429.44,C505528394,0.0,0.0,M1940761956,0.0,0.0,0
403,CASH_OUT,162469.13,C313941267,16864.0,0.0,C1522814924,577571.26,740040.39,0
238,PAYMENT,12111.52,C1355806647,225651.0,213539.48,M1599017201,0.0,0.0,0
166,PAYMENT,4310.82,C809613066,270856.59,266545.77,M669874598,0.0,0.0,0
156,CASH_OUT,307293.89,C1957803665,0.0,0.0,C445430165,1269415.28,1576709.17,0
211,CASH_OUT,267501.67,C880556464,160.0,0.0,C655039113,40145.65,307647.33,0
136,PAYMENT,6806.32,C1223086929,85277.0,78470.68,M1027885645,0.0,0.0,0
119,PAYMENT,35694.07,C102921120,0.0,0.0,M606785408,0.0,0.0,0
394,CASH_OUT,248776.5,C1475038191,0.0,0.0,C1137259098,2759440.3,3008216.79,0
396,CASH_OUT,233699.25,C1080613423,233699.25,0.0,C531586904,0.0,233699.25,1
250,CASH_IN,180.0,C409036435,319.0,499.0,C50147473,0.0,0.0,0
186,CASH_IN,43301.3,C1308331580,0.0,43301.3,C2001592381,547756.28,504454.98,0
226,CASH_OUT,27104.3,C467508109,0.0,0.0,C627573792,2189154.73,2216259.03,0
184,CASH_OUT,87287.69,C519354687,54290.0,0.0,C735748417,151143.67,238431.36,0
19,PAYMENT,724.8,C965277995,291130.81,290406.02,M842865549,0.0,0.0,0
277,CASH_OUT,248113.07,C71207987,0.0,0.0,C1204762214,4295615.9,4543728.96,0
132,CASH_OUT,249990.43,C566236550,0.0,0.0,C2135495796,1874792.96,2291900.32,0
377,CASH_OUT,240922.84,C1383644650,0.0,0.0,C1986778494,340462.14,581384.98,0
304,CASH_OUT,380245.39,C880017255,98300.0,0.0,C396370302,1796242.1,2176487.49,0
34,TRANSFER,1560924.25,C1643484673,0.0,0.0,C794978521,6336925.23,7897849.49,0
189,CASH_OUT,5576.69,C1520584522,201967.72,196391.03,C1220091341,580211.51,585788.2,0
162,CASH_IN,349246.87,C658919075,1955141.54,2304388.41,C900038557,814036.71,464789.83,0
43,CASH_OUT,113373.53,C1987372436,142424.0,29050.47,C1758239941,221764.05,335137.58,0
138,CASH_OUT,8331.64,C1752278782,0.0,0.0,C882484948,546418.75,692869.86,0
260,TRANSFER,422185.86,C242125656,0.0,0.0,C199912992,629570.68,1051756.54,0
277,CASH_OUT,2392482.86,C1970217984,2392482.86,0.0,C1229385284,2414558.13,4807040.99,1
277,PAYMENT,6685.55,C172240574,1193.0,0.0,M895956841,0.0,0.0,0
15,PAYMENT,12521.27,C1852254278,64072.0,51550.73,M780060936,0.0,0.0,0
595,PAYMENT,17123.43,C1772027248,9130.84,0.0,M380766648,0.0,0.0,0
187,CASH_IN,198587.85,C944077465,15772.0,214359.85,C703928752,3354342.07,3155754.22,0
42,TRANSFER,354879.08,C1048020838,0.0,0.0,C315595990,2913597.97,3268477.05,0
278,PAYMENT,7997.18,C1045205110,266582.25,258585.08,M1151761010,0.0,0.0,0
274,CASH_OUT,261412.5,C2033352336,22325.0,0.0,C1295328514,1910447.14,2171859.63,0
160,CASH_OUT,458572.05,C487889701,17232.0,0.0,C1751754828,1044644.17,1503216.21,0
345,CASH_IN,248387.14,C1634823449,6332087.82,6580474.96,C10429211,711569.47,463182.32,0
400,PAYMENT,2401.84,C452339146,0.0,0.0,M1941169351,0.0,0.0,0
399,PAYMENT,3070.53,C491898350,0.0,0.0,M860620036,0.0,0.0,0
131,PAYMENT,23051.02,C470896739,145139.0,122087.98,M756273167,0.0,0.0,0
455,TRANSFER,2108589.59,C517758721,2108589.59,0.0,C121014715,0.0,0.0,1
396,CASH_IN,208574.82,C1465846950,12727109.53,12935684.34,C2063532362,10971112.73,10762537.91,0
355,CASH_OUT,242030.61,C385027811,97893.0,0.0,C1883175566,5925919.05,6167949.66,0
402,CASH_OUT,122948.85,C2061664629,0.0,0.0,C573097287,2254473.55,3439357.58,0
306,PAYMENT,1065.11,C1864125709,0.0,0.0,M2049246223,0.0,0.0,0
42,CASH_OUT,191471.34,C1388606909,0.0,0.0,C849863109,2258592.61,2450063.95,0
5,TRANSFER,1716502.82,C316671934,0.0,0.0,C766681183,10646313.99,12362816.81,0
399,CASH_IN,90604.71,C200782547,13111788.66,13202393.37,C1087611611,1028295.93,937691.22,0
399,CASH_IN,370250.94,C861168086,1475.0,371725.94,C642166026,120800.74,0.0,0
403,PAYMENT,6027.18,C1540842438,16509.17,10481.99,M173749231,0.0,0.0,0
213,PAYMENT,561.28,C1247358888,165.0,0.0,M1002095062,0.0,0.0,0
184,CASH_IN,196765.48,C587422152,13140917.17,13337682.65,C112510794,1071360.81,874595.33,0
181,TRANSFER,263832.31,C1400405424,0.0,0.0,C982519012,1279226.73,1543059.05,0
232,CASH_OUT,1714.05,C415815573,0.0,0.0,C2072799902,44858.71,46572.76,0
302,CASH_OUT,213809.3,C878195037,41774.0,0.0,C970396843,25057.13,238866.43,0
136,CASH_IN,208376.39,C92802466,9966.0,218342.39,C1019413350,1054898.55,846522.16,0
250,PAYMENT,239.52,C1980912119,154501.0,154261.48,M1264891511,0.0,0.0,0
259,CASH_IN,178359.96,C1978474613,355091.0,533450.96,C838355583,0.0,0.0,0
19,CASH_OUT,204672.67,C1965210089,26027.0,0.0,C2068143517,405339.18,610011.85,0
226,PAYMENT,9304.36,C487291699,231543.48,222239.12,M1048540264,0.0,0.0,0
155,CASH_IN,366852.15,C528261742,2254419.99,2621272.14,C1438808358,2576827.91,2209975.76,0
305,CASH_IN,78755.63,C1353692945,8292227.69,8370983.32,C2129266354,231735.2,152979.57,0
210,CASH_IN,266153.7,C1418843740,11306.0,277459.7,C1456656775,403525.94,137372.24,0
139,CASH_IN,305409.56,C653369448,6816412.13,7121821.69,C1582208649,3041910.36,2884128.32,0
255,CASH_IN,167407.72,C371966177,5245460.43,5412868.15,C1175963295,373900.84,206493.12,0
690,CASH_IN,106527.07,C796845220,467.0,106994.07,C2146588798,247827.2,141300.13,0
374,CASH_IN,325260.9,C1556315042,789284.96,1114545.86,C322216832,439450.76,114189.86,0
5,PAYMENT,15330.96,C819323772,0.0,0.0,M497501602,0.0,0.0,0
131,CASH_OUT,78996.41,C1198277898,0.0,0.0,C2083130101,94613.12,173609.53,0
209,CASH_OUT,69148.48,C1086753307,0.0,0.0,C1234426099,464922.78,534071.26,0
518,CASH_OUT,1165187.89,C1489843213,1165187.89,0.0,C784775373,0.0,1165187.89,1
259,CASH_OUT,154823.48,C1023690009,112274.0,0.0,C1520426194,6495.83,161319.31,0
14,CASH_OUT,225677.43,C1610811719,204739.0,0.0,C2113941945,3251.33,455166.42,0
356,PAYMENT,952.48,C1835111648,0.0,0.0,M524270809,0.0,0.0,0
377,PAYMENT,2190.21,C338264231,22856.0,20665.79,M337794712,0.0,0.0,0
282,TRANSFER,3810779.79,C1195778470,0.0,0.0,C482642702,6200671.85,9731578.42,0
13,CASH_OUT,232190.22,C2123627279,20533.0,0.0,C650357315,152.69,0.0,0
159,PAYMENT,36695.64,C407664484,0.0,0.0,M1297408251,0.0,0.0,0
179,CASH_OUT,395594.19,C159736496,46575.26,0.0,C146410115,1175252.55,1570846.74,0
179,CASH_OUT,421841.19,C1595099093,0.0,0.0,C113848029,2890331.36,3312172.55,0
350,CASH_OUT,329.04,C1492356820,0.0,0.0,C808896389,13759352.93,13759681.97,0
251,CASH_OUT,42983.82,C367204771,0.0,0.0,C1254203317,691023.95,734007.77,0
131,CASH_OUT,171877.75,C780134539,0.0,0.0,C1222927102,2013684.11,2185561.85,0
372,CASH_OUT,336994.37,C902676857,14712.0,0.0,C316761923,11231029.21,11568023.59,0
309,CASH_OUT,48354.99,C2045458314,0.0,0.0,C253596705,401041.8,449396.8,0
396,PAYMENT,22786.08,C1487418802,18466.0,0.0,M776684379,0.0,0.0,0
136,CASH_IN,218337.96,C1202551727,0.0,218337.96,C1652169847,2727453.87,2604452.56,0
159,TRANSFER,20225.17,C570327586,20225.17,0.0,C2065540881,0.0,0.0,1
402,CASH_OUT,253337.15,C343216514,9919.0,0.0,C2002515746,4740412.41,5259722.33,0
495,CASH_OUT,161734.41,C423478873,20309.0,0.0,C1395576385,72923.16,234657.58,0
209,PAYMENT,9564.01,C1578285730,851.0,0.0,M963123526,0.0,0.0,0
351,TRANSFER,40673.47,C1180262900,0.0,0.0,C343456839,89369.76,130043.23,0
43,CASH_IN,337721.1,C1536492579,22109.0,359830.1,C1494296504,0.0,0.0,0
18,CASH_OUT,150759.14,C507072085,13475.0,0.0,C971523826,2103424.77,2254183.91,0
164,TRANSFER,13491.85,C1108475067,42036.0,28544.15,C2133580934,0.0,13491.85,0
658,CASH_OUT,8730600.58,C1590395791,8730600.58,0.0,C1505080875,256439.26,8987039.84,1
177,PAYMENT,4902.79,C518612609,0.0,0.0,M956215328,0.0,0.0,0
250,PAYMENT,17642.17,C1871505259,578.0,0.0,M2028323561,0.0,0.0,0
375,PAYMENT,6315.26,C744157436,0.0,0.0,M407395845,0.0,0.0,0
351,CASH_IN,25777.22,C1302168782,14356428.76,14382205.98,C7825061,428481.74,402704.52,0
134,PAYMENT,8446.05,C1251483426,0.0,0.0,M1308863372,0.0,0.0,0
139,CASH_OUT,190572.61,C1233688421,11560.0,0.0,C725898072,0.0,190572.61,0
308,PAYMENT,41576.22,C1253299320,0.0,0.0,M758987430,0.0,0.0,0
304,PAYMENT,2568.32,C2126271415,99254.0,96685.68,M4528007,0.0,0.0,0
376,CASH_IN,198156.28,C1546353227,7601312.46,7799468.74,C471672906,8250544.58,8052388.3,0
41,PAYMENT,14967.96,C1203924410,79416.9,64448.94,M475690625,0.0,0.0,0
183,TRANSFER,365462.1,C1583743571,154198.0,0.0,C1108369598,2423584.05,2789046.15,0
183,PAYMENT,17681.5,C882385132,3261.05,0.0,M227055663,0.0,0.0,0
14,CASH_OUT,24345.45,C533386303,212.0,0.0,C808880569,0.0,24345.45,0
378,TRANSFER,164830.58,C878715304,0.0,0.0,C143020300,195289.71,360120.29,0
373,CASH_IN,35087.55,C861527574,2720167.33,2755254.88,C1033810726,213045.01,177957.46,0
375,CASH_IN,304375.41,C970346650,24205.0,328580.41,C394225644,2554667.01,2250291.6,0
212,PAYMENT,4904.85,C2085657670,7682.95,2778.1,M871983244,0.0,0.0,0
284,PAYMENT,10709.35,C175344547,15999.0,5289.65,M1846261178,0.0,0.0,0
642,CASH_OUT,253762.0,C507196877,0.0,0.0,C1822022469,1491150.47,1744912.47,0
414,TRANSFER,533269.77,C761440890,533269.77,0.0,C565561200,0.0,0.0,1
46,CASH_IN,357765.45,C610289309,10431269.83,10789035.28,C305809034,1793516.29,1435750.84,0
181,CASH_OUT,332895.46,C1159539212,276345.0,0.0,C1642550356,545133.42,878028.89,0
40,TRANSFER,513869.25,C1640183935,72883.0,0.0,C1487664911,279565.88,793435.14,0
358,CASH_IN,107713.23,C585247561,707232.97,814946.2,C425875072,391099.03,283385.79,0
17,CASH_IN,227482.35,C1846346906,21460.0,248942.35,C225086694,447519.19,220036.85,0
331,CASH_IN,64625.03,C2073733326,477076.03,541701.06,C1267544285,668473.93,603848.91,0
46,PAYMENT,14504.17,C979765931,22038.0,7533.83,M2144359528,0.0,0.0,0
230,TRANSFER,538420.07,C440806744,0.0,0.0,C146674309,2920401.37,3458821.43,0
378,PAYMENT,17389.97,C2050053497,0.0,0.0,M1992565888,0.0,0.0,0
210,CASH_OUT,199556.33,C1309748202,0.0,0.0,C763485780,676717.72,876274.05,0
329,CASH_OUT,183283.57,C2134294554,49.0,0.0,C1911166300,252166.1,435449.67,0
36,PAYMENT,19086.68,C1342805816,9669.0,0.0,M1760468493,0.0,0.0,0
9,CASH_OUT,350705.74,C58527359,350705.74,0.0,C582901057,894760.68,1794033.65,1
206,CASH_IN,181470.42,C1300362986,31395.0,212865.42,C1003658851,0.0,0.0,0
302,CASH_IN,130787.98,C178549075,419751.61,550539.59,C440770613,290346.77,159558.79,0
186,PAYMENT,1116.1,C1243983799,0.0,0.0,M354380376,0.0,0.0,0
336,TRANSFER,722294.25,C1222087374,0.0,0.0,C677317676,22097960.46,22820254.71,0
209,CASH_IN,49208.35,C996569128,5909966.2,5959174.56,C1766031968,1661944.1,1452967.02,0
255,PAYMENT,530.94,C1774180382,10891.0,10360.06,M1806958792,0.0,0.0,0
689,TRANSFER,228416.57,C78608080,228416.57,0.0,C208687386,0.0,0.0,1
177,DEBIT,1680.91,C1227900957,11219.0,9538.09,C704681751,361255.79,362936.7,0
405,PAYMENT,256.82,C1566019904,10962.0,10705.18,M2078599468,0.0,0.0,0
598,CASH_OUT,5566368.02,C1308416939,5566368.02,0.0,C291757564,105580.9,5671948.92,1
135,PAYMENT,19737.36,C862048915,17561.0,0.0,M1059436893,0.0,0.0,0
329,PAYMENT,14386.57,C2067598240,0.0,0.0,M118033890,0.0,0.0,0
165,CASH_OUT,180441.85,C534714838,10460.0,0.0,C241567406,0.0,180441.85,0
274,PAYMENT,2260.78,C610810687,260248.29,257987.5,M1599563245,0.0,0.0,0
375,TRANSFER,1863378.46,C1655327182,547474.0,0.0,C354901381,42859.43,2125615.44,0
137,CASH_OUT,231349.5,C1142358882,0.0,0.0,C773699768,857433.46,1088782.96,0
202,CASH_OUT,171512.02,C1411982439,36244.0,0.0,C361761396,1120982.21,1292494.23,0
9,CASH_OUT,109750.64,C184139034,0.0,0.0,C1177315507,472020.12,40027.63,0
210,PAYMENT,59668.82,C1369368414,0.0,0.0,M636233075,0.0,0.0,0
426,CASH_IN,425468.08,C1586361577,11153.0,436621.08,C969050614,0.0,0.0,0
399,CASH_OUT,25306.35,C1844830857,53260.0,27953.65,C1668798105,2348705.52,2374011.87,0
230,CASH_OUT,136234.12,C655296500,0.0,0.0,C891691495,742547.28,878781.4,0
356,CASH_IN,30872.82,C1049720413,30730.0,61602.82,C936482723,72342.0,41469.18,0
231,CASH_IN,92772.22,C308240028,16672802.19,16765574.41,C624707584,975727.68,882955.46,0
397,CASH_OUT,276049.77,C12644723,582.0,0.0,C139435486,508207.16,784256.93,0
273,TRANSFER,2230432.56,C49877168,2230432.56,0.0,C1235148349,0.0,0.0,1
42,PAYMENT,17144.97,C1287431085,25197.0,8052.03,M10460035,0.0,0.0,0
371,CASH_IN,354625.66,C1765360427,130386.0,485011.66,C2010931390,659286.9,304661.24,0
142,CASH_OUT,318806.75,C2058835691,13448.0,0.0,C2038527651,101124.1,419930.85,0
324,TRANSFER,4395098.3,C1230795435,0.0,0.0,C1444364995,9815778.08,14210876.39,0
16,PAYMENT,3346.06,C2134916465,108.0,0.0,M81431369,0.0,0.0,0
16,CASH_IN,254996.53,C111940420,356490.0,611486.53,C1969723073,2264783.16,2037802.08,0
164,CASH_OUT,18499.73,C524313407,19043.34,543.62,C397142943,110968.58,129468.3,0
374,CASH_IN,316264.5,C1770720210,5968665.45,6284929.95,C679593425,1648936.63,1332672.13,0
231,CASH_OUT,107948.69,C169144243,17457.04,0.0,C633219207,2516712.01,2624660.7,0
381,PAYMENT,12646.32,C1187769658,105934.0,93287.68,M1310453975,0.0,0.0,0
514,CASH_OUT,67686.42,C1990211181,29761.0,0.0,C1823609905,4721976.81,4789663.23,0
188,CASH_OUT,92362.8,C2127665778,16083.0,0.0,C730990323,0.0,92362.8,0
140,PAYMENT,6549.44,C1732163192,0.0,0.0,M143613930,0.0,0.0,0
582,CASH_IN,85272.96,C1822457104,4948287.46,5033560.42,C1328854949,389724.32,304451.36,0
283,CASH_IN,19369.37,C652601291,5514318.81,5533688.17,C1361953185,2138706.29,2119336.92,0
373,PAYMENT,2819.94,C597011372,21573.0,18753.06,M283910581,0.0,0.0,0
357,TRANSFER,87397.73,C163403946,126.0,0.0,C839851449,514429.84,601827.57,0
278,CASH_IN,406709.23,C37286840,10153242.16,10559951.38,C552840191,744760.77,338051.55,0
163,DEBIT,939.35,C1999682134,30348.0,29408.65,C901558964,3049187.44,3050126.78,0
323,CASH_OUT,45053.64,C1820225355,1430.0,0.0,C429031698,570077.17,615130.81,0
132,PAYMENT,7501.33,C1003868149,0.0,0.0,M1722838976,0.0,0.0,0
68,CASH_OUT,2026529.56,C354227932,2026529.56,0.0,C467042735,511526.05,2538055.62,1
352,CASH_IN,138419.24,C192604072,8694440.54,8832859.78,C1307954267,4357562.23,4219143.0,0
228,CASH_OUT,375334.91,C1508494889,24907.0,0.0,C1714096953,8967.46,384302.37,0
235,CASH_OUT,145448.08,C1116125864,0.0,0.0,C2082990955,1900520.5,2045968.58,0
184,CASH_OUT,252920.79,C1319309120,0.0,0.0,C66841005,358662.72,1109056.85,0
299,PAYMENT,11301.72,C9074581,0.0,0.0,M1644535187,0.0,0.0,0
226,CASH_OUT,540464.04,C456732387,0.0,0.0,C514688031,793452.9,1333916.94,0
185,CASH_OUT,143706.8,C1555178140,0.0,0.0,C1898779059,386775.81,530482.61,0
408,CASH_IN,131415.53,C1246868532,6204338.64,6335754.18,C1422278559,3571150.88,3439735.35,0
401,CASH_OUT,147680.96,C1940272387,0.0,0.0,C939138340,925428.69,1073109.64,0
211,PAYMENT,11412.52,C1581393177,171.0,0.0,M1818921130,0.0,0.0,0
153,PAYMENT,26293.34,C9176343,12507.0,0.0,M268792363,0.0,0.0,0
281,PAYMENT,22845.46,C1020227717,0.0,0.0,M144502252,0.0,0.0,0
555,CASH_OUT,256612.5,C1506920429,18095.26,0.0,C1008976301,2688802.77,2945415.27,0
34,PAYMENT,12482.81,C1876955411,0.0,0.0,M1354806680,0.0,0.0,0
212,CASH_OUT,47638.25,C325494702,5984.0,0.0,C30103956,1752877.63,1800515.88,0
275,PAYMENT,2667.56,C178029018,0.0,0.0,M410178304,0.0,0.0,0
399,PAYMENT,29264.72,C1878222596,0.0,0.0,M972144827,0.0,0.0,0
348,CASH_IN,5987.74,C660214552,929303.21,935290.95,C176920036,202292.0,196304.26,0
16,CASH_IN,387621.12,C239975049,23780892.08,24168513.2,C1034030587,2706941.61,2219513.79,0
559,TRANSFER,55539.89,C923707754,55539.89,0.0,C1301961209,0.0,0.0,1
351,CASH_OUT,436499.07,C1354067689,122.0,0.0,C2049206138,85192.18,521691.25,0
323,PAYMENT,1838.36,C1741773564,169.0,0.0,M265191673,0.0,0.0,0
334,CASH_OUT,191952.81,C374811509,0.0,0.0,C882944895,1437235.51,1629188.32,0
281,CASH_IN,134497.88,C139493399,17625300.66,17759798.55,C1203680087,348250.09,213752.21,0
181,TRANSFER,23045.81,C2088412767,0.0,0.0,C2134771304,157207.53,180253.34,0
18,CASH_OUT,334522.07,C9505582,20859.0,0.0,C707757515,0.0,160646.32,0
211,CASH_OUT,37737.18,C1970376099,132113.0,94375.82,C962663869,1515961.75,1553698.93,0
282,CASH_OUT,64753.14,C1288003692,25547.0,0.0,C1310189626,11513543.13,11578296.27,0
14,PAYMENT,9665.49,C1525028441,0.0,0.0,M1300055990,0.0,0.0,0
133,TRANSFER,1237507.81,C745090486,0.0,0.0,C531593626,3885238.06,5122745.87,0
132,PAYMENT,16192.54,C524063473,0.0,0.0,M2046528141,0.0,0.0,0
184,PAYMENT,19298.7,C554962125,150306.73,131008.03,M346980770,0.0,0.0,0
156,CASH_OUT,330561.29,C731868091,0.0,0.0,C1621185605,2083559.39,2414120.68,0
231,CASH_OUT,615207.33,C1593789844,28300.33,0.0,C1021256805,1785469.13,2400676.46,0
305,CASH_OUT,365874.72,C1756062476,2204.0,0.0,C1836055805,198311.13,564185.86,0
132,CASH_IN,160639.32,C1178825247,56708.0,217347.32,C1260039753,0.0,0.0,0
236,CASH_OUT,179975.0,C1023172654,117669.0,0.0,C1658421653,91390.74,271365.75,0
375,CASH_IN,271749.5,C836653329,3739199.6,4010949.1,C571449869,469942.16,198192.66,0
327,CASH_OUT,271969.75,C926995087,0.0,0.0,C2000319738,6348584.7,6620554.46,0
160,CASH_OUT,332579.01,C1967189561,0.0,0.0,C1955738094,889814.51,1222393.52,0
133,CASH_OUT,138572.17,C1646243758,0.0,0.0,C82288372,558665.89,697238.05,0
163,CASH_IN,295205.05,C1604554607,24214.0,319419.05,C9432818,685411.04,390205.99,0
688,CASH_IN,168906.8,C380065847,16433813.83,16602720.62,C78722910,1011268.02,842361.22,0
283,CASH_OUT,87889.15,C580879142,0.0,0.0,C1242551659,2237007.46,2324896.61,0
189,PAYMENT,4393.12,C155355716,10686.0,6292.88,M163115078,0.0,0.0,0
527,CASH_IN,48461.42,C1275668864,2636121.83,2684583.25,C777688963,2705148.44,2656687.01,0
283,PAYMENT,12668.21,C222611383,0.0,0.0,M63593508,0.0,0.0,0
58,TRANSFER,456745.18,C1016889565,456745.18,0.0,C1924324818,0.0,0.0,1
161,PAYMENT,4393.8,C1441581343,45155.0,40761.2,M2081457634,0.0,0.0,0
324,CASH_OUT,98489.08,C461911252,182739.91,84250.83,C1331978017,918805.63,1017294.71,0
355,CASH_OUT,388157.42,C1511796850,93087.0,0.0,C357452134,4484269.51,4872426.93,0
164,PAYMENT,7552.07,C385984345,0.0,0.0,M1552208715,0.0,0.0,0
381,CASH_IN,260800.42,C713037288,6586991.22,6847791.64,C354289989,3110163.8,2849363.37,0
153,CASH_OUT,46899.15,C1154377613,30087.0,0.0,C452806708,0.0,46899.15,0
283,CASH_OUT,290984.81,C270155867,16107.0,0.0,C2067998808,0.0,290984.81,0
42,TRANSFER,392795.29,C357759112,2753.0,0.0,C481291135,834075.25,1226870.55,0
373,TRANSFER,410864.94,C1998252487,0.0,0.0,C1407326325,641790.84,1052655.78,0
590,PAYMENT,455.46,C1434017968,0.0,0.0,M331523168,0.0,0.0,0
215,CASH_IN,244732.04,C622867153,9051953.04,9296685.09,C1100731849,2120411.87,1875679.83,0
130,PAYMENT,17698.27,C14588642,0.0,0.0,M1241623175,0.0,0.0,0
280,CASH_IN,199330.64,C64752217,9305183.61,9504514.25,C141691762,479804.22,280473.58,0
284,TRANSFER,927818.48,C778300205,0.0,0.0,C2040465986,4654965.26,5582783.74,0
640,PAYMENT,4229.57,C431571497,10063.0,5833.43,M306539105,0.0,0.0,0
302,CASH_OUT,248140.44,C1238435254,32146.0,0.0,C1335886231,523831.18,771971.62,0
332,CASH_IN,77792.74,C440809854,25823.0,103615.74,C595950072,0.0,0.0,0
326,CASH_OUT,11850.98,C1561189477,0.0,0.0,C742570592,1446816.82,1458667.8,0
213,CASH_IN,51135.92,C976755422,10982.0,62117.92,C883582973,113718.73,62582.81,0
237,TRANSFER,3924102.18,C344359156,3924102.18,0.0,C1708707330,0.0,0.0,1
227,CASH_IN,16444.45,C2103152965,14859.0,31303.45,C662000449,837857.13,821412.68,0
308,CASH_OUT,171160.81,C370062680,0.0,0.0,C575299822,191651.73,362812.54,0
398,PAYMENT,31415.96,C375543301,11991.0,0.0,M99692565,0.0,0.0,0
187,PAYMENT,102.78,C699511122,0.0,0.0,M830111661,0.0,0.0,0
397,PAYMENT,17986.47,C100489121,0.0,0.0,M244324476,0.0,0.0,0
159,PAYMENT,25214.82,C1549939550,20597.0,0.0,M1118530975,0.0,0.0,0
330,CASH_OUT,166992.89,C1887161625,0.0,0.0,C391008295,2477875.46,2644868.35,0
13,CASH_OUT,435439.99,C905191930,397.0,0.0,C399387707,235037.5,670477.5,0
281,CASH_OUT,11921.02,C1859615937,3082.0,0.0,C169626293,0.0,11921.02,0
696,CASH_OUT,803038.11,C2124823897,803038.11,0.0,C1017913693,10502128.9,11305167.01,1
404,PAYMENT,23867.5,C409674823,0.0,0.0,M236185600,0.0,0.0,0
300,CASH_OUT,106629.72,C1478169856,75990.49,0.0,C110002963,632482.49,739112.21,0
132,PAYMENT,5578.18,C1204268768,0.0,0.0,M1725246162,0.0,0.0,0
43,PAYMENT,32618.74,C1263264185,10119.0,0.0,M378745171,0.0,0.0,0
282,PAYMENT,8338.21,C1049368987,34573.0,26234.79,M269724669,0.0,0.0,0
492,PAYMENT,37.69,C833812796,0.0,0.0,M1674920668,0.0,0.0,0
179,CASH_IN,175997.9,C1937090316,6284414.04,6460411.94,C1414712347,673253.11,497255.21,0
14,PAYMENT,516.82,C1686542804,198287.0,197770.18,M2110209678,0.0,0.0,0
255,CASH_IN,154198.34,C1500371040,1298469.02,1452667.36,C1084280833,3838528.34,3684330.0,0
13,CASH_OUT,410058.5,C1763315122,18577.68,0.0,C1225979740,1709417.05,3742671.89,0
21,PAYMENT,4742.92,C1025841021,66389.96,61647.04,M641662254,0.0,0.0,0
36,CASH_OUT,249959.08,C1367636945,0.0,0.0,C1871172330,441746.75,691705.83,0
324,TRANSFER,1280392.24,C681092288,0.0,0.0,C18175178,1962162.3,3242554.54,0
235,CASH_OUT,63522.66,C367885381,0.0,0.0,C2020901744,302627.4,366150.06,0
349,CASH_OUT,186275.55,C235158306,0.0,0.0,C2089731520,721745.5,908021.04,0
303,CASH_IN,222024.17,C1639798331,5695658.38,5917682.55,C231701257,1094497.33,872473.16,0
236,CASH_IN,38499.48,C547517943,4937447.05,4975946.53,C429341638,7093531.04,7042381.17,0
285,PAYMENT,9524.72,C1302474167,19163.79,9639.07,M1787573815,0.0,0.0,0
227,PAYMENT,18737.17,C883399824,33593.0,14855.83,M1843004214,0.0,0.0,0
254,CASH_OUT,238932.96,C1563565058,53084.0,0.0,C701623901,6248159.49,6487092.45,0
144,TRANSFER,94487.95,C997382902,85863.0,0.0,C1840564758,24908.57,119396.52,0
136,CASH_IN,270007.74,C871356776,250.0,270257.74,C634503878,1910376.15,2121876.15,0
263,PAYMENT,29772.37,C1833454553,212905.52,183133.15,M1285439087,0.0,0.0,0
12,CASH_OUT,43047.74,C731929352,0.0,0.0,C198210775,752650.57,795698.31,0
279,CASH_OUT,145982.36,C1179343687,145982.36,0.0,C517557051,800.0,0.0,1
378,CASH_IN,223335.59,C379382080,30640.81,253976.4,C617307124,18805.68,0.0,0
254,PAYMENT,3463.95,C26139656,0.0,0.0,M1157258400,0.0,0.0,0
130,PAYMENT,40285.26,C546866613,907.79,0.0,M386348609,0.0,0.0,0
259,CASH_IN,121822.15,C315193836,474397.18,596219.33,C1623404746,2886984.18,2765162.03,0
232,PAYMENT,5358.19,C192262190,0.0,0.0,M1557739688,0.0,0.0,0
300,PAYMENT,202.85,C932222222,0.0,0.0,M296851627,0.0,0.0,0
302,CASH_OUT,104007.79,C2095464654,0.0,0.0,C1570698932,265432.2,369439.99,0
348,CASH_IN,192170.0,C1457368801,686349.73,878519.73,C1304832582,317694.19,125524.19,0
694,CASH_IN,72746.14,C842038267,62.0,72808.14,C1818453681,272400.18,199654.03,0
177,CASH_OUT,60025.18,C2132559289,0.0,0.0,C1928429182,319374.4,73799.45,0
304,CASH_OUT,66801.31,C673613209,35631.0,0.0,C1736773764,531152.19,597953.5,0
348,CASH_OUT,193931.84,C129514479,0.0,0.0,C1156267119,2576067.68,2769999.52,0
354,PAYMENT,13115.37,C403644479,0.0,0.0,M1358827104,0.0,0.0,0
210,TRANSFER,648605.33,C1400099702,4512.0,0.0,C31617776,250539.06,899144.39,0
408,PAYMENT,4595.47,C887376690,31018.0,26422.53,M1093710791,0.0,0.0,0
154,CASH_OUT,294810.89,C481731913,2328.0,0.0,C2113254415,55255.84,350066.73,0
160,PAYMENT,25635.55,C1081153230,0.0,0.0,M1420301359,0.0,0.0,0
252,PAYMENT,24809.51,C1937079611,51328.0,26518.49,M1551766407,0.0,0.0,0
15,CASH_OUT,211776.15,C442365650,0.0,0.0,C1005856130,238003.42,449779.57,0
255,CASH_OUT,336298.79,C1828445552,0.0,0.0,C1577341991,1419574.39,1755873.18,0
299,CASH_OUT,348470.36,C386426524,16586.0,0.0,C149656958,696030.17,1044500.54,0
184,CASH_IN,355009.76,C820247649,137364.0,492373.76,C1441684483,9211.44,0.0,0
691,TRANSFER,612241.76,C127795331,612241.76,0.0,C81849981,0.0,0.0,1
135,CASH_IN,155798.32,C1059029983,6401311.36,6557109.68,C1327534861,445565.23,289766.91,0
238,CASH_OUT,16841.31,C237243689,0.0,0.0,C682420727,4225730.73,4242572.04,0
357,CASH_IN,22923.9,C608705292,3412212.12,3435136.01,C1279201600,365803.07,342879.18,0
231,CASH_IN,93734.0,C1451072415,5937451.07,6031185.07,C837227484,113457.84,19723.84,0
34,CASH_IN,231224.74,C305483185,0.0,231224.74,C2139106882,6543034.8,6311810.06,0
569,PAYMENT,8927.83,C2138938133,118613.19,109685.36,M1204231289,0.0,0.0,0
230,CASH_IN,382147.14,C1649940902,20892.0,403039.14,C1139985532,2791537.21,2409390.06,0
10,CASH_OUT,157751.27,C573099033,33542.0,0.0,C917768476,670176.57,705434.04,0
21,PAYMENT,10772.57,C737834359,792.0,0.0,M331525106,0.0,0.0,0
382,CASH_IN,218078.92,C96593503,16315009.05,16533087.96,C32368767,923506.16,705427.24,0
8,CASH_OUT,90465.52,C763430368,16643.69,0.0,C2022767113,809610.0,1177002.53,0
694,CASH_OUT,168850.07,C1605656452,0.0,0.0,C1718119832,948698.15,1117548.23,0
370,TRANSFER,1875291.13,C1114852075,9013.0,0.0,C1077719044,0.0,1875291.13,0
19,CASH_OUT,83571.44,C1369710511,0.0,0.0,C1105145117,513756.28,773691.82,0
263,PAYMENT,3969.08,C1839122332,567.0,0.0,M432038242,0.0,0.0,0
37,CASH_IN,726973.97,C162180521,1646.0,728619.97,C1949658134,163467.56,257299.23,0
350,TRANSFER,1126803.68,C652125022,17992.0,0.0,C1607070477,51724.24,1178527.92,0
187,CASH_IN,128784.92,C456927821,21651.0,150435.92,C1556357565,366926.47,238141.55,0
227,CASH_OUT,255475.67,C1649673611,0.0,0.0,C55738360,290004.34,545480.02,0
647,CASH_OUT,64202.85,C357338686,64202.85,0.0,C831722456,42467.49,106670.33,1
162,CASH_OUT,156761.61,C1477106687,21320.0,0.0,C70691780,807959.61,964721.22,0
400,CASH_IN,321564.36,C1812228480,1201505.73,1523070.09,C1358214518,5193072.0,4871507.65,0
328,TRANSFER,478249.98,C323844824,0.0,0.0,C288197656,13784499.99,14262749.98,0
34,CASH_OUT,1016540.35,C1455982049,1016540.35,0.0,C1613524189,4463851.64,5700161.74,1
332,PAYMENT,12377.1,C638019251,15493.0,3115.9,M869107995,0.0,0.0,0
331,PAYMENT,4309.42,C503687003,0.0,0.0,M1388477427,0.0,0.0,0
412,TRANSFER,87438.83,C1204602597,87438.83,0.0,C419461239,0.0,0.0,1
180,PAYMENT,41470.81,C1896354870,0.0,0.0,M1251467761,0.0,0.0,0
185,CASH_IN,204037.33,C1884744994,5771500.0,5975537.33,C1429108522,364954.59,160917.26,0
186,CASH_IN,127153.04,C1248530072,1584.0,128737.04,C1779515127,28279359.11,28152206.07,0
256,CASH_OUT,213237.63,C1867946785,9558.0,0.0,C2103247637,0.0,213237.63,0
10,CASH_OUT,76091.7,C1842588499,830369.18,754277.48,C1238739669,4528890.16,4290247.78,0
283,PAYMENT,10131.86,C1635605039,0.0,0.0,M519430893,0.0,0.0,0
41,CASH_OUT,229485.48,C3870623,52268.0,0.0,C615508627,528908.85,758394.33,0
235,TRANSFER,309958.79,C1943739339,309958.79,0.0,C1225002524,0.0,0.0,1
239,PAYMENT,10427.0,C347161612,30829.62,20402.62,M439647340,0.0,0.0,0
19,CASH_IN,24100.22,C165744737,232.0,24332.22,C796555567,29870.08,5769.86,0
372,CASH_OUT,271108.7,C163126105,9991.0,0.0,C285605396,143647.92,414756.61,0
305,PAYMENT,11346.48,C1775223693,0.0,0.0,M1370234624,0.0,0.0,0
426,CASH_OUT,96023.42,C1846302038,4250.0,0.0,C679578786,910418.81,1006442.23,0
284,PAYMENT,880.54,C81391862,6509.0,5628.46,M1559952288,0.0,0.0,0
354,PAYMENT,7939.61,C1077418952,192656.2,184716.59,M123675434,0.0,0.0,0
356,PAYMENT,4538.73,C517806122,5086.0,547.27,M2094493070,0.0,0.0,0
356,PAYMENT,7221.27,C1418635887,0.0,0.0,M1761722330,0.0,0.0,0
284,PAYMENT,12599.9,C1846269301,52173.0,39573.1,M483734725,0.0,0.0,0
205,CASH_OUT,5264.09,C1967951229,0.0,0.0,C2020901744,70426.66,75690.75,0
426,CASH_OUT,184671.95,C1350388360,0.0,0.0,C2001849845,2290297.99,2474969.95,0
36,PAYMENT,6181.87,C1827618375,0.0,0.0,M108438316,0.0,0.0,0
8,TRANSFER,489559.9,C397146555,0.0,0.0,C1104197405,1792115.58,2532702.62,0
158,CASH_IN,132776.99,C298549671,769879.24,902656.23,C78614515,3971085.74,3838308.76,0
153,CASH_IN,293949.82,C1995234687,2220785.3,2514735.12,C36396877,2505527.15,2211577.34,0
20,PAYMENT,13330.56,C1012924755,43242.44,29911.88,M349880151,0.0,0.0,0
211,CASH_OUT,184028.38,C1671457038,5014.0,0.0,C572525325,0.0,184028.38,0
164,PAYMENT,7361.22,C598004870,0.0,0.0,M2051963899,0.0,0.0,0
617,TRANSFER,1013208.77,C45646600,1013208.77,0.0,C1927425831,0.0,0.0,1
19,PAYMENT,4093.53,C1367340266,81811.0,77717.47,M1012761364,0.0,0.0,0
215,PAYMENT,9427.9,C1514314038,21907.0,12479.1,M1889648765,0.0,0.0,0
136,CASH_IN,35850.79,C995588559,3406604.65,3442455.44,C788874634,226124.76,190273.97,0
130,CASH_IN,805.2,C539865721,61.0,866.2,C999606288,464066.51,463261.31,0
257,CASH_OUT,248125.87,C1275984868,26029.0,0.0,C261338132,0.0,248125.87,0
41,CASH_OUT,546011.13,C113405301,177979.0,0.0,C1094047613,0.0,546011.13,0
10,CASH_OUT,118733.31,C1131189449,0.0,0.0,C661978675,284410.22,403143.53,0
182,PAYMENT,2721.24,C1419515806,121019.32,118298.08,M1632294491,0.0,0.0,0
328,CASH_OUT,253194.08,C721134909,137003.0,0.0,C668939328,0.0,253194.08,0
283,CASH_OUT,221535.21,C1506362103,0.0,0.0,C500306812,861467.34,1083002.56,0
233,PAYMENT,6381.18,C1217394316,0.0,0.0,M2023586679,0.0,0.0,0
286,PAYMENT,9335.61,C2115579752,11406.0,2070.39,M1881070802,0.0,0.0,0
227,PAYMENT,38556.79,C329181027,0.0,0.0,M1282733270,0.0,0.0,0
281,PAYMENT,7401.09,C1018145249,66715.39,59314.31,M2140637231,0.0,0.0,0
185,CASH_OUT,454275.9,C439008470,0.0,0.0,C337822079,3436992.79,3891268.69,0
154,CASH_OUT,144847.11,C1761291880,20421.0,0.0,C40591125,752514.72,897361.83,0
305,TRANSFER,3445884.11,C1725605066,15079.0,0.0,C143381179,30078.91,3475963.03,0
369,CASH_OUT,104162.56,C1177759409,0.0,0.0,C1166144992,2013955.06,2118117.62,0
257,PAYMENT,677.69,C1323836607,0.0,0.0,M72816449,0.0,0.0,0
381,PAYMENT,21446.06,C677393318,0.0,0.0,M365318230,0.0,0.0,0
251,CASH_OUT,218344.68,C63100025,0.0,0.0,C1786522895,225419.35,443764.03,0
492,CASH_IN,111.11,C1516283254,5430895.4,5431006.51,C1693307208,53059.03,52947.92,0
37,CASH_OUT,124361.68,C248966368,0.0,0.0,C1868897118,9235251.19,9359612.87,0
160,CASH_OUT,171705.43,C1078677358,17862.0,0.0,C1550616226,144496.09,316201.52,0
326,CASH_OUT,232739.77,C15063296,102181.0,0.0,C2075817055,0.0,232739.77,0
213,PAYMENT,11489.91,C225049084,452920.0,441430.09,M1712974844,0.0,0.0,0
355,PAYMENT,2322.65,C415881904,0.0,0.0,M1490983893,0.0,0.0,0
41,PAYMENT,6179.48,C993021902,46119.48,39940.01,M339065115,0.0,0.0,0
353,CASH_OUT,17066.79,C988758192,0.0,0.0,C1617785369,235890.28,252957.08,0
212,CASH_IN,251702.21,C1852851010,698163.48,949865.68,C1217498647,288234.45,36532.24,0
307,CASH_IN,83791.16,C795998163,7648131.69,7731922.85,C1427926382,3499595.57,3415804.41,0
155,CASH_IN,62955.73,C1637327214,562138.09,625093.82,C1528067001,518877.13,455921.4,0
665,CASH_OUT,290491.12,C1637432706,290491.12,0.0,C1333107954,239594.76,530085.88,1
297,CASH_IN,122788.04,C847277730,10141033.04,10263821.08,C1624100588,3810482.21,3687694.18,0
254,CASH_IN,112404.63,C1936161459,20041773.35,20154177.97,C2006684671,124173.75,11769.12,0
302,PAYMENT,4091.66,C357393852,0.0,0.0,M452719492,0.0,0.0,0
359,CASH_OUT,349644.38,C1890358068,97769.58,0.0,C1428963834,2910118.38,3259762.76,0
378,PAYMENT,9136.66,C1044676085,0.0,0.0,M1613073435,0.0,0.0,0
379,PAYMENT,6534.8,C1026137614,0.0,0.0,M10319898,0.0,0.0,0
403,CASH_IN,53652.33,C1116296365,24589.0,78241.33,C1637147083,539289.74,485637.4,0
139,CASH_IN,263425.55,C1007861200,8144414.7,8407840.25,C1015650621,1524704.43,1261278.89,0
9,CASH_OUT,19241.79,C158508472,0.0,0.0,C1268745115,404413.33,412831.56,0
282,PAYMENT,5661.14,C1307755266,750637.74,744976.6,M1009503433,0.0,0.0,0
190,CASH_OUT,75607.9,C860585843,0.0,0.0,C921495456,334340.9,409948.79,0
401,CASH_IN,21470.66,C127228266,12250.0,33720.66,C1420792705,0.0,0.0,0
154,CASH_OUT,334177.29,C497182128,19.0,0.0,C1571381927,1729166.75,2063344.03,0
36,PAYMENT,20054.25,C328481704,433617.0,413562.75,M1969377862,0.0,0.0,0
155,CASH_OUT,221245.19,C347379068,0.0,0.0,C1470540924,5741350.9,5962596.09,0
303,CASH_IN,283201.4,C126234186,6016357.68,6299559.08,C839634755,492251.97,209050.57,0
225,CASH_OUT,548699.3,C1228781701,0.0,0.0,C559734868,3812215.01,4360914.31,0
253,CASH_OUT,696301.8,C2008363541,61692.0,0.0,C1838069440,98000.94,794302.74,0
158,TRANSFER,649262.0,C2115966526,0.0,0.0,C1441669480,1242160.8,1891422.8,0
191,PAYMENT,6400.75,C1460810788,131922.0,125521.25,M1732954750,0.0,0.0,0
135,PAYMENT,12696.57,C1854662438,656214.0,643517.43,M1419821500,0.0,0.0,0
321,CASH_OUT,187022.64,C624971253,622.0,0.0,C875629235,2540712.4,2727735.04,0
376,PAYMENT,1474.2,C806054923,0.0,0.0,M1522873791,0.0,0.0,0
250,CASH_OUT,137250.8,C84110120,103444.0,0.0,C727134561,0.0,137250.8,0
348,CASH_IN,488100.04,C1277060473,13397994.03,13886094.07,C799240425,1819253.15,1331153.11,0
352,PAYMENT,8031.08,C166425958,0.0,0.0,M220929810,0.0,0.0,0
377,CASH_IN,142858.6,C303312679,105993.0,248851.6,C1900099671,44055.21,0.0,0
8,PAYMENT,11231.74,C977962665,301720.0,290488.26,M612223269,0.0,0.0,0
380,PAYMENT,437.82,C1414457998,605640.55,605202.73,M1810091506,0.0,0.0,0
355,CASH_IN,63965.49,C830760161,5826473.78,5890439.27,C238169432,213285.79,149320.3,0
360,CASH_IN,345165.61,C695727251,21027.0,366192.61,C1901808673,0.0,0.0,0
257,CASH_IN,237609.88,C943038578,17025893.81,17263503.69,C966724019,1072681.62,835071.74,0
213,DEBIT,2487.03,C1231733852,260896.0,258408.97,C883562703,1455491.17,1457978.21,0
232,CASH_IN,167932.2,C1231896923,1409891.25,1577823.45,C30439572,264987.66,97055.45,0
730,TRANSFER,3191058.32,C1884883180,3191058.32,0.0,C906779007,0.0,0.0,1
227,TRANSFER,42602.77,C2139892896,157875.0,115272.23,C688780893,0.0,42602.77,0
311,CASH_IN,52789.98,C2077145166,5093125.73,5145915.7,C556258711,54563.43,1773.46,0
161,PAYMENT,8357.85,C2044150295,280055.54,271697.7,M1548431012,0.0,0.0,0
158,CASH_OUT,225942.47,C107350693,1178.0,0.0,C580255645,1595937.15,1821879.62,0
207,CASH_OUT,71780.27,C229901836,0.0,0.0,C296647499,2599039.67,2670819.94,0
275,PAYMENT,5154.15,C2056153977,70091.0,64936.85,M117908923,0.0,0.0,0
181,PAYMENT,18697.88,C873688883,357694.85,338996.97,M828553592,0.0,0.0,0
326,PAYMENT,3657.02,C1059948216,113161.02,109504.0,M2124749431,0.0,0.0,0
514,TRANSFER,16773.8,C1096604384,0.0,0.0,C1195980089,1982931.62,1999705.41,0
371,CASH_IN,3838.01,C642143659,1607221.35,1611059.36,C534294026,54679.2,50841.19,0
264,PAYMENT,3625.91,C1981665153,5165.0,1539.09,M1161723043,0.0,0.0,0
185,PAYMENT,6798.76,C508267961,0.0,0.0,M1720189655,0.0,0.0,0
487,CASH_OUT,36050.81,C2091684401,27894.57,0.0,C631968434,109500.59,145551.4,0
285,PAYMENT,7405.15,C18954180,43307.0,35901.85,M1193810022,0.0,0.0,0
402,PAYMENT,16000.08,C1717576793,255916.73,239916.64,M200212839,0.0,0.0,0
371,CASH_IN,76360.47,C675431691,19.0,76379.47,C465736400,43780.24,0.0,0
256,PAYMENT,6302.15,C875222343,0.0,0.0,M1417258600,0.0,0.0,0
321,DEBIT,2111.84,C853700004,36294.0,34182.16,C1573931159,659520.22,661632.06,0
45,PAYMENT,1940.34,C1497983586,0.0,0.0,M618937707,0.0,0.0,0
572,CASH_OUT,151715.39,C80837759,151715.39,0.0,C1302224324,1091370.69,1243086.09,1
302,PAYMENT,2602.68,C1809628959,744.0,0.0,M1967256919,0.0,0.0,0
395,PAYMENT,31088.78,C1965299982,113982.95,82894.17,M223458521,0.0,0.0,0
522,CASH_OUT,20686.13,C1133300422,0.0,0.0,C2113334587,238900.9,259587.03,0
13,PAYMENT,7459.18,C982045643,0.0,0.0,M289176548,0.0,0.0,0
204,PAYMENT,17329.28,C1499952162,136415.0,119085.72,M171420912,0.0,0.0,0
190,CASH_IN,494588.41,C302482472,11544425.05,12039013.47,C504193881,13885122.37,13390533.96,0
433,TRANSFER,673722.73,C1578662968,673722.73,0.0,C620731531,0.0,0.0,1
281,TRANSFER,343822.68,C1783843263,0.0,0.0,C42036121,498769.01,842591.69,0
350,PAYMENT,5411.08,C380309247,0.0,0.0,M2123036205,0.0,0.0,0
276,PAYMENT,5340.79,C631035008,0.0,0.0,M125310052,0.0,0.0,0
280,CASH_IN,27996.23,C1497096395,6510767.91,6538764.14,C854604893,142657.77,114661.54,0
309,CASH_IN,96598.74,C903181733,30360.0,126958.74,C620125108,0.0,0.0,0
304,CASH_OUT,84948.81,C1654920989,0.0,0.0,C763418954,907921.65,992870.46,0
310,DEBIT,2021.34,C1262932426,49806.0,47784.66,C647657114,367719.29,369740.63,0
589,PAYMENT,7996.01,C1997337313,0.0,0.0,M2023333117,0.0,0.0,0
19,CASH_IN,415279.05,C1074484660,2241780.0,2657059.05,C1498031728,533547.73,118268.68,0
130,CASH_OUT,234202.3,C816960567,537.0,0.0,C1626764360,0.0,234202.3,0
165,PAYMENT,7130.94,C1453005802,147503.58,140372.63,M401026413,0.0,0.0,0
203,PAYMENT,9840.81,C1552581670,250614.41,240773.6,M1448481998,0.0,0.0,0
178,CASH_OUT,268645.47,C87160743,50282.0,0.0,C1318632519,130685.34,399330.82,0
227,PAYMENT,3839.68,C1482075582,0.0,0.0,M1824242808,0.0,0.0,0
43,PAYMENT,19647.17,C447572236,12584.0,0.0,M1095447149,0.0,0.0,0
163,PAYMENT,11372.69,C155093153,72440.0,61067.31,M1735590348,0.0,0.0,0
302,PAYMENT,4324.18,C1159807433,78112.0,73787.82,M800969573,0.0,0.0,0
372,PAYMENT,39169.85,C1967608032,21393.0,0.0,M837792633,0.0,0.0,0
157,CASH_OUT,30173.32,C1514123707,4725.0,0.0,C2009971266,0.0,30173.32,0
235,PAYMENT,3799.07,C820517026,0.0,0.0,M826185935,0.0,0.0,0
331,CASH_OUT,55365.75,C429397622,86810.0,31444.25,C826235117,2182852.13,2238217.88,0
252,PAYMENT,125.58,C1996463762,0.0,0.0,M582684426,0.0,0.0,0
19,CASH_IN,65630.38,C1551030515,5324099.46,5389729.84,C1091491738,447607.53,381977.16,0
249,DEBIT,2872.72,C596399529,6165.0,3292.28,C1306730745,24053.74,26926.45,0
281,PAYMENT,3834.43,C122335243,77644.29,73809.86,M1928386147,0.0,0.0,0
358,CASH_OUT,134386.05,C1393550083,0.0,0.0,C636780659,541025.41,675411.46,0
153,CASH_OUT,35925.22,C2120371598,48881.0,12955.78,C138720707,0.0,35925.22,0
184,PAYMENT,529.02,C2097797160,0.0,0.0,M1466788252,0.0,0.0,0
160,CASH_IN,88336.87,C505047574,6193377.35,6281714.21,C863042157,2386477.19,2298140.32,0
297,PAYMENT,8521.34,C302586762,37405.56,28884.22,M1014089915,0.0,0.0,0
180,TRANSFER,43600.46,C1039111847,229210.32,185609.86,C637619103,2355452.12,2399052.59,0
298,CASH_OUT,286899.59,C2006892527,0.0,0.0,C1131276166,9446536.01,9733435.61,0
139,CASH_OUT,155617.23,C1073691018,72589.0,0.0,C1566206150,0.0,155617.23,0
183,PAYMENT,1462.79,C937257628,0.0,0.0,M750322668,0.0,0.0,0
43,CASH_IN,231123.07,C431488548,256.0,231379.07,C1232150613,9916208.13,9685085.06,0
155,CASH_OUT,291580.61,C297315581,0.0,0.0,C555461410,6174960.8,6466541.42,0
207,CASH_IN,154577.44,C1652824355,5557964.72,5712542.16,C1899612260,2497160.83,2342583.4,0
133,PAYMENT,9088.99,C604295144,0.0,0.0,M679762749,0.0,0.0,0
186,CASH_OUT,173372.6,C137703049,154.0,0.0,C2045130447,0.0,173372.6,0
61,CASH_OUT,37720.99,C188991252,37720.99,0.0,C308006848,288804.07,326525.06,1
230,CASH_OUT,162543.04,C1976179245,0.0,0.0,C1810090568,401665.57,564208.61,0
551,PAYMENT,10864.46,C869369674,0.0,0.0,M1315290537,0.0,0.0,0
400,PAYMENT,54059.42,C1988972690,36708.99,0.0,M1152100471,0.0,0.0,0
234,CASH_OUT,270763.6,C1463605408,88916.0,0.0,C1677310992,78432.28,349195.88,0
12,CASH_OUT,252065.57,C1726494887,0.0,0.0,C906530326,2157657.78,2409723.35,0
310,PAYMENT,19009.17,C1818350121,6085.0,0.0,M851210198,0.0,0.0,0
187,CASH_OUT,67167.4,C1629874022,22150.3,0.0,C1540014921,3493254.09,3560421.49,0
273,CASH_OUT,621134.91,C1005980672,0.0,0.0,C795792274,961716.81,1582851.72,0
310,PAYMENT,60015.54,C1393247437,105464.0,45448.46,M1979946606,0.0,0.0,0
44,CASH_IN,49853.27,C1385904471,2278838.97,2328692.24,C805947303,370085.01,320231.74,0
372,CASH_OUT,293943.99,C132258418,105829.0,0.0,C1544603047,0.0,293943.99,0
253,PAYMENT,5374.4,C1588332602,1006.77,0.0,M189890302,0.0,0.0,0
174,CASH_OUT,1536245.52,C1771922925,1536245.52,0.0,C1040401356,682568.09,2218813.6,1
34,PAYMENT,2716.58,C2089279734,0.0,0.0,M2012315805,0.0,0.0,0
303,CASH_OUT,61687.19,C1770973971,0.0,0.0,C656822201,228431.83,290119.02,0
586,CASH_IN,182302.42,C1334908050,8328629.53,8510931.96,C1905593622,275286.32,92983.9,0
134,CASH_OUT,174994.82,C204849223,189675.0,14680.18,C1862512636,397833.22,572828.04,0
144,PAYMENT,23845.93,C1446109456,22230.0,0.0,M2024790503,0.0,0.0,0
306,CASH_OUT,26071.2,C1096269352,0.0,0.0,C257242913,690049.56,716120.76,0
192,CASH_IN,242211.13,C1681038000,204878.0,447089.13,C502208791,0.0,0.0,0
205,CASH_OUT,160680.82,C1651447902,0.0,0.0,C2085547260,9571905.14,9732585.96,0
309,PAYMENT,24833.45,C1209040799,7091.0,0.0,M1942457775,0.0,0.0,0
11,CASH_OUT,164418.16,C667229044,0.0,0.0,C1658069635,866148.85,1030567.01,0
16,CASH_IN,263325.86,C1703080124,21188.0,284513.86,C18632336,975407.71,983381.82,0
180,CASH_IN,111365.99,C1717433058,7713983.36,7825349.35,C1908732023,3326886.64,3215520.65,0
186,PAYMENT,19768.0,C903755432,410624.78,390856.78,M1737271283,0.0,0.0,0
183,PAYMENT,10220.99,C1479444950,0.0,0.0,M1503551661,0.0,0.0,0
203,PAYMENT,17618.37,C1854606354,49085.0,31466.63,M915305669,0.0,0.0,0
185,CASH_OUT,376573.72,C848339355,209942.5,0.0,C1660605962,2736859.08,3113432.8,0
177,CASH_IN,200763.48,C1350800694,25827.0,226590.48,C340841114,471395.93,270632.45,0
15,PAYMENT,8741.95,C56110483,0.0,0.0,M302083660,0.0,0.0,0
401,PAYMENT,19780.92,C1342425003,0.0,0.0,M1863324389,0.0,0.0,0
230,CASH_OUT,43257.29,C1382740486,0.0,0.0,C1741016302,306063.79,349321.07,0
35,CASH_OUT,122032.62,C1167817015,122032.62,0.0,C1628037417,0.0,122032.62,1
256,CASH_IN,56273.46,C1366315018,19879.0,76152.46,C996617020,0.0,0.0,0
161,CASH_IN,190690.47,C717198600,2190053.82,2380744.29,C118751301,249131.03,58440.56,0
9,CASH_IN,228482.07,C681695934,4258.0,232740.07,C1284521465,84972.59,0.0,0
348,CASH_IN,278500.95,C1413834566,1344590.12,1623091.08,C409447580,5485472.99,5206972.03,0
691,TRANSFER,304297.39,C331959642,0.0,0.0,C507099165,3003637.41,3307934.8,0
262,CASH_OUT,328427.77,C1592579801,328427.77,0.0,C1306965361,49762.33,378190.1,1
377,PAYMENT,7947.36,C1721027817,11652.0,3704.64,M858871145,0.0,0.0,0
179,CASH_OUT,188318.63,C1369709320,53811.0,0.0,C1742468824,354151.67,542470.31,0
356,PAYMENT,993.79,C2113109846,396.0,0.0,M1266137739,0.0,0.0,0
20,CASH_IN,27448.01,C1508662460,7342813.88,7370261.89,C1947848990,36558.84,14984.47,0
394,CASH_OUT,459732.99,C940902922,480.0,0.0,C1895472288,0.0,459732.99,0
235,PAYMENT,15702.41,C444490823,0.0,0.0,M463408218,0.0,0.0,0
188,PAYMENT,7775.03,C2073726431,405269.28,397494.24,M745857580,0.0,0.0,0
214,PAYMENT,31756.13,C1356835259,0.0,0.0,M97461904,0.0,0.0,0
17,PAYMENT,14843.01,C1649827669,5560.0,0.0,M122502369,0.0,0.0,0
308,PAYMENT,1660.63,C272618829,0.0,0.0,M986168884,0.0,0.0,0
137,CASH_OUT,68212.81,C2057585763,0.0,0.0,C1523062351,990165.24,1058378.05,0
33,CASH_IN,6960.99,C946488423,9701754.03,9708715.02,C2038127384,182134.63,229409.5,0
11,CASH_IN,429521.63,C172050094,10718.0,440239.63,C1331209345,91091.0,0.0,0
597,CASH_OUT,97030.19,C1619339530,0.0,0.0,C2112045128,127463.59,224493.78,0
396,CASH_OUT,386246.44,C840043116,0.0,0.0,C1697541182,429119.93,815366.36,0
545,PAYMENT,86.95,C1147330824,51226.0,51139.05,M846041393,0.0,0.0,0
135,PAYMENT,23783.11,C1631247885,734338.65,710555.55,M165635613,0.0,0.0,0
379,TRANSFER,1925198.07,C983211093,0.0,0.0,C780003722,12051314.32,13976512.39,0
371,PAYMENT,22265.31,C1668091171,0.0,0.0,M2109780416,0.0,0.0,0
279,CASH_OUT,29256.62,C1000880091,0.0,0.0,C611413390,667085.68,696342.3,0
140,PAYMENT,7956.01,C1522222068,100984.0,93027.99,M858725909,0.0,0.0,0
190,PAYMENT,12853.89,C431206186,31977.0,19123.11,M494993333,0.0,0.0,0
370,CASH_IN,209113.76,C1238076194,8698543.42,8907657.18,C1183228643,29399663.26,28957828.23,0
359,PAYMENT,7572.61,C2084881919,16928.0,9355.39,M897473059,0.0,0.0,0
8,CASH_IN,4328.92,C1173891565,13182669.58,13186998.5,C1914683579,39940.0,0.0,0
503,PAYMENT,4865.22,C453134086,50210.66,45345.44,M766307648,0.0,0.0,0
324,CASH_OUT,142935.81,C506084123,6077.0,0.0,C125980032,146233.77,289169.57,0
402,CASH_OUT,42516.83,C1805350870,118920.0,76403.17,C1231694470,85603.92,128120.75,0
179,CASH_OUT,73733.31,C1792311073,0.0,0.0,C357845005,10138799.9,10212533.21,0
331,CASH_IN,295197.09,C2064607324,835544.44,1130741.53,C570475478,523003.01,227805.92,0
406,CASH_IN,19059.84,C1972040168,1279097.3,1298157.14,C1708167869,95205.95,76146.11,0
235,CASH_OUT,236256.9,C838967812,2032.0,0.0,C903869671,0.0,236256.9,0
287,CASH_OUT,7109453.78,C34310706,7109453.78,0.0,C615611865,1377347.2,8486800.98,1
306,CASH_IN,188183.85,C1417414245,3936714.18,4124898.03,C88352003,344145.81,155961.97,0
13,PAYMENT,35749.1,C832704095,114434.0,78684.9,M1334942433,0.0,0.0,0
160,PAYMENT,11865.25,C1300456406,1664047.96,1652182.71,M2040697034,0.0,0.0,0
374,CASH_OUT,557714.15,C1811995140,38466.37,0.0,C1795702921,3291906.45,3849620.6,0
42,TRANSFER,809976.15,C856081096,0.0,0.0,C1668364135,3498614.44,4308590.59,0
352,CASH_IN,196081.54,C898582109,758704.07,954785.61,C468337104,87056309.53,86860227.99,0
373,TRANSFER,6297381.15,C323190418,0.0,0.0,C171746531,11082981.5,17380362.65,0
407,CASH_IN,213317.55,C1056399298,2617859.44,2831176.99,C164104195,1254321.58,1041004.03,0
227,CASH_IN,72106.65,C628842169,420577.7,492684.36,C594093549,837303.74,765197.09,0
186,PAYMENT,2753.99,C1510031709,0.0,0.0,M2043743552,0.0,0.0,0
469,CASH_OUT,103871.71,C682985924,0.0,0.0,C1168920192,585734.18,689605.89,0
205,CASH_OUT,93332.73,C1756875628,0.0,0.0,C133504469,253299.59,346632.33,0
228,CASH_IN,278606.45,C1066319401,7905005.18,8183611.63,C1126605815,968477.61,689871.16,0
202,CASH_IN,96439.74,C924789183,3819391.53,3915831.27,C578564726,412407.47,315967.73,0
370,CASH_OUT,36989.99,C30008400,0.0,0.0,C1942996639,368174.53,405164.52,0
228,TRANSFER,605674.15,C990608386,133.0,0.0,C1764032207,928636.62,1534310.77,0
212,CASH_OUT,253107.06,C188699013,0.0,0.0,C1607901570,384425.35,637532.41,0
180,PAYMENT,1386.74,C2015669080,0.0,0.0,M705479752,0.0,0.0,0
303,CASH_OUT,203477.23,C1972638972,45979.34,0.0,C178485644,0.0,203477.23,0
305,CASH_OUT,310060.45,C1321444679,103840.0,0.0,C1364471424,1615652.16,1925712.61,0
305,CASH_IN,147270.35,C1762707054,15189053.62,15336323.97,C998798185,1128215.08,980944.73,0
10,PAYMENT,895.45,C1867538868,0.0,0.0,M1861371314,0.0,0.0,0
202,CASH_OUT,104885.77,C2059462716,9485.0,0.0,C668127109,0.0,104885.77,0
229,CASH_IN,232801.46,C1450521445,7067.0,239868.46,C2143107381,0.0,0.0,0
350,CASH_IN,189590.62,C686072804,1447977.63,1637568.25,C482203348,469981.7,280391.09,0
227,CASH_IN,240403.42,C2061096461,1930269.36,2170672.78,C123651847,5764430.85,5524027.43,0
345,PAYMENT,7285.82,C1208983989,0.0,0.0,M1668636227,0.0,0.0,0
396,PAYMENT,4230.6,C1751834661,0.0,0.0,M1377357133,0.0,0.0,0
348,CASH_OUT,343080.08,C1173335974,83576.0,0.0,C571163924,268004.25,611084.33,0
359,TRANSFER,122639.34,C1075724931,122639.34,0.0,C464861885,0.0,0.0,1
550,PAYMENT,508.65,C155615657,458060.0,457551.35,M315307366,0.0,0.0,0
258,CASH_OUT,269372.62,C529350806,0.0,0.0,C1921475047,384977.38,654350.0,0
46,CASH_IN,15166.21,C1818154142,5875648.44,5890814.65,C1667354472,1574847.8,1559681.59,0
404,CASH_OUT,415824.15,C1841704574,0.0,0.0,C1265486732,1593200.59,2009024.74,0
396,CASH_OUT,317181.33,C1350355600,51302.2,0.0,C737563568,6272525.28,6589706.6,0
351,CASH_IN,234138.02,C582790571,772707.18,1006845.2,C42561893,261227.89,27089.88,0
304,PAYMENT,36816.31,C330994814,0.0,0.0,M1759848905,0.0,0.0,0
401,CASH_IN,173564.9,C1071765163,199928.0,373492.9,C1545238539,725033.52,551468.62,0
402,CASH_IN,29836.75,C791508187,5597042.27,5626879.02,C725896544,758808.49,728971.75,0
277,PAYMENT,366.28,C1365589343,0.0,0.0,M1910437742,0.0,0.0,0
39,PAYMENT,9206.93,C263934523,0.0,0.0,M1073947916,0.0,0.0,0
12,PAYMENT,2959.84,C2015187553,0.0,0.0,M2050361965,0.0,0.0,0
251,PAYMENT,5210.2,C1590182503,0.0,0.0,M114361249,0.0,0.0,0
715,CASH_OUT,1390048.67,C1067753985,1390048.67,0.0,C1479628852,167999.27,1558047.94,1
617,CASH_IN,226537.01,C1692481207,2099533.84,2326070.85,C299986152,1066578.86,840041.85,0
355,CASH_OUT,76569.65,C595684112,107261.0,30691.35,C81725510,0.0,76569.65,0
17,TRANSFER,536939.97,C1326225022,0.0,0.0,C1450622751,1335979.03,1872919.0,0
297,CASH_OUT,188227.51,C1062049431,0.0,0.0,C1772322787,1130643.9,1318871.4,0
709,CASH_OUT,160450.17,C649413350,0.0,0.0,C15539129,403110.21,563560.38,0
204,PAYMENT,4545.46,C1748357182,0.0,0.0,M400543410,0.0,0.0,0
250,CASH_IN,78387.32,C515860936,7501850.54,7580237.86,C1680985853,1323674.12,1245286.8,0
324,PAYMENT,9281.45,C1234107259,0.0,0.0,M1699178026,0.0,0.0,0
140,CASH_OUT,128056.15,C74983294,0.0,0.0,C948803369,524978.55,653034.7,0
134,CASH_IN,52263.02,C1764145844,30630.0,82893.02,C656129551,14363852.64,14311589.62,0
184,PAYMENT,4076.31,C1149610487,38734.0,34657.69,M1451592360,0.0,0.0,0
303,CASH_IN,71550.75,C1412517488,24648.0,96198.75,C1038752982,0.0,0.0,0
284,CASH_IN,9061.68,C25533647,6616181.48,6625243.16,C1490709893,459311.89,450250.22,0
300,CASH_OUT,8126.2,C562898792,148156.0,140029.8,C1351401567,0.0,8126.2,0
323,CASH_IN,53343.76,C1937866786,77728.0,131071.76,C1240405333,0.0,0.0,0
205,PAYMENT,6356.92,C183325518,10071.0,3714.08,M2046155965,0.0,0.0,0
379,PAYMENT,8613.38,C821757999,595.0,0.0,M542542786,0.0,0.0,0
259,CASH_OUT,135033.75,C1454169058,41652.0,0.0,C40663961,48757.27,183791.02,0
214,CASH_IN,216755.69,C1798541935,188.0,216943.69,C1855539991,3331668.36,3114912.67,0
302,PAYMENT,9912.55,C917577555,0.0,0.0,M1647985729,0.0,0.0,0
277,CASH_IN,141482.73,C740691001,177780.0,319262.73,C1914125617,2724.73,0.0,0
17,PAYMENT,28614.78,C1501822438,21401.0,0.0,M2008416874,0.0,0.0,0
548,DEBIT,10483.51,C1177088874,39790.0,29306.49,C959123360,3721975.84,3732459.35,0
380,PAYMENT,6535.11,C762873339,91318.0,84782.89,M1197351519,0.0,0.0,0
38,TRANSFER,21367.0,C1884262933,21367.0,0.0,C69223691,0.0,0.0,1
277,CASH_OUT,166895.97,C1115485336,0.0,0.0,C452342811,691550.68,858446.65,0
36,CASH_OUT,88332.01,C647109200,1244.0,0.0,C171651161,1973.0,108038.02,0
400,CASH_IN,194160.06,C992139491,13291571.54,13485731.6,C1750868126,3321580.66,3127420.61,0
323,PAYMENT,48854.07,C1674157059,200292.0,151437.93,M2124402783,0.0,0.0,0
186,CASH_IN,266992.58,C2124522063,4541006.72,4807999.3,C1591362940,1564327.9,1297335.32,0
331,PAYMENT,5265.02,C1789372666,1551.0,0.0,M1277270019,0.0,0.0,0
329,CASH_OUT,225944.0,C463461471,99250.0,0.0,C1724872896,0.0,676244.61,0
373,CASH_IN,264186.27,C576224112,10463.0,274649.27,C2106891744,0.0,0.0,0
688,PAYMENT,6915.31,C1616589694,310.7,0.0,M1985230098,0.0,0.0,0
254,CASH_OUT,222079.13,C312583705,22116.0,0.0,C218244420,0.0,222079.13,0
353,TRANSFER,1659488.04,C641492156,13399.0,0.0,C1809473363,94000.19,1753488.23,0
14,PAYMENT,6064.44,C1319640745,552729.0,546664.56,M2125606265,0.0,0.0,0
13,CASH_IN,298345.0,C1000398935,0.0,298345.0,C521284795,3014454.81,2716109.81,0
597,PAYMENT,6231.42,C1751845176,61840.0,55608.58,M738210606,0.0,0.0,0
38,CASH_OUT,337967.63,C385556478,0.0,0.0,C2094462801,1697601.73,2035569.36,0
540,CASH_IN,228318.76,C1014385448,5753171.72,5981490.48,C1432946875,926806.12,698487.36,0
164,PAYMENT,1187.72,C1891638972,0.0,0.0,M611381165,0.0,0.0,0
184,PAYMENT,4941.05,C1097349883,40634.81,35693.76,M1593917800,0.0,0.0,0
161,PAYMENT,19975.15,C1469958487,474179.13,454203.98,M1053080596,0.0,0.0,0
516,CASH_OUT,848134.57,C2033187907,848134.57,0.0,C1230670919,211206.33,1059340.9,1
259,CASH_OUT,104790.6,C1575143120,50931.0,0.0,C1992082286,83088.23,187878.82,0
16,PAYMENT,16034.61,C925588543,0.0,0.0,M1022153342,0.0,0.0,0
14,PAYMENT,16604.6,C212264188,342984.37,326379.77,M1345402153,0.0,0.0,0
329,PAYMENT,12145.14,C2143082614,0.0,0.0,M1148107806,0.0,0.0,0
276,CASH_OUT,1590.46,C1020081617,50733.0,49142.54,C1269045832,0.0,1590.46,0
351,PAYMENT,40760.06,C349979355,0.0,0.0,M2073131428,0.0,0.0,0
204,TRANSFER,1358694.71,C1992035217,0.0,0.0,C719903913,2289882.39,3648577.1,0
298,PAYMENT,27617.47,C1253398196,0.0,0.0,M1396370433,0.0,0.0,0
407,PAYMENT,467.7,C352564201,27286.0,26818.3,M915848883,0.0,0.0,0
274,PAYMENT,22041.02,C1738507338,0.0,0.0,M1717125059,0.0,0.0,0
210,CASH_IN,174879.04,C1377544346,1269144.48,1444023.52,C1626838369,1637097.98,1462218.95,0
153,PAYMENT,14323.1,C93407263,190774.0,176450.9,M715808745,0.0,0.0,0
178,TRANSFER,195456.0,C194029238,0.0,0.0,C1217400138,2566362.28,2761818.28,0
304,TRANSFER,9841841.65,C281729120,0.0,0.0,C506276732,20000000.0,29841841.65,0
332,PAYMENT,15777.58,C1482313257,217077.23,201299.65,M995971757,0.0,0.0,0
211,PAYMENT,2746.04,C329588322,0.0,0.0,M740669411,0.0,0.0,0
355,CASH_IN,72072.43,C498659111,263402.0,335474.43,C106310497,112086.84,40014.41,0
184,PAYMENT,11311.77,C1960572280,27371.95,16060.18,M249258754,0.0,0.0,0
307,CASH_IN,254600.41,C1806012351,3110185.41,3364785.82,C1914654740,305009.95,50409.54,0
303,TRANSFER,54460.71,C524607791,0.0,0.0,C1346090632,389609.6,444070.32,0
351,CASH_OUT,37156.95,C504558683,0.0,0.0,C1727106205,331215.73,368372.68,0
189,TRANSFER,2216703.82,C1080269027,2216703.82,0.0,C967600004,0.0,0.0,1
205,CASH_IN,297691.78,C208179488,9298.0,306989.78,C427435951,166100.81,0.0,0
352,PAYMENT,15042.83,C1383654172,0.0,0.0,M1205014472,0.0,0.0,0
380,TRANSFER,702386.46,C834189572,0.0,0.0,C272496485,974053.82,1676440.28,0
692,CASH_IN,63187.69,C1361999950,8315093.66,8378281.35,C950339103,309977.89,246790.2,0
375,CASH_OUT,21276.21,C390908480,63241.0,41964.79,C385753272,0.0,21276.21,0
688,CASH_IN,191859.43,C213232895,11563129.25,11754988.68,C2041389157,332264.49,140405.06,0
355,CASH_OUT,54176.21,C903699797,99597.0,45420.79,C1894993702,0.0,54176.21,0
35,PAYMENT,40438.65,C1713515995,11215.32,0.0,M2141330637,0.0,0.0,0
346,DEBIT,1935.73,C1809182639,0.0,0.0,C746451811,219169.35,221105.08,0
396,PAYMENT,26082.56,C1238663330,111847.0,85764.44,M1650775224,0.0,0.0,0
304,PAYMENT,22945.54,C1350476516,0.0,0.0,M564437480,0.0,0.0,0
43,CASH_IN,9865.14,C1838849092,8112517.74,8122382.88,C526503687,2374003.02,2487678.28,0
403,PAYMENT,173.21,C164754501,23208.0,23034.79,M622839438,0.0,0.0,0
348,PAYMENT,46372.48,C596416150,502.0,0.0,M1128808134,0.0,0.0,0
36,CASH_OUT,191625.93,C947735028,154935.0,0.0,C1218266679,28256.5,219882.43,0
181,CASH_OUT,57554.25,C2005336542,0.0,0.0,C1337349818,114645.05,172199.3,0
205,CASH_IN,131000.42,C2108340655,242538.9,373539.33,C1001129353,261368.94,130368.52,0
119,CASH_IN,86587.74,C683319962,3057591.08,3144178.82,C812745809,301181.66,214593.92,0
375,CASH_OUT,246060.81,C1968770554,0.0,0.0,C1847605520,14250943.45,14497004.25,0
119,PAYMENT,3654.5,C1663817668,6019.0,2364.5,M1675519348,0.0,0.0,0
43,PAYMENT,8924.6,C870948039,63840.0,54915.4,M1200103398,0.0,0.0,0
203,PAYMENT,14638.35,C1736919351,123355.96,108717.6,M814388316,0.0,0.0,0
251,PAYMENT,5268.07,C407631484,436027.6,430759.53,M92514821,0.0,0.0,0
306,TRANSFER,825437.85,C767019422,0.0,0.0,C1648131320,1811717.09,2637154.93,0
288,PAYMENT,64823.06,C1077479925,12805.0,0.0,M1041890035,0.0,0.0,0
185,PAYMENT,16302.0,C1701532654,11446.0,0.0,M711809097,0.0,0.0,0
20,PAYMENT,13284.01,C31530394,0.0,0.0,M24616265,0.0,0.0,0
359,CASH_IN,238995.9,C235271186,4540.0,243535.9,C1090751325,194752.61,0.0,0
179,PAYMENT,968.98,C535622171,62143.0,61174.02,M1171046069,0.0,0.0,0
8,TRANSFER,17018.68,C1479904275,30501.0,13482.32,C220204350,0.0,17018.68,0
209,PAYMENT,21686.67,C156570961,0.0,0.0,M695036263,0.0,0.0,0
354,CASH_OUT,121305.99,C265597487,0.0,0.0,C1583399426,3767975.35,3889281.34,0
217,PAYMENT,7359.07,C1971427039,0.0,0.0,M575397298,0.0,0.0,0
156,CASH_IN,20769.17,C780792323,6572380.36,6593149.53,C1086123224,562104.15,541334.98,0
354,PAYMENT,1199.06,C1157296702,277392.12,276193.06,M206439219,0.0,0.0,0
661,CASH_OUT,407753.48,C1563172624,9913.0,0.0,C718644721,18821.33,426574.81,0
355,TRANSFER,852222.49,C2097785668,0.0,0.0,C349741001,1625280.01,2477502.51,0
397,CASH_OUT,103033.3,C85175640,0.0,0.0,C356614279,263487.06,366520.36,0
212,PAYMENT,5428.29,C87459063,30657.0,25228.71,M1266635694,0.0,0.0,0
397,PAYMENT,30381.29,C1655625196,202780.92,172399.63,M1863337047,0.0,0.0,0
185,CASH_IN,134642.58,C357591233,171.0,134813.58,C155639753,356503.63,221861.05,0
42,PAYMENT,4133.92,C1841558134,0.0,0.0,M552520372,0.0,0.0,0
355,PAYMENT,10225.81,C2050029585,0.0,0.0,M898385557,0.0,0.0,0
135,PAYMENT,9869.34,C1958562539,0.0,0.0,M2047806789,0.0,0.0,0
204,CASH_OUT,225167.71,C1966656537,55381.68,0.0,C1980491394,649822.11,874989.82,0
18,TRANSFER,311512.66,C608868324,10811.0,0.0,C74757285,408432.49,709737.98,0
274,CASH_OUT,425997.19,C502560099,0.0,0.0,C637700323,1942543.49,2368540.68,0
18,CASH_IN,206366.96,C492888274,11173.0,217539.96,C612340113,0.0,0.0,0
182,CASH_OUT,76417.89,C1803191821,0.0,0.0,C1211709979,117204.63,193622.52,0
153,CASH_IN,326212.34,C575893506,31778.0,357990.34,C1966272198,1217843.86,891631.52,0
212,CASH_IN,127098.17,C1587440229,158198.93,285297.09,C1839154393,820451.88,693353.71,0
251,CASH_OUT,149882.45,C77975269,0.0,0.0,C641130282,1416115.07,1565997.52,0
442,CASH_IN,56755.45,C328283967,263334.48,320089.94,C1234084186,109115.86,52360.4,0
378,CASH_OUT,133925.17,C39116094,0.0,0.0,C2129651802,2334353.81,2468278.97,0
189,CASH_OUT,9522.46,C28561268,330.0,0.0,C608573770,3213972.94,3223495.4,0
253,CASH_OUT,227159.46,C813161800,20403.0,0.0,C680910144,33603.0,260762.46,0
400,PAYMENT,13980.84,C1086468099,0.0,0.0,M39508723,0.0,0.0,0
251,PAYMENT,287.52,C1804268830,0.0,0.0,M1684260103,0.0,0.0,0
159,TRANSFER,1520294.4,C715446096,0.0,0.0,C2119816686,1754683.13,3274977.53,0
314,PAYMENT,2156.86,C1196664854,9950.0,7793.14,M1602554342,0.0,0.0,0
234,PAYMENT,17144.21,C1957030215,35942.0,18797.79,M191033716,0.0,0.0,0
13,CASH_OUT,237475.35,C1763377166,56355.0,0.0,C342776255,37369.0,0.0,0
401,CASH_OUT,328953.06,C110076498,0.0,0.0,C1526157101,353872.44,614523.78,0
260,CASH_OUT,12015.24,C1654273476,0.0,0.0,C1349061745,25280.12,37295.36,0
203,PAYMENT,12408.49,C1147507260,112687.0,100278.51,M970455675,0.0,0.0,0
8,CASH_IN,45829.87,C314841665,2443636.33,2489466.2,C824009085,375262.87,120565.89,0
353,CASH_OUT,216167.95,C1457081210,0.0,0.0,C1091387325,3539640.73,3755808.69,0
8,CASH_IN,146594.64,C9487715,41253.21,187847.85,C174407284,177572.0,442524.22,0
20,PAYMENT,6569.9,C1324989884,0.0,0.0,M1887716393,0.0,0.0,0
256,CASH_OUT,59110.58,C1569021724,0.0,0.0,C1138887428,1623556.2,1682666.78,0
735,TRANSFER,92735.71,C1351323617,92735.71,0.0,C413722554,0.0,0.0,1
370,PAYMENT,12941.62,C616180535,65420.0,52478.38,M1241633851,0.0,0.0,0
689,TRANSFER,276253.24,C1540529421,276253.24,0.0,C1828289501,0.0,0.0,1
188,CASH_OUT,107772.38,C1226948616,200615.0,92842.62,C483258269,0.0,157451.92,0
687,PAYMENT,29063.39,C1357811202,0.0,0.0,M1081060528,0.0,0.0,0
490,TRANSFER,3641525.7,C2071106864,3641525.7,0.0,C548881736,0.0,0.0,1
243,TRANSFER,793886.87,C57496674,793886.87,0.0,C317811789,0.0,0.0,1
206,CASH_OUT,116069.26,C2028458766,958.0,0.0,C1442927205,0.0,116069.26,0
38,PAYMENT,6173.67,C5861129,37038.0,30864.33,M49046961,0.0,0.0,0
180,PAYMENT,13633.08,C897866007,0.0,0.0,M695287993,0.0,0.0,0
139,PAYMENT,6830.53,C2129122465,190918.52,184088.0,M1228851335,0.0,0.0,0
370,PAYMENT,13966.59,C838699941,0.0,0.0,M1540529265,0.0,0.0,0
332,PAYMENT,7789.95,C164297433,72284.0,64494.05,M1002497511,0.0,0.0,0
330,PAYMENT,56891.94,C1429022604,0.0,0.0,M41851071,0.0,0.0,0
234,CASH_IN,269964.37,C149532387,9902470.56,10172434.93,C796028148,13117141.99,12847177.62,0
233,TRANSFER,766537.86,C1429741716,203872.0,0.0,C222782574,5498.13,772035.99,0
192,PAYMENT,8117.45,C124505350,37588.0,29470.55,M277382623,0.0,0.0,0
284,CASH_IN,78289.18,C1042459669,1226645.95,1304935.13,C234836382,285745.94,207456.76,0
163,CASH_OUT,122911.12,C2052406574,0.0,0.0,C835472519,8358343.02,8481254.14,0
380,CASH_OUT,199800.78,C743766783,0.0,0.0,C752272007,377523.37,577324.15,0
302,CASH_OUT,367490.56,C1737025092,21046.0,0.0,C1972393142,0.0,367490.56,0
280,CASH_IN,18089.36,C2050923836,7406898.05,7424987.41,C939746540,1275748.1,1257658.74,0
38,PAYMENT,234.0,C1389407750,0.0,0.0,M993330550,0.0,0.0,0
325,CASH_IN,128210.78,C1338860041,9910036.07,10038246.85,C1413642234,230650.39,102439.61,0
230,CASH_IN,133342.86,C1125097860,919630.06,1052972.92,C556748735,250550.05,117207.19,0
393,CASH_OUT,211606.59,C1339777244,41064.0,0.0,C851957817,372758.58,584365.17,0
186,PAYMENT,9530.22,C1043808556,0.0,0.0,M228201582,0.0,0.0,0
332,CASH_IN,66671.54,C2113963029,15691.0,82362.54,C1476639323,0.0,0.0,0
129,CASH_OUT,46660.97,C468433752,32355.0,0.0,C1491020124,61401.25,108062.22,0
40,CASH_IN,101850.0,C291461858,1179062.34,1280912.34,C261220924,652361.71,550511.71,0
302,CASH_OUT,383135.49,C142861585,1254.0,0.0,C506279947,629423.5,1012558.99,0
262,CASH_IN,420641.89,C956105876,3126830.17,3547472.06,C1506239438,2323235.58,1902593.69,0
85,CASH_OUT,8924971.59,C1227042704,8924971.59,0.0,C585705042,59990.3,8984961.89,1
301,CASH_OUT,119450.0,C789446109,0.0,0.0,C885239018,877466.44,996916.45,0
36,CASH_OUT,240092.28,C2050518052,0.0,0.0,C833477645,5994967.43,6235059.71,0
36,PAYMENT,4347.58,C1178897522,50433.0,46085.42,M2021437344,0.0,0.0,0
307,PAYMENT,9719.63,C1735220780,0.0,0.0,M1836183843,0.0,0.0,0
354,PAYMENT,17235.1,C369847883,0.0,0.0,M1427216441,0.0,0.0,0
667,CASH_OUT,158463.33,C721288296,199244.0,40780.67,C792883379,954008.74,1112472.08,0
522,CASH_OUT,11611.45,C404803920,0.0,0.0,C355308062,3815678.34,3827289.79,0
182,CASH_OUT,108488.44,C1140032572,0.0,0.0,C1584841465,1777285.58,1885774.02,0
283,PAYMENT,1960.23,C423054667,882.0,0.0,M1815419976,0.0,0.0,0
137,PAYMENT,6198.53,C1286946648,21053.0,14854.47,M1591049242,0.0,0.0,0
239,PAYMENT,19864.98,C485212265,0.0,0.0,M173278409,0.0,0.0,0
201,CASH_IN,3465.95,C888376318,1346382.27,1349848.22,C94759173,439820.39,436354.44,0
202,PAYMENT,19406.05,C626424646,0.0,0.0,M1749330880,0.0,0.0,0
136,PAYMENT,17290.83,C1341501114,0.0,0.0,M1957073106,0.0,0.0,0
305,CASH_OUT,266463.6,C1536614368,0.0,0.0,C1454943820,5487460.57,5753924.17,0
686,CASH_OUT,121169.33,C1736138987,25545.0,0.0,C257086641,0.0,121169.33,0
55,CASH_OUT,283400.42,C2116041382,283400.42,0.0,C1772301094,2662439.92,2945840.34,1
16,CASH_OUT,43359.86,C862754655,9488.0,0.0,C72780271,2623616.58,3921445.28,0
380,TRANSFER,174758.94,C1538738597,69209.0,0.0,C1099095006,4604411.9,4779170.84,0
426,CASH_OUT,100870.3,C147145258,105411.0,4540.7,C1443212500,735438.09,836308.39,0
186,CASH_OUT,233705.95,C162891654,20542.0,0.0,C1017770930,9098374.76,9332080.71,0
162,CASH_IN,136518.23,C954471638,3106467.51,3242985.74,C517439979,484076.33,347558.1,0
202,CASH_IN,194816.94,C767800141,289436.18,484253.13,C96415425,15260273.15,15065456.2,0
187,PAYMENT,5533.58,C957038190,254758.36,249224.79,M2014575197,0.0,0.0,0
563,CASH_IN,296013.07,C1285549889,6811036.2,7107049.27,C1428230818,546337.43,250324.36,0
135,PAYMENT,3274.59,C1569510736,50170.0,46895.41,M1367572052,0.0,0.0,0
311,CASH_OUT,8589704.49,C495266984,8589704.49,0.0,C597537774,2811300.49,11401004.98,1
185,CASH_OUT,74155.38,C1467022496,0.0,0.0,C1586415182,539964.54,614119.92,0
43,CASH_IN,84870.3,C2076095499,447195.35,532065.65,C1182046380,2695513.5,2610643.2,0
134,PAYMENT,23389.05,C1209932644,82529.0,59139.95,M1972186477,0.0,0.0,0
17,PAYMENT,315.76,C1884615629,345199.96,344884.21,M1639626655,0.0,0.0,0
160,CASH_OUT,156818.28,C1098741825,60775.0,0.0,C75708638,257589.91,414408.19,0
282,CASH_OUT,76114.3,C1563443429,29905.0,0.0,C406519077,0.0,76114.3,0
401,CASH_IN,165029.14,C1199654639,900442.78,1065471.93,C1503734000,450375.08,285345.94,0
375,CASH_IN,264957.64,C155169095,2341343.55,2606301.18,C1898476716,2762244.19,2497286.56,0
278,PAYMENT,2734.27,C1295297296,13729.96,10995.69,M1136521941,0.0,0.0,0
354,CASH_OUT,255183.67,C1658635666,0.0,0.0,C1825983344,4466264.83,4721448.5,0
34,CASH_OUT,251008.13,C553417770,20413.0,0.0,C1695362778,912991.01,1171928.72,0
307,PAYMENT,11700.14,C1389780605,2221.0,0.0,M1943129405,0.0,0.0,0
300,PAYMENT,28030.87,C481448535,0.0,0.0,M1425317010,0.0,0.0,0
692,CASH_OUT,9855.07,C244295163,705745.55,695890.49,C500075234,5662490.11,5672345.18,0
9,TRANSFER,1659554.76,C2110114874,1802046.35,142491.59,C2140245843,0.0,1522793.33,0
10,CASH_OUT,277418.37,C315976110,2508133.72,2230715.35,C130809267,0.0,674537.3,0
189,CASH_OUT,265.66,C230285393,0.0,0.0,C2000333064,340224.07,340489.73,0
326,PAYMENT,6669.98,C285977769,0.0,0.0,M250241297,0.0,0.0,0
381,CASH_IN,8271.43,C1636224424,3695664.52,3703935.95,C780025355,585647.82,577376.39,0
11,CASH_OUT,130438.15,C473461660,134.0,0.0,C79685693,2909336.35,3039774.5,0
329,CASH_OUT,269225.18,C661169791,0.0,0.0,C672506150,17519879.44,17789104.61,0
357,CASH_OUT,185816.16,C151026975,0.0,0.0,C1125186990,250404.72,436220.88,0
139,CASH_OUT,21854.97,C1321284260,0.0,0.0,C1560041045,454786.0,397708.67,0
623,CASH_OUT,58050.78,C1057925060,58050.78,0.0,C151767337,0.0,58050.78,1
283,PAYMENT,5392.54,C1222335532,18961.0,13568.46,M1936443166,0.0,0.0,0
46,PAYMENT,5293.78,C1457550282,157.0,0.0,M1663230064,0.0,0.0,0
380,CASH_IN,12753.58,C670148184,25297.0,38050.58,C1098766450,0.0,0.0,0
271,CASH_OUT,1621056.88,C168076174,1621056.88,0.0,C735369165,511091.84,2132148.72,1
590,CASH_OUT,435086.23,C1925884903,11353.0,0.0,C1884959297,2018631.53,2453717.77,0
544,CASH_OUT,21556.19,C1874663725,5737.0,0.0,C1343301949,2181128.51,2202684.7,0
324,CASH_IN,30611.16,C792233556,4962012.26,4992623.42,C989314417,54295.96,23684.8,0
376,CASH_IN,110366.46,C406305203,2589892.81,2700259.28,C1374837955,340188.75,229822.29,0
505,PAYMENT,9640.56,C1071271803,2473.0,0.0,M1836843584,0.0,0.0,0
180,CASH_IN,157643.85,C328834481,310435.27,468079.12,C1163444672,1502475.61,1781942.35,0
396,CASH_OUT,292322.13,C1428579678,21136.0,0.0,C1247282708,127373.03,419695.16,0
594,CASH_IN,152878.2,C492443911,2249765.24,2402643.44,C1713044258,380910.19,228031.99,0
154,TRANSFER,1333696.71,C372307115,35693.68,0.0,C94266516,13357.36,1347054.07,0
350,CASH_OUT,263118.57,C1571242260,0.0,0.0,C1630306687,872576.13,1135694.69,0
331,TRANSFER,131332.9,C1961635470,41073.0,0.0,C379567010,149779.33,281112.23,0
161,PAYMENT,545.05,C1427768951,0.0,0.0,M1502420080,0.0,0.0,0
13,CASH_IN,143517.96,C1328197399,5542.0,149059.96,C254839817,2237859.74,1941187.95,0
34,PAYMENT,21617.45,C290291811,31474.0,9856.55,M576513881,0.0,0.0,0
188,TRANSFER,238919.38,C461988800,105033.11,0.0,C1188566403,978329.27,1217248.64,0
354,PAYMENT,20523.43,C2090858759,135626.97,115103.54,M893312893,0.0,0.0,0
234,CASH_OUT,305717.25,C1205811050,0.0,0.0,C1474446515,338109.6,643826.85,0
204,CASH_OUT,237350.58,C1684322845,4218.0,0.0,C1331321786,47374.12,284724.7,0
347,CASH_IN,125458.66,C2124906224,9268790.94,9394249.6,C1581188626,532250.24,406791.58,0
331,CASH_IN,281653.57,C587229742,5901799.22,6183452.78,C1673362757,2623787.8,2342134.24,0
352,CASH_IN,178173.56,C781539361,16724416.83,16902590.39,C1752729103,993002.65,814829.09,0
249,CASH_OUT,292692.69,C1505324955,199187.82,0.0,C1016728436,1372709.49,1665402.18,0
140,PAYMENT,6839.3,C2123679460,25270.0,18430.7,M830265205,0.0,0.0,0
187,CASH_OUT,47219.92,C1211243312,1147.0,0.0,C651916777,182945.11,230165.04,0
129,PAYMENT,2100.89,C895491362,506862.0,504761.11,M34706305,0.0,0.0,0
186,CASH_IN,84986.87,C392001845,2130468.77,2215455.63,C805196507,481446.64,396459.77,0
347,CASH_OUT,361599.75,C1632971955,31624.0,0.0,C2041699058,0.0,361599.75,0
142,PAYMENT,19464.56,C2090955822,0.0,0.0,M1162188517,0.0,0.0,0
56,CASH_OUT,2776135.33,C718213394,2776135.33,0.0,C1307403006,0.0,2776135.33,1
592,PAYMENT,10366.26,C699593340,35082.0,24715.74,M1055519233,0.0,0.0,0
36,PAYMENT,1711.46,C1186168453,261255.0,259543.54,M1859047439,0.0,0.0,0
652,CASH_OUT,258570.41,C205274654,258570.41,0.0,C1586846066,0.0,258570.41,1
495,CASH_IN,141340.62,C922927296,170415.44,311756.06,C1630753355,3579424.63,3438084.01,0
332,PAYMENT,43510.89,C1393589542,0.0,0.0,M849004306,0.0,0.0,0
548,CASH_OUT,129696.33,C1415913454,254283.0,124586.67,C326192850,184751.96,314448.29,0
36,CASH_OUT,177997.83,C1468965730,90457.0,0.0,C1915208101,30112.97,51602.56,0
184,CASH_IN,91414.67,C1267587784,1153949.38,1245364.05,C1710090199,353280.27,261865.6,0
17,CASH_OUT,11994.17,C641597707,0.0,0.0,C1476284597,426389.27,241696.58,0
380,CASH_OUT,13839.23,C976468120,0.0,0.0,C1069069539,1129704.65,1143543.88,0
37,TRANSFER,1669342.16,C1932178902,132295.71,0.0,C1688209895,1855994.06,3525336.21,0
256,CASH_OUT,360470.03,C1074450639,0.0,0.0,C964401652,536120.98,896591.01,0
501,CASH_OUT,824841.09,C1923690438,824841.09,0.0,C143683095,629645.26,1454486.34,1
609,CASH_OUT,76133.19,C1871273131,76133.19,0.0,C1784771871,0.0,76133.19,1
328,CASH_IN,257587.35,C1095178597,1291102.88,1548690.23,C643710750,510167.0,252579.64,0
20,PAYMENT,7109.3,C450612119,121546.96,114437.67,M1367984436,0.0,0.0,0
259,PAYMENT,14543.2,C1520497136,205239.0,190695.8,M272949586,0.0,0.0,0
227,CASH_OUT,105200.9,C1113691288,15493.0,0.0,C1746898258,103803.97,209004.87,0
252,CASH_OUT,496938.67,C595631632,13031.0,0.0,C1334330200,0.0,496938.67,0
283,PAYMENT,4396.91,C1170939831,39626.0,35229.09,M1769489256,0.0,0.0,0
284,PAYMENT,1203.4,C1112804745,36255.51,35052.11,M763352464,0.0,0.0,0
400,PAYMENT,12317.27,C1821536306,114969.0,102651.73,M182779127,0.0,0.0,0
347,CASH_OUT,553755.41,C1917617499,253397.09,0.0,C1128856264,556892.05,1110647.46,0
408,PAYMENT,725.91,C2109955443,14592.0,13866.09,M5041385,0.0,0.0,0
182,CASH_OUT,365195.89,C2122412737,0.0,0.0,C1121084552,827729.67,1192925.56,0
226,CASH_OUT,243727.26,C778113183,0.0,0.0,C1235403547,294301.15,538028.41,0
380,CASH_OUT,176638.26,C1783429370,141919.0,0.0,C956078710,69917.82,246556.09,0
134,CASH_OUT,60621.57,C1006180130,0.0,0.0,C1253965940,93198.46,153820.03,0
35,CASH_IN,248544.77,C1518189270,305280.0,553824.77,C2119962558,0.0,0.0,0
233,TRANSFER,122090.79,C1531940496,122090.79,0.0,C1898572552,0.0,0.0,1
89,CASH_OUT,43928.31,C2129914105,43928.31,0.0,C170080123,0.0,43928.31,1
234,CASH_IN,144402.72,C1072625685,765305.17,909707.89,C1209111279,190253.72,45851.01,0
592,CASH_OUT,85668.06,C1287630906,103512.0,17843.94,C474428136,2053732.96,2139401.02,0
307,CASH_OUT,70868.39,C90309368,413.0,0.0,C1620414810,2360228.8,1927198.37,0
372,PAYMENT,20126.27,C1707008522,389780.94,369654.67,M602705767,0.0,0.0,0
355,PAYMENT,664.18,C1692716752,0.0,0.0,M2040224360,0.0,0.0,0
709,PAYMENT,21140.28,C1820424411,158802.0,137661.72,M707445281,0.0,0.0,0
140,PAYMENT,3066.78,C802791658,26032.55,22965.77,M1522583662,0.0,0.0,0
379,CASH_OUT,284000.25,C1668487774,284000.25,0.0,C1354269038,0.0,284000.25,1
47,CASH_OUT,48446.57,C987079884,0.0,0.0,C782332962,951625.35,1000071.92,0
308,PAYMENT,878.01,C266291813,235340.16,234462.14,M471411339,0.0,0.0,0
226,CASH_OUT,150228.96,C1015572386,212176.82,61947.86,C630235532,2376186.65,2526415.62,0
332,CASH_OUT,570748.95,C1527649863,0.0,0.0,C2098269276,16993182.8,17563931.74,0
18,CASH_OUT,162478.07,C1690965874,36.0,0.0,C1223774023,0.0,162478.07,0
283,CASH_OUT,201445.24,C2068576443,0.0,0.0,C190359591,1412211.42,1613656.65,0
380,PAYMENT,11597.94,C2060784390,263.0,0.0,M817506744,0.0,0.0,0
179,CASH_IN,293610.59,C137495366,103811.0,397421.59,C1649508835,2509326.51,2002788.09,0
518,CASH_IN,270295.55,C1317084998,360.0,270655.55,C446211361,0.0,0.0,0
608,CASH_OUT,277048.48,C1001765380,277048.48,0.0,C1602457625,0.0,277048.48,1
15,TRANSFER,1214478.61,C48614366,0.0,0.0,C2115692415,175522.11,1390000.71,0
404,PAYMENT,1396.64,C828259172,0.0,0.0,M1814993281,0.0,0.0,0
207,CASH_OUT,95892.57,C1206028386,0.0,0.0,C381027197,717433.4,813325.97,0
186,PAYMENT,3071.75,C573075496,125189.87,122118.12,M1819934338,0.0,0.0,0
263,PAYMENT,4669.98,C1135071114,0.0,0.0,M1514867826,0.0,0.0,0
305,CASH_IN,98740.04,C1937203283,10862301.34,10961041.38,C562003595,426417.38,327677.34,0
274,PAYMENT,9398.83,C483475571,312.0,0.0,M135993956,0.0,0.0,0
179,PAYMENT,21102.52,C1035806334,0.0,0.0,M988585444,0.0,0.0,0
332,PAYMENT,3685.13,C898518156,158.0,0.0,M985810753,0.0,0.0,0
332,PAYMENT,20656.56,C1537479957,0.0,0.0,M764122976,0.0,0.0,0
323,PAYMENT,11786.98,C1842817191,142957.96,131170.98,M1465751362,0.0,0.0,0
235,CASH_IN,258349.03,C1373477556,6127835.0,6386184.02,C1396833071,388010.64,129661.61,0
131,DEBIT,30542.85,C469823691,31739.0,1196.15,C533621761,277924.52,308467.37,0
355,TRANSFER,106454.68,C1027207838,299915.0,193460.32,C1400597574,648311.0,754765.68,0
403,CASH_OUT,38664.87,C1038264576,0.0,0.0,C323675413,70798.75,109463.62,0
179,PAYMENT,8087.92,C1120681547,9383.42,1295.5,M993834127,0.0,0.0,0
310,CASH_OUT,82935.96,C1060924611,2173.0,0.0,C836811837,0.0,82935.96,0
514,TRANSFER,10880.26,C132837208,10880.26,0.0,C457634395,0.0,0.0,1
305,CASH_OUT,263317.72,C473111285,0.0,0.0,C1325466901,1987420.24,2250737.96,0
212,CASH_OUT,188457.58,C17985069,0.0,0.0,C375373121,1100676.89,1289134.47,0
20,CASH_OUT,61907.73,C1475619440,28487.0,0.0,C678810758,948530.03,1010437.76,0
163,TRANSFER,767967.38,C533925431,22406.0,0.0,C471554747,23598659.48,24366626.86,0
715,CASH_OUT,26325.47,C1577480977,6009.0,0.0,C503377703,106729.08,133054.55,0
203,CASH_IN,23455.31,C461806756,37382.0,60837.31,C87476519,1094872.69,1071417.38,0
280,CASH_OUT,195243.47,C536359380,24855.0,0.0,C552552527,0.0,195243.47,0
370,TRANSFER,925601.81,C1168341479,0.0,0.0,C370046986,9145991.26,10071593.06,0
384,PAYMENT,4958.08,C947004880,10815.0,5856.92,M1998692164,0.0,0.0,0
210,CASH_OUT,26678.82,C248297562,10787.0,0.0,C8072650,0.0,26678.82,0
356,CASH_OUT,92105.95,C349498205,198278.0,106172.05,C1142414857,716593.6,808699.54,0
1,PAYMENT,6579.9,C180489140,11432.0,4852.1,M1512822728,0.0,0.0,0
329,TRANSFER,1357792.73,C1495364323,208915.17,0.0,C532016004,1968796.44,3326589.17,0
19,CASH_IN,51197.13,C354989998,75069.0,126266.13,C537985281,1008225.8,1142888.87,0
230,TRANSFER,382909.98,C85816604,3793.0,0.0,C1155769157,1984205.04,2401118.1,0
161,PAYMENT,8336.66,C1101327979,20857.0,12520.34,M1049054575,0.0,0.0,0
372,PAYMENT,11877.66,C1756818939,11223.0,0.0,M55874805,0.0,0.0,0
42,PAYMENT,24748.36,C841723239,0.0,0.0,M1897395700,0.0,0.0,0
302,TRANSFER,3620915.61,C1336679400,0.0,0.0,C150085983,5111394.86,8732310.46,0
351,CASH_OUT,23128.94,C996117025,374936.81,351807.87,C445422631,45916.74,69045.67,0
75,CASH_OUT,755813.12,C127671231,755813.12,0.0,C974221574,494575.27,1250388.38,1
232,CASH_IN,68296.26,C1211079744,202499.0,270795.26,C1733434729,240425.88,172129.62,0
329,CASH_IN,220261.41,C528860602,19815779.59,20036041.0,C1503046892,1445719.84,1225458.43,0
396,PAYMENT,17714.37,C1445356281,50304.0,32589.63,M1045637367,0.0,0.0,0
20,PAYMENT,6410.82,C1282835923,126018.08,119607.26,M2146989636,0.0,0.0,0
228,CASH_OUT,210703.68,C526194230,106779.0,0.0,C1041708343,3165256.78,3375960.46,0
249,CASH_OUT,100582.33,C799389009,14469.79,0.0,C2085304799,501701.7,602284.03,0
298,CASH_IN,268272.09,C428583038,11921972.28,12190244.37,C89797949,4153591.63,3885319.54,0
230,CASH_OUT,114169.66,C1069101318,114169.66,0.0,C894811944,80478.74,194648.4,1
231,TRANSFER,273821.76,C121294173,273821.76,0.0,C815544341,0.0,0.0,1
46,PAYMENT,3401.62,C370983645,49343.37,45941.75,M386284788,0.0,0.0,0
328,CASH_OUT,262027.77,C239260722,105940.0,0.0,C941747467,357803.7,619831.46,0
249,PAYMENT,30077.22,C1073439355,0.0,0.0,M1089595753,0.0,0.0,0
283,CASH_OUT,166801.34,C29622005,1566.0,0.0,C657437689,115269.93,282071.27,0
36,CASH_OUT,321562.21,C1487734964,0.0,0.0,C1232579010,1822262.5,2143824.71,0
326,CASH_OUT,209952.54,C431496735,0.0,0.0,C974043235,4456128.69,4666081.23,0
280,CASH_OUT,158212.65,C1618161327,18596.0,0.0,C1048959735,0.0,158212.65,0
241,PAYMENT,1706.31,C923693560,504.0,0.0,M1711087578,0.0,0.0,0
328,CASH_OUT,313148.52,C1922810718,11454.0,0.0,C814947341,46403.61,359552.13,0
216,CASH_OUT,43907.23,C1690578696,53523.36,9616.13,C135672554,357012.39,400919.62,0
206,PAYMENT,36102.48,C2084840953,0.0,0.0,M566245697,0.0,0.0,0
297,CASH_OUT,300000.62,C2082804194,5006.0,0.0,C267907988,1271635.97,1571636.59,0
182,CASH_OUT,174443.02,C1892345651,0.0,0.0,C996372940,3361731.47,3614237.55,0
155,CASH_IN,153879.09,C1983546554,2768244.23,2922123.32,C801577031,3731963.02,3578083.92,0
328,CASH_IN,22631.62,C1192850694,4057550.24,4080181.86,C1520102392,110655.28,88023.66,0
10,CASH_IN,530953.44,C1975541945,5548485.23,6079438.67,C1760966565,4734055.95,7121507.96,0
131,TRANSFER,710456.06,C1688336750,0.0,0.0,C1177998522,1726151.76,2436607.82,0
140,PAYMENT,5290.77,C375848220,14382.25,9091.48,M1818301252,0.0,0.0,0
183,CASH_OUT,164851.59,C564425631,326121.53,161269.94,C252312296,992147.07,863651.48,0
614,CASH_OUT,2253.57,C462602401,11175.0,8921.43,C1815561322,809651.34,811904.91,0
372,CASH_IN,49148.32,C1516698039,9055.0,58203.32,C2013570947,29319.89,0.0,0
37,CASH_OUT,91885.29,C2105780193,0.0,0.0,C727866850,657366.84,749252.13,0
374,TRANSFER,1626000.38,C298229142,10499.0,0.0,C242038637,15675.55,1641675.93,0
249,CASH_IN,173399.28,C896120684,1865850.45,2039249.72,C1911241296,3010038.73,2836639.45,0
158,CASH_IN,119794.98,C1657536315,8219828.57,8339623.56,C522635580,324430.07,204635.09,0
351,CASH_OUT,100903.72,C984821450,100611.0,0.0,C2099954695,1272690.19,1373593.91,0
138,CASH_OUT,303432.45,C255761581,303432.45,0.0,C389495831,0.0,522695.73,1
372,PAYMENT,3943.79,C698984922,0.0,0.0,M941668294,0.0,0.0,0
179,CASH_OUT,493082.67,C1820699169,30932.0,0.0,C302189206,0.0,493082.67,0
206,PAYMENT,9165.1,C262183226,0.0,0.0,M1335044559,0.0,0.0,0
204,PAYMENT,2146.52,C1176686340,6124.0,3977.48,M896515193,0.0,0.0,0
236,TRANSFER,721417.12,C1419042152,302809.0,0.0,C980952475,1375962.82,2411291.79,0
377,TRANSFER,15685.76,C1149439048,0.0,0.0,C2095537999,51042.81,66728.58,0
188,CASH_IN,114694.49,C1576608862,21444.0,136138.49,C1321264168,0.0,0.0,0
230,PAYMENT,11542.67,C855425539,0.0,0.0,M2097317659,0.0,0.0,0
299,TRANSFER,568679.23,C1441633447,0.0,0.0,C710743434,1182742.15,1751421.39,0
298,CASH_OUT,20381.51,C484232446,0.0,0.0,C1488165471,195601.9,215983.4,0
208,PAYMENT,33502.07,C712328398,41557.01,8054.94,M679315529,0.0,0.0,0
19,TRANSFER,392660.93,C305716173,298613.0,0.0,C721366123,110757.32,582300.11,0
132,CASH_OUT,183550.78,C44633158,42739.0,0.0,C1737295191,0.0,183550.78,0
687,PAYMENT,16401.05,C731605450,10734.0,0.0,M1455886346,0.0,0.0,0
18,CASH_OUT,81458.06,C880949909,12086.0,0.0,C1556936241,0.0,87076.95,0
371,PAYMENT,19285.66,C254444666,12205.0,0.0,M59403950,0.0,0.0,0
276,PAYMENT,10071.79,C1011385371,8400.0,0.0,M1809638710,0.0,0.0,0
19,PAYMENT,5054.65,C1834301359,0.0,0.0,M1664829951,0.0,0.0,0
186,CASH_OUT,90469.51,C1927658752,11302.0,0.0,C1029012521,34767.47,125236.98,0
212,PAYMENT,4304.04,C162341860,0.0,0.0,M2121287568,0.0,0.0,0
161,PAYMENT,11679.58,C558414528,0.0,0.0,M548814924,0.0,0.0,0
23,PAYMENT,2886.88,C1437463214,127383.0,124496.12,M361538763,0.0,0.0,0
330,CASH_IN,51015.21,C2010598022,262372.95,313388.15,C869665662,5989739.03,5938723.82,0
403,PAYMENT,21328.68,C20757904,258094.62,236765.94,M58822222,0.0,0.0,0
571,CASH_OUT,223857.6,C1973190215,0.0,0.0,C634618031,233608.76,457466.36,0
328,CASH_OUT,300870.8,C1086212101,0.0,0.0,C2007565654,312326.87,613197.67,0
372,CASH_OUT,67387.27,C1127693576,0.0,0.0,C1501575806,2409535.64,2476922.91,0
371,CASH_OUT,455225.61,C1317558358,300489.0,0.0,C730494888,1130428.57,1585654.18,0
13,CASH_IN,159700.15,C1239741752,3825649.2,3985349.35,C498177314,468045.64,308345.49,0
177,CASH_IN,16281.33,C879725416,20439.0,36720.33,C1799429493,414871.12,398589.8,0
262,PAYMENT,6153.68,C2143074388,0.0,0.0,M515276691,0.0,0.0,0
137,PAYMENT,17480.82,C614669174,15569.0,0.0,M1520778018,0.0,0.0,0
11,CASH_IN,259440.94,C1572527808,2052947.92,2312388.87,C1586714022,469513.05,52907.99,0
234,CASH_IN,188675.37,C1986360755,1473191.96,1661867.33,C248018950,2780408.3,2591732.93,0
166,PAYMENT,8803.02,C190518666,14772.0,5968.98,M218461246,0.0,0.0,0
203,PAYMENT,4120.69,C1184623622,0.0,0.0,M448728668,0.0,0.0,0
209,TRANSFER,237488.27,C1797228196,0.0,0.0,C1759201437,10750665.39,10988153.66,0
588,PAYMENT,4211.38,C1786385938,0.0,0.0,M2144110315,0.0,0.0,0
380,CASH_IN,20561.11,C933762587,10940.0,31501.11,C529527989,1096.51,0.0,0
469,PAYMENT,45983.04,C1079634654,83687.0,37703.96,M2030690995,0.0,0.0,0
374,PAYMENT,24217.87,C1619714973,76567.0,52349.13,M603696025,0.0,0.0,0
405,PAYMENT,25509.95,C1189702451,224289.94,198779.99,M1299298958,0.0,0.0,0
184,CASH_OUT,28155.9,C580686096,20997.0,0.0,C840082681,342472.79,370628.69,0
401,CASH_OUT,190030.48,C2007572484,5568.0,0.0,C950206210,0.0,190030.48,0
518,CASH_IN,355676.54,C803275181,862101.65,1217778.2,C1237215070,1877477.41,1521800.87,0
496,PAYMENT,5084.14,C765042501,245394.73,240310.59,M2012048180,0.0,0.0,0
225,CASH_OUT,158860.96,C1796641984,0.0,0.0,C2140027431,1994088.1,2152949.07,0
95,PAYMENT,16004.66,C1124923604,17252.0,1247.34,M404242416,0.0,0.0,0
201,CASH_IN,100162.68,C2096047621,1458104.28,1558266.95,C2066609177,126009.97,25847.3,0
369,CASH_OUT,272443.91,C1109701939,0.0,0.0,C958228894,3927501.04,4199944.95,0
231,CASH_IN,197369.43,C1457300827,1954148.94,2151518.37,C271023213,6144302.99,5946933.56,0
8,CASH_IN,211050.43,C872758451,11120.0,222170.43,C1779792798,41934.0,0.0,0
308,CASH_OUT,149379.35,C1269888805,22416.0,0.0,C1526724992,0.0,149379.35,0
282,CASH_OUT,259311.56,C680834202,47742.0,0.0,C1051326584,0.0,259311.56,0
297,CASH_OUT,5591647.96,C1455120619,5591647.96,0.0,C2080178799,952338.2,6543986.15,1
326,CASH_IN,78676.74,C50779364,5569173.38,5647850.12,C1449181278,374110.28,295433.54,0
180,CASH_OUT,228621.86,C1100631847,1018605.73,789983.87,C1856756944,660941.81,889563.67,0
372,CASH_OUT,30540.99,C466515283,0.0,0.0,C789281477,187186.45,217727.44,0
353,CASH_OUT,60157.8,C1128429966,0.0,0.0,C307971441,8254990.63,8315148.42,0
610,TRANSFER,646676.42,C1136893398,646676.42,0.0,C850364228,0.0,0.0,1
185,CASH_IN,541737.49,C1582678261,3446234.96,3987972.45,C509301198,2372763.92,1831026.43,0
371,PAYMENT,68211.12,C1583419166,40543.0,0.0,M652137024,0.0,0.0,0
306,CASH_OUT,29902.21,C1172162789,0.0,0.0,C846444974,153800.61,183702.82,0
180,CASH_IN,388969.76,C2055944978,6296055.42,6685025.18,C1082333079,1184735.9,795766.15,0
179,TRANSFER,521192.07,C291994600,0.0,0.0,C1906282757,4572844.07,5094036.14,0
19,TRANSFER,467226.29,C713123022,510696.0,43469.71,C1410983857,0.0,829177.6,0
164,PAYMENT,14265.23,C1015596652,277554.09,263288.86,M2121504211,0.0,0.0,0
94,TRANSFER,2393539.65,C211205523,2393539.65,0.0,C1430994246,0.0,0.0,1
259,PAYMENT,2256.36,C7749086,30225.54,27969.18,M1785150970,0.0,0.0,0
378,CASH_OUT,256517.36,C323372259,333.0,0.0,C1632136192,28628.2,285145.55,0
235,CASH_OUT,314708.61,C1037350613,8113.0,0.0,C796134337,0.0,314708.61,0
202,PAYMENT,7599.69,C501364907,83347.0,75747.31,M1738119608,0.0,0.0,0
12,TRANSFER,683167.87,C298929308,11872.0,0.0,C1559058236,0.0,511036.1,0
322,CASH_IN,101366.55,C1920170918,3700769.83,3802136.38,C691556529,714183.0,612816.45,0
308,CASH_IN,1463.98,C1686207157,4909.0,6372.98,C318937330,13484017.87,13482553.88,0
326,PAYMENT,49666.34,C855176237,0.0,0.0,M620631957,0.0,0.0,0
136,PAYMENT,2423.7,C753797816,0.0,0.0,M1001897215,0.0,0.0,0
311,CASH_OUT,181788.34,C364376216,0.0,0.0,C1557864056,663551.97,845340.31,0
164,CASH_IN,282222.41,C926197015,779815.79,1062038.2,C1065721199,283014.76,792.35,0
275,PAYMENT,556.67,C398674572,0.0,0.0,M1607056660,0.0,0.0,0
131,CASH_OUT,168931.42,C522579048,35338.0,0.0,C581007841,7004.37,175935.79,0
321,CASH_OUT,99113.71,C397239808,0.0,0.0,C1344234818,792650.89,891764.6,0
332,CASH_OUT,102204.89,C332693305,22309.0,0.0,C1576991883,7235.46,109440.35,0
402,CASH_OUT,117040.54,C1444427317,434.0,0.0,C2022195725,1342760.34,1459800.88,0
12,CASH_IN,89201.55,C403263269,14320179.07,14409380.62,C573275881,586846.46,497644.9,0
353,CASH_IN,147768.05,C111399469,16090303.23,16238071.27,C1564295445,12359021.39,12211253.35,0
306,CASH_OUT,215392.75,C1981483305,35785.0,0.0,C1786988601,137325.01,352717.76,0
163,CASH_IN,187816.63,C1943046367,5053074.62,5240891.25,C2083059703,398972.51,211155.88,0
38,PAYMENT,4930.07,C1541509766,11152.0,6221.93,M1958564343,0.0,0.0,0
306,CASH_OUT,425191.73,C1491617712,9053.0,0.0,C1133789558,460986.82,886178.55,0
211,CASH_OUT,397362.16,C490436052,20692.0,0.0,C2063125212,0.0,397362.16,0
165,PAYMENT,1660.18,C485539366,367484.76,365824.58,M438422912,0.0,0.0,0
356,CASH_IN,286733.07,C931401657,5602475.83,5889208.9,C1711873970,3301900.88,3015167.8,0
207,PAYMENT,26860.45,C981470043,0.0,0.0,M1578396397,0.0,0.0,0
207,CASH_OUT,280025.31,C782348633,90836.0,0.0,C959449273,1104814.61,1384839.93,0
404,CASH_OUT,161061.36,C501984020,0.0,0.0,C1840539449,6579657.02,6740718.38,0
140,CASH_OUT,58898.82,C827028344,10713.0,0.0,C1436267336,159271.58,218170.4,0
215,PAYMENT,45039.3,C1218174663,396667.23,351627.93,M246919283,0.0,0.0,0
280,TRANSFER,3464071.76,C1295684057,0.0,0.0,C170503405,7335373.43,10799445.19,0
334,PAYMENT,871.04,C238375933,0.0,0.0,M1961747779,0.0,0.0,0
524,CASH_OUT,130812.22,C520216505,193121.0,62308.78,C1059243619,61995.28,192807.5,0
236,CASH_IN,120134.66,C1371085220,228891.0,349025.66,C11213257,0.0,0.0,0
225,PAYMENT,14523.21,C697487542,0.0,0.0,M1752682565,0.0,0.0,0
395,CASH_IN,35113.38,C471441026,3082436.57,3117549.95,C986333911,4203038.43,4167925.05,0
256,PAYMENT,221.18,C64236345,166761.0,166539.82,M134949836,0.0,0.0,0
204,PAYMENT,3952.71,C140053207,10809.0,6856.29,M629325132,0.0,0.0,0
38,DEBIT,4103.5,C85938902,0.0,0.0,C1018316924,261194.85,265298.35,0
140,TRANSFER,47276.44,C44605061,107282.0,60005.56,C2023504471,121200.56,168477.0,0
250,CASH_IN,206704.55,C452148337,6848015.74,7054720.29,C2122722188,1638681.57,1431977.02,0
34,CASH_OUT,142335.81,C1186392214,22375.0,0.0,C1063242906,0.0,368051.64,0
254,PAYMENT,15519.02,C121276380,34661.0,19141.98,M98170356,0.0,0.0,0
692,CASH_OUT,6856104.02,C359146196,6856104.02,0.0,C948690681,751321.25,7607425.27,1
351,CASH_OUT,283460.47,C1574984667,16925.0,0.0,C463253105,0.0,283460.47,0
323,CASH_OUT,47940.88,C583361818,1453.0,0.0,C1169910326,0.0,47940.88,0
550,PAYMENT,6434.4,C1515638645,9992.0,3557.6,M15371323,0.0,0.0,0
280,PAYMENT,5598.67,C370838675,223656.55,218057.88,M1503573870,0.0,0.0,0
14,CASH_OUT,55772.58,C971677963,25715.0,0.0,C1032646412,0.0,426463.65,0
381,PAYMENT,58190.95,C1671038032,0.0,0.0,M779049814,0.0,0.0,0
403,CASH_IN,79195.39,C1766628533,463850.35,543045.74,C1305500548,249061.26,169865.87,0
44,TRANSFER,665171.82,C934616409,0.0,0.0,C1589572557,3447675.56,4112847.39,0
337,TRANSFER,505580.22,C361536240,505580.22,0.0,C486742057,0.0,0.0,1
17,CASH_IN,143690.06,C1764073416,720295.93,863985.99,C1166364767,1008186.1,864496.04,0
159,TRANSFER,208109.48,C1860548542,18207.0,0.0,C1616165674,0.0,208109.48,0
329,CASH_OUT,220303.84,C759192092,0.0,0.0,C701712399,5401076.83,5621380.66,0
538,CASH_OUT,37436.78,C434098204,37436.78,0.0,C671296081,0.0,37436.78,1
202,PAYMENT,15887.14,C1071715147,27848.75,11961.61,M564765795,0.0,0.0,0
159,CASH_IN,153975.02,C1465309773,3665013.33,3818988.35,C2077719804,544100.76,390125.73,0
284,CASH_OUT,102772.13,C1875427268,0.0,0.0,C218774661,1551051.01,1653823.13,0
252,TRANSFER,535851.11,C679557415,10540.0,0.0,C627092522,1486610.19,2022461.3,0
225,PAYMENT,22375.18,C1244523960,54161.39,31786.21,M937283276,0.0,0.0,0
251,PAYMENT,11133.79,C1340767450,189571.71,178437.93,M247915778,0.0,0.0,0
46,PAYMENT,476.89,C223859940,10621.0,10144.11,M1540430383,0.0,0.0,0
16,PAYMENT,13693.82,C797949992,197769.7,184075.88,M553246194,0.0,0.0,0
232,CASH_IN,169743.96,C1836393264,1904632.57,2074376.53,C384242126,604964.4,435220.45,0
278,CASH_IN,169133.45,C1685447196,803380.5,972513.94,C559151053,2978446.99,2809313.55,0
259,CASH_OUT,353474.83,C2116040377,100039.0,0.0,C1011972550,167167.96,520642.79,0
331,CASH_IN,288404.01,C1163177727,932173.65,1220577.66,C396524657,12655857.42,12367453.4,0
232,CASH_OUT,68384.81,C1310525993,0.0,0.0,C995908846,2330336.34,2398721.15,0
358,PAYMENT,37610.19,C1945310103,99344.0,61733.81,M1234366587,0.0,0.0,0
404,CASH_OUT,78909.96,C529626926,201200.0,122290.04,C144062959,431736.42,510646.38,0
403,PAYMENT,1261.36,C1468069548,107212.0,105950.64,M1739204325,0.0,0.0,0
308,PAYMENT,6270.74,C1038829214,50064.0,43793.26,M1808809886,0.0,0.0,0
405,PAYMENT,1144.44,C385263735,3144.0,1999.56,M1469942748,0.0,0.0,0
231,CASH_IN,320743.24,C1743930076,22939330.2,23260073.44,C1445251809,2276649.93,1955906.69,0
351,PAYMENT,30566.81,C431612067,11327.0,0.0,M1428494768,0.0,0.0,0
139,PAYMENT,845.5,C996178804,0.0,0.0,M1814505811,0.0,0.0,0
355,CASH_IN,148881.62,C2074025671,109250.0,258131.62,C900032017,144951.13,0.0,0
210,PAYMENT,14113.05,C1461983774,54479.0,40365.95,M1623018265,0.0,0.0,0
354,CASH_OUT,332168.48,C1392069372,0.0,0.0,C553881989,1176659.33,1508827.81,0
395,CASH_IN,310496.81,C1299313843,19759255.43,20069752.24,C1156404645,4213611.79,4262980.85,0
183,CASH_IN,397665.27,C1287985897,102644.0,500309.27,C956442492,0.0,0.0,0
177,PAYMENT,33561.57,C1813520693,126669.77,93108.2,M697624809,0.0,0.0,0
324,CASH_IN,259074.63,C489508015,17747188.74,18006263.38,C926177715,511347.13,252272.5,0
185,CASH_IN,310742.79,C347875940,867346.25,1178089.04,C277633845,1170908.26,860165.47,0
259,CASH_OUT,48159.52,C1225484614,20873.0,0.0,C1740645293,6257498.55,6305658.07,0
290,CASH_OUT,165368.59,C158707184,165368.59,0.0,C615658157,19946.26,185314.85,1
450,CASH_OUT,133057.11,C1090188748,133057.11,0.0,C847781012,27926.24,160983.35,1
353,PAYMENT,2143.46,C899767656,0.0,0.0,M1297112589,0.0,0.0,0
395,CASH_OUT,139818.31,C66144677,0.0,0.0,C192313244,2721677.48,2861495.79,0
207,PAYMENT,604.79,C2002585429,23763.0,23158.21,M1050282359,0.0,0.0,0
378,TRANSFER,411437.65,C1832736664,12146.0,0.0,C1393546736,878741.11,1290178.77,0
181,CASH_IN,328345.6,C151671955,7423242.02,7751587.62,C1266013760,2654426.23,2326080.63,0
259,TRANSFER,680706.05,C275687763,0.0,0.0,C2113400285,4124374.38,4805080.44,0
36,PAYMENT,7366.85,C505605443,0.0,0.0,M1075147384,0.0,0.0,0
254,TRANSFER,247851.92,C1279090499,0.0,0.0,C322403541,369769.39,617621.31,0
670,CASH_IN,283487.95,C1176297920,71972.82,355460.77,C1735748673,915429.17,631941.21,0
305,CASH_OUT,189881.6,C1313740168,0.0,0.0,C2132222390,1011302.89,1201184.5,0
142,CASH_IN,153355.83,C1106580558,5637157.32,5790513.15,C406340235,5006413.0,4853057.17,0
11,CASH_IN,166605.63,C1033744461,1177055.74,1343661.36,C1564251366,812500.66,260915.23,0
256,CASH_IN,202673.81,C2014494298,1631006.71,1833680.51,C446662509,350858.4,148184.59,0
258,CASH_OUT,64471.0,C287583932,0.0,0.0,C312401847,704393.97,768864.97,0
403,CASH_IN,10102.41,C1656983946,1988546.74,1998649.15,C1031554283,3641249.91,3631147.5,0
11,CASH_OUT,167486.93,C754842170,0.0,0.0,C1040786626,487422.26,625050.55,0
235,CASH_IN,73129.43,C443983716,11035.0,84164.43,C1403289037,0.0,0.0,0
214,PAYMENT,10195.9,C1774102727,123222.0,113026.1,M1984245473,0.0,0.0,0
214,CASH_OUT,371611.0,C1320187241,0.0,0.0,C132379888,7015096.58,7386707.58,0
251,PAYMENT,15738.75,C1030714075,782.66,0.0,M1432026112,0.0,0.0,0
305,DEBIT,1686.96,C2029034717,22647.93,20960.96,C464074415,589237.71,411690.32,0
596,CASH_OUT,440654.41,C927511233,0.0,0.0,C326632000,460584.48,901238.89,0
187,PAYMENT,2339.79,C830032705,21533.0,19193.21,M905468340,0.0,0.0,0
642,PAYMENT,7249.17,C1505014774,35304.0,28054.83,M620052926,0.0,0.0,0
185,CASH_IN,130680.91,C318390626,20137.0,150817.91,C798610243,518599.88,387918.97,0
20,CASH_IN,91182.86,C484496565,2278404.66,2369587.52,C1234736746,287009.39,460877.58,0
228,CASH_IN,127804.86,C38483197,41224.0,169028.86,C316846654,1355066.82,1227261.96,0
546,PAYMENT,342.56,C34934279,87642.81,87300.25,M1927425303,0.0,0.0,0
42,CASH_IN,24319.75,C27242005,12696343.88,12720663.62,C240203404,92180.84,67861.09,0
188,CASH_OUT,28405.94,C685430890,67495.46,39089.52,C248409680,0.0,28405.94,0
188,CASH_OUT,73967.75,C1753991158,82588.0,8620.25,C605992258,5744421.56,5561483.8,0
153,CASH_OUT,10625.34,C1678922412,178581.0,167955.66,C861012049,324555.73,335181.07,0
400,CASH_OUT,464719.81,C785476737,0.0,0.0,C1279221802,642532.34,1107252.15,0
208,PAYMENT,52017.11,C1496056450,0.0,0.0,M1735430136,0.0,0.0,0
204,CASH_IN,21505.01,C75566500,3746902.61,3768407.63,C1516971929,663480.74,641975.73,0
10,PAYMENT,23505.1,C271133572,25140.0,1634.9,M1325623337,0.0,0.0,0
377,CASH_OUT,28350.24,C201117452,15715.0,0.0,C1017174977,0.0,28350.24,0
308,CASH_IN,92256.8,C1658564551,40681.0,132937.8,C1048351840,0.0,0.0,0
260,TRANSFER,347469.7,C1285604437,45976.0,0.0,C491257511,1714345.52,2061815.22,0
42,CASH_OUT,98150.1,C1836791105,0.0,0.0,C1361218157,456465.99,554616.09,0
184,CASH_OUT,20463.86,C1302936507,24904.0,4440.14,C1788712200,257664.36,278128.22,0
308,PAYMENT,36897.26,C1230825610,61765.79,24868.53,M73066566,0.0,0.0,0
227,PAYMENT,25491.59,C252553664,592.0,0.0,M2060264219,0.0,0.0,0
135,CASH_OUT,38108.91,C180108691,0.0,0.0,C1538125111,4649787.84,4687896.76,0
378,CASH_OUT,337432.31,C224579380,20293.0,0.0,C2023501227,0.0,337432.31,0
166,PAYMENT,22473.46,C1220009846,37500.0,15026.54,M1537163579,0.0,0.0,0
374,CASH_IN,80473.46,C1437831815,2782071.97,2862545.43,C1851424765,302038.31,221564.85,0
376,TRANSFER,93015.9,C912423842,2106.64,0.0,C2043673641,173282.66,266298.55,0
587,CASH_OUT,343566.84,C2033281510,53409.0,0.0,C560227842,1063895.32,1407462.16,0
184,CASH_IN,82911.62,C1227693774,0.0,82911.62,C962103214,1323321.11,1240409.5,0
257,CASH_OUT,74816.13,C1943405804,0.0,0.0,C661766451,0.0,74816.13,0
414,CASH_OUT,3285475.4,C959785140,3285475.4,0.0,C473805746,746119.83,4031595.23,1
322,CASH_IN,172507.05,C380042612,33698.0,206205.05,C1053850031,144887.63,0.0,0
306,CASH_IN,571504.27,C749348071,667.0,572171.27,C2050415761,0.0,0.0,0
522,PAYMENT,3289.27,C2108940828,102.0,0.0,M1141582187,0.0,0.0,0
184,CASH_IN,454775.59,C1329081711,1409398.64,1864174.23,C777296974,761954.84,307179.25,0
158,TRANSFER,316717.13,C684838235,258.0,0.0,C118794629,86639.53,403356.65,0
280,TRANSFER,193504.21,C400409366,0.0,0.0,C1840082302,739212.2,932716.41,0
233,CASH_OUT,552558.03,C1686657373,11939.0,0.0,C144558690,619948.02,1172506.05,0
37,CASH_OUT,354777.45,C1846379652,0.0,0.0,C1655544297,762125.26,1116902.72,0
185,CASH_IN,206988.43,C1979214667,14731.0,221719.43,C165420870,0.0,0.0,0
369,CASH_OUT,206809.55,C1008916629,0.0,0.0,C1102133742,674543.69,881353.25,0
161,CASH_OUT,243701.6,C1252430554,0.0,0.0,C571747599,2268040.02,2511741.62,0
183,CASH_IN,2794.71,C2039725247,1064579.8,1067374.5,C205304110,150453.01,147658.31,0
378,CASH_OUT,26897.69,C470901858,0.0,0.0,C1973494469,380089.42,406987.1,0
282,PAYMENT,21489.5,C1290351530,11169.0,0.0,M195131653,0.0,0.0,0
282,CASH_OUT,100221.26,C1963063785,205.0,0.0,C496220218,0.0,100221.26,0
656,PAYMENT,6378.35,C1273724286,0.0,0.0,M826821605,0.0,0.0,0
328,CASH_OUT,286660.5,C198724743,32247.0,0.0,C1981478705,830003.8,1116664.3,0
130,CASH_IN,61502.41,C1990700859,5737539.76,5799042.17,C76381459,1361185.56,1299683.15,0
232,PAYMENT,1300.92,C1860906932,0.0,0.0,M1574168315,0.0,0.0,0
177,CASH_OUT,77150.26,C171177986,10738.0,0.0,C840171083,227243.57,304393.83,0
19,PAYMENT,8766.62,C868260308,138876.18,130109.56,M941777167,0.0,0.0,0
232,CASH_OUT,737844.74,C1160497913,2362.0,0.0,C1519926594,29227.52,767072.27,0
377,CASH_IN,175340.37,C508628245,245933.0,421273.37,C530590749,0.0,0.0,0
165,TRANSFER,255616.75,C1368399951,0.0,0.0,C1757825976,419353.34,674970.09,0
140,CASH_OUT,25439.73,C1978612407,0.0,0.0,C1405142107,753570.21,779009.94,0
398,TRANSFER,10000000.0,C14368419,25618179.9,15618179.9,C1000868784,0.0,0.0,1
131,CASH_OUT,326508.79,C139742285,0.0,0.0,C1985359259,1150341.88,1476850.66,0
157,CASH_OUT,180748.81,C1626882100,0.0,0.0,C1769626610,2089612.4,2270361.21,0
137,CASH_IN,85522.79,C832069655,2064805.08,2150327.87,C1424886703,732748.06,647225.27,0
396,CASH_OUT,187741.81,C541264266,0.0,0.0,C1981929111,861002.45,1048744.26,0
202,CASH_IN,213221.78,C1918354866,220583.0,433804.78,C1852543741,2086527.43,1873305.65,0
375,PAYMENT,28429.4,C932562621,415352.0,386922.6,M98274077,0.0,0.0,0
404,PAYMENT,4874.01,C194152032,49736.0,44861.99,M1960386288,0.0,0.0,0
375,CASH_OUT,68074.6,C2003469488,0.0,0.0,C15845444,10868606.58,10936681.18,0
548,CASH_IN,107899.92,C2139098531,1057879.9,1165779.82,C204156120,701189.07,593289.15,0
18,TRANSFER,729505.04,C1701695168,0.0,0.0,C1973999005,1504158.06,2417705.9,0
180,PAYMENT,19638.74,C643203246,275842.31,256203.57,M115570942,0.0,0.0,0
345,PAYMENT,11520.8,C1638031676,126642.07,115121.27,M1656922055,0.0,0.0,0
45,PAYMENT,4823.47,C193866156,53624.72,48801.25,M1174330671,0.0,0.0,0
561,TRANSFER,897131.97,C140166215,897131.97,0.0,C187205970,0.0,0.0,1
141,PAYMENT,9736.57,C1011392740,9115.0,0.0,M90877041,0.0,0.0,0
233,CASH_OUT,80327.74,C1852077896,138.0,0.0,C595321552,1119367.78,1199695.52,0
40,CASH_IN,155088.9,C803362359,1002.0,156090.9,C1593205631,0.0,0.0,0
132,CASH_OUT,46065.13,C782026944,15859.0,0.0,C623023214,1606004.71,1652069.83,0
204,CASH_IN,136764.26,C671344574,1571453.61,1708217.86,C1218801136,391056.73,254292.48,0
250,PAYMENT,28185.6,C478170478,0.0,0.0,M288248590,0.0,0.0,0
326,CASH_OUT,83272.19,C328575675,0.0,0.0,C189664565,319993.37,403265.56,0
330,CASH_IN,523123.86,C292821795,106619.0,629742.86,C754520202,0.0,0.0,0
562,TRANSFER,8208916.0,C364617026,8208916.0,0.0,C1664077486,0.0,0.0,1
398,CASH_IN,94351.94,C1545432050,338568.0,432919.94,C219589593,104445.71,10093.77,0
362,CASH_OUT,85113.85,C1758241116,85113.85,0.0,C1814482000,0.0,85113.85,1
353,PAYMENT,10523.68,C269783235,479500.19,468976.52,M1523209196,0.0,0.0,0
329,PAYMENT,36826.17,C1542403155,252570.0,215743.83,M1605228589,0.0,0.0,0
226,PAYMENT,7207.27,C1074295510,130673.73,123466.47,M2064912127,0.0,0.0,0
139,CASH_IN,71509.56,C81026934,59430.0,130939.56,C1990522628,0.0,0.0,0
277,CASH_IN,308754.56,C1744591450,8128508.94,8437263.5,C1504433069,1113354.18,804599.62,0
38,PAYMENT,83.62,C1852936486,9670.16,9586.54,M125206444,0.0,0.0,0
181,DEBIT,4762.82,C1722469569,10727.0,5964.18,C1833708792,2658187.88,2662950.69,0
332,CASH_OUT,33247.39,C566628045,0.0,0.0,C1264686419,2951618.1,2984865.49,0
525,CASH_IN,229852.37,C484796565,17478.0,247330.37,C449400098,18613.49,0.0,0
19,CASH_OUT,99930.26,C1198490652,84465.0,0.0,C1985057977,0.0,99930.26,0
33,CASH_IN,74437.74,C1707632335,10129704.82,10204142.56,C856592301,477020.94,402583.19,0
259,PAYMENT,4337.23,C147860531,0.0,0.0,M1173087101,0.0,0.0,0
250,PAYMENT,42230.32,C587801803,23782.0,0.0,M844459622,0.0,0.0,0
47,CASH_OUT,667043.9,C1676208609,667043.9,0.0,C1263000252,104132.27,771176.17,1
278,PAYMENT,269.48,C1107313373,425684.47,425414.98,M1874502300,0.0,0.0,0
138,PAYMENT,11243.07,C665512475,0.0,0.0,M1938291240,0.0,0.0,0
328,CASH_OUT,18297.97,C288713719,70253.0,51955.03,C1223826572,3593182.72,3611480.69,0
12,PAYMENT,8992.05,C577834565,0.0,0.0,M1656090132,0.0,0.0,0
405,PAYMENT,5727.15,C549133835,227164.0,221436.85,M1282079166,0.0,0.0,0
188,CASH_OUT,5777706.65,C1812401668,5777706.65,0.0,C1367015586,0.0,5777706.65,1
280,CASH_OUT,63362.5,C843234427,0.0,0.0,C223686679,12845998.9,12909361.4,0
634,CASH_OUT,458603.07,C805258361,458603.07,0.0,C791884678,118881.11,577484.18,1
260,CASH_IN,68547.43,C1447978948,0.0,68547.43,C1303374399,401577.13,333029.7,0
130,TRANSFER,1089636.69,C1159549265,0.0,0.0,C331091852,3601242.67,4690879.36,0
379,CASH_IN,307995.88,C754016444,1335261.29,1643257.17,C923622754,1069898.77,761902.89,0
375,PAYMENT,1945.51,C935904018,698.0,0.0,M776384303,0.0,0.0,0
329,CASH_OUT,283306.65,C1521671681,0.0,0.0,C1803209333,1726166.37,2009473.02,0
564,PAYMENT,7655.9,C117386141,0.0,0.0,M1932139436,0.0,0.0,0
330,PAYMENT,7768.94,C64045676,0.0,0.0,M1237924688,0.0,0.0,0
133,PAYMENT,9518.52,C923349667,0.0,0.0,M1708681,0.0,0.0,0
370,TRANSFER,1037678.47,C1561964786,215183.43,0.0,C1798119663,2659017.23,3696695.7,0
354,CASH_OUT,187988.97,C819532579,0.0,0.0,C450928061,2548016.43,2736005.4,0
135,CASH_OUT,73087.03,C1822159409,0.0,0.0,C1183613505,494402.71,567489.74,0
305,CASH_OUT,244258.25,C676983104,87350.0,0.0,C663416392,0.0,244258.25,0
260,PAYMENT,72.79,C1142062807,52916.0,52843.21,M903065710,0.0,0.0,0
11,CASH_IN,167292.28,C531849700,252.0,167544.28,C57227360,318530.46,210288.92,0
15,PAYMENT,12953.22,C652273875,0.0,0.0,M1762242101,0.0,0.0,0
404,PAYMENT,3373.3,C900964272,0.0,0.0,M1323456517,0.0,0.0,0
188,PAYMENT,16317.66,C505507874,12308.0,0.0,M1642043297,0.0,0.0,0
39,CASH_OUT,190065.57,C804619763,60137.0,0.0,C587879168,14377718.72,14774666.83,0
321,PAYMENT,4000.68,C958246805,14984.0,10983.32,M855196911,0.0,0.0,0
227,CASH_OUT,445435.3,C1624320021,0.0,0.0,C1958485216,1257193.56,1702628.86,0
180,CASH_OUT,228671.57,C1382997759,11027.0,0.0,C523849217,539364.26,768035.83,0
379,CASH_OUT,36112.13,C1562019511,0.0,0.0,C657007081,1757528.07,1793640.2,0
228,CASH_IN,437193.29,C597031275,7205703.74,7642897.03,C990997224,506800.0,69606.71,0
43,CASH_OUT,139739.42,C654344166,0.0,0.0,C978024161,475302.39,615041.81,0
211,PAYMENT,4615.01,C1726218607,10523.0,5907.99,M1760657835,0.0,0.0,0
202,CASH_IN,178086.38,C230520418,631.0,178717.38,C267760644,0.0,0.0,0
190,CASH_OUT,52917.24,C1683651803,41699.0,0.0,C1287737604,0.0,52917.24,0
40,CASH_OUT,200064.32,C1394735704,10720.0,0.0,C1856258691,1482244.51,1682308.83,0
140,PAYMENT,16355.9,C1853540455,0.0,0.0,M562955501,0.0,0.0,0
419,CASH_IN,298460.12,C1280132080,106686.0,405146.12,C1070154665,2596162.62,2297702.51,0
250,PAYMENT,2399.99,C1465037946,0.0,0.0,M2041944607,0.0,0.0,0
358,CASH_OUT,287461.95,C989007321,0.0,0.0,C412534155,1843507.75,2130969.7,0
691,CASH_OUT,94438.17,C198091999,0.0,0.0,C393147578,438639.11,533077.28,0
191,PAYMENT,7761.05,C561699442,657646.17,649885.12,M1810953400,0.0,0.0,0
229,PAYMENT,46268.39,C2091970491,18958.0,0.0,M541115513,0.0,0.0,0
252,TRANSFER,1495306.37,C1324088571,54948.0,0.0,C1076002940,109567.43,1604873.8,0
297,CASH_IN,156655.54,C1138898644,140123.0,296778.54,C2143684859,653328.56,496673.02,0
261,CASH_OUT,2830.36,C814209554,2509.48,0.0,C986960893,65552.05,68382.41,0
160,CASH_OUT,121024.7,C1847535759,203304.12,82279.42,C170744022,303980.93,425005.63,0
346,TRANSFER,262541.36,C1869575906,265786.87,3245.51,C1052913187,3836755.92,4099297.29,0
234,CASH_OUT,41869.7,C1091681221,0.0,0.0,C928630688,182453.67,224323.36,0
617,CASH_OUT,0.0,C1971175979,0.0,0.0,C1352345416,0.0,0.0,1
43,CASH_OUT,151925.93,C1497204772,10569.0,0.0,C847668958,2001739.58,2153665.52,0
371,CASH_IN,28965.22,C1305047253,594532.67,623497.89,C792236535,339302.59,310337.36,0
348,CASH_OUT,162034.1,C973541417,20292.0,0.0,C1648463657,0.0,162034.1,0
202,CASH_OUT,144078.68,C721576961,0.0,0.0,C366943429,417706.19,561784.87,0
360,PAYMENT,7617.1,C1671497096,18762.0,11144.9,M1998893371,0.0,0.0,0
162,CASH_OUT,88585.04,C1886081440,0.0,0.0,C1635392417,540963.12,629548.16,0
208,CASH_OUT,140858.27,C1433485193,0.0,0.0,C821974451,1803135.82,1943994.08,0
134,PAYMENT,637.53,C161360380,0.0,0.0,M302025034,0.0,0.0,0
353,CASH_OUT,72401.42,C875742405,0.0,0.0,C322517787,3004557.62,3076959.04,0
9,PAYMENT,10303.42,C1330651614,383121.13,372817.71,M2123026655,0.0,0.0,0
36,CASH_OUT,70520.21,C940115880,0.0,0.0,C1343686543,13117824.04,13029537.9,0
228,CASH_IN,104612.74,C1684096908,174807.0,279419.74,C2114225471,3096514.99,2991902.25,0
183,CASH_IN,183398.88,C1537268877,2950530.76,3133929.64,C1320968474,639990.73,456591.85,0
255,CASH_OUT,160813.45,C135130695,21160.0,0.0,C314505775,131863.17,292676.62,0
41,PAYMENT,12620.75,C1402801809,0.0,0.0,M1331503273,0.0,0.0,0
299,PAYMENT,24078.0,C1335715378,0.0,0.0,M700169314,0.0,0.0,0
279,PAYMENT,15721.22,C1068234736,3085.0,0.0,M130182263,0.0,0.0,0
44,PAYMENT,6754.91,C1474690672,0.0,0.0,M120712794,0.0,0.0,0
12,CASH_OUT,176123.99,C1046084369,0.0,0.0,C1626533496,3842928.68,5177310.76,0
239,PAYMENT,2415.5,C498990413,131832.0,129416.5,M392359940,0.0,0.0,0
190,TRANSFER,283746.94,C397840295,0.0,0.0,C1767212642,877297.54,1161044.48,0
158,CASH_OUT,74039.51,C286879399,207273.0,133233.49,C874263957,122117.35,196156.86,0
135,CASH_OUT,25021.73,C973632014,23768.41,0.0,C1392340458,155211.87,180233.6,0
373,CASH_IN,66937.18,C1233496385,23264253.0,23331190.19,C1284958155,241656.43,174719.25,0
227,CASH_IN,67053.38,C1525026866,22856.0,89909.38,C487703950,167471.59,100418.21,0
594,PAYMENT,7741.18,C415093287,20269.0,12527.82,M632018721,0.0,0.0,0
14,PAYMENT,243.15,C1651193890,8641.0,8397.85,M208429243,0.0,0.0,0
21,CASH_OUT,148929.97,C27794931,0.0,0.0,C1964141150,217371.1,366301.07,0
137,PAYMENT,14417.15,C114549950,68250.0,53832.85,M1515849450,0.0,0.0,0
338,CASH_IN,157001.55,C2121012976,9343255.9,9500257.45,C69797167,4300940.96,4143939.41,0
129,CASH_IN,439453.66,C1565551133,0.0,439453.66,C552665226,2092490.33,1653036.67,0
238,CASH_IN,177819.88,C1807530683,8099768.18,8277588.06,C530871504,1614379.28,1436559.4,0
689,CASH_OUT,49492.39,C442653315,49492.39,0.0,C1646646349,0.0,49492.39,1
163,CASH_OUT,56441.05,C1110259682,22941.0,0.0,C892030967,0.0,56441.05,0
330,CASH_OUT,184887.69,C903580683,21294.0,0.0,C1773814616,200288.57,385176.26,0
132,CASH_OUT,133911.91,C972654361,0.0,0.0,C467702718,2378953.97,2512865.88,0
204,CASH_OUT,363111.35,C1535298756,0.0,0.0,C1485360262,7764873.96,8127985.31,0
37,CASH_OUT,544794.2,C645360502,0.0,0.0,C1890087601,1042653.22,1587447.42,0
163,CASH_OUT,190676.16,C83839827,38108.0,0.0,C1870083262,1115344.62,1306020.78,0
250,PAYMENT,13408.64,C980558623,0.0,0.0,M1202121768,0.0,0.0,0
234,PAYMENT,2174.8,C1262703692,114637.0,112462.2,M722155176,0.0,0.0,0
284,CASH_OUT,206593.01,C8567541,0.0,0.0,C533893015,552111.76,758704.76,0
48,PAYMENT,2829.74,C1933866557,3412.3,582.56,M1469194692,0.0,0.0,0
621,TRANSFER,1077146.94,C1645503164,1077146.94,0.0,C220661112,0.0,0.0,1
304,TRANSFER,10000000.0,C672589479,0.0,0.0,C414346328,10000000.0,34248011.82,0
44,CASH_OUT,290795.92,C2091559907,0.0,0.0,C174665052,423320.43,714116.35,0
308,PAYMENT,9159.01,C1408757539,685.0,0.0,M1693580914,0.0,0.0,0
212,PAYMENT,19421.52,C1710781930,110821.23,91399.71,M648628023,0.0,0.0,0
255,CASH_IN,249403.45,C1178843441,7189431.96,7438835.41,C352029118,1095146.0,845742.56,0
345,PAYMENT,38821.07,C1914144175,67995.0,29173.93,M970906140,0.0,0.0,0
379,PAYMENT,24809.27,C659119643,106202.0,81392.73,M1136406137,0.0,0.0,0
186,DEBIT,5654.97,C96582831,0.0,0.0,C605556470,129938.64,135593.61,0
345,PAYMENT,4971.24,C754956971,0.0,0.0,M1607503179,0.0,0.0,0
35,CASH_IN,217025.0,C16016056,130008.0,347033.0,C474592575,0.0,0.0,0
18,PAYMENT,4608.77,C2004433405,318975.26,314366.49,M1314903682,0.0,0.0,0
190,CASH_OUT,132971.95,C719145715,0.0,0.0,C1264457302,1524620.06,1657592.01,0
185,CASH_IN,139620.63,C96032376,1926920.94,2066541.57,C330361131,957758.55,818137.92,0
279,CASH_IN,189702.6,C1480741166,2517.0,192219.6,C1051379055,62785.58,0.0,0
403,TRANSFER,1010996.2,C2110665538,0.0,0.0,C1079713311,3531944.35,4542940.55,0
204,CASH_OUT,79519.76,C1471846129,30581.0,0.0,C1005162573,1761139.97,1840659.73,0
155,CASH_OUT,160014.26,C1112168957,0.0,0.0,C596002739,206364.22,366378.48,0
13,CASH_IN,48918.94,C2119270900,267279.36,316198.3,C709659714,1438547.41,1389628.47,0
237,CASH_OUT,13996.36,C1350107060,50053.0,36056.64,C1170652137,0.0,13996.36,0
401,CASH_OUT,145541.9,C272298102,106534.0,0.0,C1559029461,258713.16,404255.06,0
185,CASH_OUT,189317.02,C1578445228,0.0,0.0,C1647629301,1176647.84,1365964.86,0
18,CASH_OUT,68882.04,C1647297516,0.0,0.0,C161112781,370758.75,439640.79,0
133,TRANSFER,587172.98,C1155247482,200847.0,0.0,C156815783,348760.86,935933.84,0
20,PAYMENT,4297.2,C1899138187,18724.0,14426.8,M92767278,0.0,0.0,0
187,CASH_IN,30129.3,C819132129,13100968.71,13131098.01,C113678082,4191187.73,4161058.43,0
377,CASH_IN,19818.01,C909594205,40448.0,60266.01,C1151641868,1160134.62,1140316.61,0
177,CASH_OUT,29689.43,C2056585005,84507.61,54818.18,C342414255,1326954.75,1356644.18,0
403,CASH_OUT,166031.86,C1516777807,236534.0,70502.14,C938085762,0.0,166031.86,0
354,CASH_OUT,241446.0,C1057422123,151207.0,0.0,C37250234,1463307.87,1704753.86,0
544,CASH_OUT,129707.23,C958369144,18117.0,0.0,C1454865016,1265956.09,1395663.32,0
140,CASH_IN,279629.46,C1655207054,2038188.35,2317817.81,C216714364,606843.77,327214.3,0
232,PAYMENT,23837.49,C2123084816,0.0,0.0,M1737053183,0.0,0.0,0
12,PAYMENT,6276.76,C1652722279,0.0,0.0,M74579632,0.0,0.0,0
406,CASH_OUT,251422.18,C1630236426,9308.0,0.0,C1800770767,223242.91,474665.09,0
233,CASH_OUT,70144.69,C1602707995,0.0,0.0,C581918263,358563.69,428708.38,0
399,CASH_OUT,161175.47,C2017916342,21539.0,0.0,C1981056135,3576329.63,3737505.11,0
182,PAYMENT,139.31,C356590669,77759.53,77620.21,M1348898652,0.0,0.0,0
275,PAYMENT,3745.99,C109410566,0.0,0.0,M781275168,0.0,0.0,0
135,CASH_OUT,298215.21,C1703145753,12274.0,0.0,C82927041,1507497.51,1805712.72,0
386,CASH_IN,95006.4,C335640992,2054540.51,2149546.9,C2146610568,11615870.54,11520864.15,0
43,CASH_OUT,375107.41,C274470636,0.0,0.0,C369453853,9906895.24,10282002.64,0
401,CASH_IN,67029.04,C1960538364,20916.0,87945.04,C465794159,0.0,0.0,0
590,PAYMENT,13374.27,C694837102,415152.75,401778.48,M296375473,0.0,0.0,0
310,PAYMENT,50934.36,C810403479,112121.0,61186.64,M1634562006,0.0,0.0,0
164,PAYMENT,16777.02,C1573159691,7020.0,0.0,M8059411,0.0,0.0,0
139,CASH_IN,70895.26,C7873740,39051.0,109946.26,C1720823512,0.0,0.0,0
557,TRANSFER,3332748.16,C136906216,3332748.16,0.0,C560125098,0.0,0.0,1
183,DEBIT,4462.52,C1604488273,32.0,0.0,C111636207,10262497.33,10266959.86,0
280,CASH_IN,67629.84,C1911299879,11006832.36,11074462.2,C2097011699,3124284.99,3056655.15,0
303,CASH_IN,180654.4,C1274876175,15629253.69,15809908.09,C1817440101,4067392.98,3886738.58,0
637,PAYMENT,5816.52,C1809896084,133.0,0.0,M824638494,0.0,0.0,0
260,PAYMENT,4415.02,C946474836,0.0,0.0,M1507420414,0.0,0.0,0
259,CASH_IN,183947.0,C2017819494,14113056.16,14297003.17,C2073108881,3901630.96,3717683.95,0
135,PAYMENT,18475.74,C1591681495,0.0,0.0,M1324652020,0.0,0.0,0
187,PAYMENT,7055.37,C1822058047,0.0,0.0,M763093956,0.0,0.0,0
212,PAYMENT,2642.63,C1012228576,229.0,0.0,M364597962,0.0,0.0,0
679,CASH_OUT,3150438.28,C1100799459,3150438.28,0.0,C314198067,6711.43,3157149.71,1
187,CASH_IN,604.22,C359142493,53218.0,53822.22,C1801005870,0.0,0.0,0
350,PAYMENT,24342.48,C1466016137,0.0,0.0,M1932514101,0.0,0.0,0
350,TRANSFER,762821.97,C1721530397,20160.0,0.0,C2047890024,0.0,762821.97,0
208,CASH_IN,25596.02,C818391660,11400.0,36996.02,C304345245,52728.22,27132.19,0
185,CASH_IN,115707.18,C362879917,307327.23,423034.41,C1702850540,916781.55,801074.37,0
138,TRANSFER,1024153.94,C174330989,0.0,0.0,C815873622,2581042.35,3605196.29,0
373,CASH_IN,147963.31,C1175136142,1025470.06,1173433.38,C1729465471,331134.11,183170.8,0
373,CASH_OUT,51809.0,C1805193696,0.0,0.0,C297043439,689685.49,741494.49,0
36,TRANSFER,103056.0,C383698470,103056.0,0.0,C761769299,0.0,0.0,1
153,CASH_OUT,346736.34,C431551958,105452.0,0.0,C890452673,357166.99,703903.34,0
131,CASH_IN,36362.06,C1600308327,1278276.92,1314638.97,C917154776,40046.41,3684.35,0
141,PAYMENT,12793.84,C1823004143,0.0,0.0,M642457170,0.0,0.0,0
237,PAYMENT,472.65,C79476960,11076.0,10603.35,M1674602516,0.0,0.0,0
71,TRANSFER,14385.54,C706829068,14385.54,0.0,C1684593692,0.0,0.0,1
380,PAYMENT,5571.63,C733231941,10129.0,4557.37,M1498175929,0.0,0.0,0
9,CASH_OUT,460030.16,C298540064,167.0,0.0,C1395957862,0.0,51711.06,0
132,CASH_OUT,396406.47,C1695884244,21081.0,0.0,C423615197,254277.11,650683.58,0
235,PAYMENT,13368.0,C243469556,27160.16,13792.16,M525080504,0.0,0.0,0
350,CASH_OUT,55382.83,C1752466223,41840.0,0.0,C2030959034,48842.72,104225.54,0
178,PAYMENT,9194.2,C1973185743,526.0,0.0,M310284972,0.0,0.0,0
186,CASH_OUT,70962.09,C1139531132,0.0,0.0,C14896850,3680253.67,3751215.75,0
165,PAYMENT,4886.97,C1616732894,0.0,0.0,M1979896795,0.0,0.0,0
177,PAYMENT,847.64,C540182219,175.0,0.0,M1711329167,0.0,0.0,0
540,PAYMENT,19240.01,C1739661657,25936.94,6696.94,M994965150,0.0,0.0,0
369,CASH_OUT,20233.58,C753438927,0.0,0.0,C1151970197,30665.0,17693.27,0
236,CASH_OUT,7303.08,C1843970589,350.0,0.0,C13627188,7193552.58,7200855.65,0
185,CASH_OUT,184449.45,C1389480996,19860.0,0.0,C1061891929,4214891.86,4399341.31,0
359,PAYMENT,635.24,C1097132609,92674.0,92038.76,M1168382283,0.0,0.0,0
19,CASH_IN,23413.34,C2118447343,5540618.27,5564031.61,C220307583,724715.86,701302.52,0
189,PAYMENT,16222.51,C1026453100,7209.52,0.0,M2063351363,0.0,0.0,0
372,TRANSFER,1412398.36,C1742550364,10962.0,0.0,C1535682658,0.0,1412398.36,0
255,CASH_IN,179300.68,C2092924080,2531405.05,2710705.73,C205625187,1001630.53,822329.85,0
138,CASH_IN,140331.03,C1380686745,10429.0,150760.03,C785724760,5128.82,0.0,0
207,PAYMENT,8762.13,C1189690239,746.0,0.0,M1200308654,0.0,0.0,0
305,PAYMENT,24263.99,C1286043143,0.0,0.0,M606030551,0.0,0.0,0
140,PAYMENT,6539.45,C1562196018,0.0,0.0,M905470943,0.0,0.0,0
210,CASH_OUT,50981.8,C1685246672,0.0,0.0,C1761309577,120270.47,171252.27,0
228,CASH_OUT,227982.47,C1821461087,289368.24,61385.77,C183491570,13030136.78,13258119.24,0
307,PAYMENT,14948.68,C304256022,0.0,0.0,M1779857304,0.0,0.0,0
230,PAYMENT,20733.08,C244614581,0.0,0.0,M1863453732,0.0,0.0,0
379,CASH_OUT,9877.06,C1823988077,0.0,0.0,C78381931,669709.31,679586.37,0
43,PAYMENT,6431.27,C139204974,61748.0,55316.73,M597569288,0.0,0.0,0
36,CASH_OUT,157220.77,C1826732707,1637.0,0.0,C1173568651,412449.36,569670.13,0
254,TRANSFER,291265.68,C1219690687,42641.43,0.0,C843728511,1254600.28,1545865.96,0
160,CASH_OUT,404660.07,C497936873,0.0,0.0,C1265660495,1549095.12,1824146.61,0
36,CASH_IN,15716.78,C1997407748,13936.0,29652.78,C1386380618,2488823.11,2473106.33,0
380,CASH_IN,224339.12,C777741149,1738151.55,1962490.67,C575335499,245134.8,20795.68,0
162,PAYMENT,14990.57,C220294695,17289.86,2299.29,M1402219034,0.0,0.0,0
11,TRANSFER,664297.47,C1555336503,0.0,0.0,C2019308874,2516518.48,3314327.36,0
379,PAYMENT,4028.3,C1168168658,0.0,0.0,M1888193737,0.0,0.0,0
287,PAYMENT,12432.26,C440715494,76346.0,63913.74,M902810736,0.0,0.0,0
134,CASH_IN,4816.47,C1893940072,61914.0,66730.47,C130969086,122348.42,117531.95,0
229,TRANSFER,49941.84,C1232231726,0.0,0.0,C773769624,411248.53,461190.37,0
139,CASH_OUT,38664.08,C435895624,82786.0,44121.92,C1401155758,144332.04,182996.12,0
235,CASH_OUT,393474.25,C485067354,0.0,0.0,C239696745,5915261.93,6308736.18,0
202,CASH_OUT,71706.98,C1465683886,11852.0,0.0,C538402936,0.0,71706.98,0
307,PAYMENT,28955.01,C1340644216,503061.0,474105.99,M1032074562,0.0,0.0,0
382,CASH_IN,89349.73,C1697315192,4547749.54,4637099.27,C44332837,348351.41,259001.68,0
378,CASH_IN,382144.4,C2108448148,117.0,382261.4,C625810482,0.0,0.0,0
161,CASH_OUT,30525.68,C128053630,30250.0,0.0,C958435076,353141.43,383667.11,0
16,TRANSFER,286685.13,C1378999952,0.0,0.0,C1466293753,431583.4,718268.53,0
212,PAYMENT,524.83,C87275725,0.0,0.0,M1661442900,0.0,0.0,0
258,CASH_IN,268460.41,C739577024,360020.73,628481.15,C685681787,870104.57,601644.16,0
184,PAYMENT,24312.91,C49116352,50186.0,25873.09,M1741427066,0.0,0.0,0
208,CASH_IN,179657.19,C1584890206,6842054.2,7021711.39,C1285391138,6329206.23,6149549.04,0
331,CASH_OUT,247198.65,C1187243590,10968.0,0.0,C1801110858,85148.86,332347.5,0
345,PAYMENT,1450.99,C388115206,456972.06,455521.07,M824832427,0.0,0.0,0
300,CASH_IN,214236.28,C884591208,9907.0,224143.28,C1104821183,568817.19,354580.91,0
353,PAYMENT,13017.99,C1106706480,40850.21,27832.22,M583363613,0.0,0.0,0
225,CASH_IN,183913.37,C117632161,2103030.28,2286943.65,C1256397776,1903201.9,1719288.53,0
372,TRANSFER,1119602.12,C1863038694,6096.0,0.0,C102908678,468767.94,1588370.05,0
345,CASH_OUT,61089.91,C1105339216,0.0,0.0,C1855315947,2560306.63,2621396.54,0
38,CASH_IN,376393.15,C1193644121,9644304.52,10020697.67,C1589405935,4426481.65,4152911.94,0
132,CASH_IN,84906.75,C862249843,290592.76,375499.51,C1191912015,2703541.76,2618635.0,0
273,CASH_OUT,203059.78,C955135974,0.0,0.0,C89735906,444515.36,647575.13,0
351,CASH_OUT,101149.69,C1212939287,1195.0,0.0,C645981795,0.0,101149.69,0
187,CASH_IN,11456.04,C1732712954,193181.0,204637.04,C1463781523,783326.62,771870.58,0
347,CASH_OUT,196058.5,C627908940,0.0,0.0,C451068155,212123.66,408182.16,0
135,PAYMENT,35239.41,C669624191,20246.0,0.0,M2081276900,0.0,0.0,0
183,PAYMENT,18710.11,C1709979337,361.0,0.0,M1517541023,0.0,0.0,0
158,PAYMENT,10481.18,C1742403385,154239.15,143757.98,M1565399061,0.0,0.0,0
379,CASH_IN,55149.17,C2062978091,41626.0,96775.17,C1793969313,5243442.22,5188293.06,0
395,PAYMENT,12337.18,C2130787937,45205.0,32867.82,M1329363220,0.0,0.0,0
132,CASH_IN,217362.16,C383479152,30444.0,247806.16,C928815229,33094.05,0.0,0
157,CASH_IN,429120.8,C1454142892,4998256.67,5427377.47,C150983897,1761364.75,1350606.65,0
306,CASH_IN,16852.59,C1918358071,58306.0,75158.59,C651118329,0.0,0.0,0
353,CASH_OUT,162190.63,C1083075491,334920.74,172730.11,C1751387285,1620892.7,1783083.33,0
205,PAYMENT,4787.52,C790571733,5562.0,774.48,M429171559,0.0,0.0,0
375,CASH_IN,136899.86,C1702553082,1289259.35,1426159.21,C1089101011,5384019.17,5247119.31,0
705,PAYMENT,5465.74,C2036783436,29419.48,23953.74,M1377910644,0.0,0.0,0
23,PAYMENT,22330.91,C1654653226,2025.0,0.0,M381013961,0.0,0.0,0
648,CASH_OUT,27584.17,C641646944,27584.17,0.0,C951980885,0.0,27584.17,1
228,CASH_OUT,229293.02,C1532099730,0.0,0.0,C22043098,6410155.25,6799558.08,0
323,PAYMENT,24513.89,C499308602,0.0,0.0,M1477891941,0.0,0.0,0
259,PAYMENT,1243.25,C1616107748,79755.0,78511.75,M25596498,0.0,0.0,0
328,PAYMENT,32157.85,C655581163,0.0,0.0,M1209296938,0.0,0.0,0
131,CASH_OUT,289954.23,C1111797065,10330.0,0.0,C314865334,0.0,289954.23,0
209,CASH_OUT,133249.65,C1142689148,4265.0,0.0,C1787310250,0.0,133249.65,0
349,TRANSFER,768749.71,C1431617337,0.0,0.0,C563566923,2560356.75,3329106.46,0
252,CASH_OUT,113337.24,C1315445654,10676.0,0.0,C469416331,362377.01,475714.25,0
308,CASH_IN,198519.95,C1989239682,2557442.23,2755962.18,C899203935,5167312.62,4968792.67,0
212,PAYMENT,213.6,C1619875044,91771.0,91557.4,M811995198,0.0,0.0,0
285,CASH_OUT,1421665.98,C467140343,1421665.98,0.0,C1583441435,0.0,1421665.98,1
17,CASH_IN,358492.72,C1599437254,1728582.67,2087075.39,C421043180,1329933.53,971440.81,0
229,TRANSFER,960802.64,C1199958220,69517.0,0.0,C2021390265,356480.43,1317283.07,0
382,TRANSFER,131948.66,C1791246275,32104.0,0.0,C1284329911,796441.32,928389.98,0
371,CASH_OUT,41556.49,C1801362749,160862.0,119305.51,C1675690861,164561.96,206118.45,0
185,CASH_OUT,188652.8,C829996876,52882.0,0.0,C906510451,4275851.84,4663953.39,0
377,CASH_OUT,332513.42,C1788858942,9945.0,0.0,C330329622,357071.79,689585.21,0
37,PAYMENT,4182.72,C442334198,126915.63,122732.91,M1036124037,0.0,0.0,0
231,TRANSFER,105080.35,C1603667010,105080.35,0.0,C70652634,0.0,0.0,1
181,CASH_OUT,69723.14,C639751711,0.0,0.0,C1108145805,121564.0,191287.14,0
18,CASH_OUT,142249.28,C191569919,61809.0,0.0,C1361807005,7385.28,0.0,0
34,CASH_OUT,393947.17,C583724303,40802.0,0.0,C1073738319,101479.28,495426.46,0
370,CASH_IN,31084.11,C759271628,4162979.56,4194063.67,C1909444922,241136.19,210052.08,0
334,CASH_OUT,269779.91,C432328244,0.0,0.0,C1922908334,920240.11,1190020.03,0
548,CASH_IN,139857.42,C934634115,3854740.7,3994598.13,C1959071379,6859635.08,6719777.66,0
347,CASH_OUT,66145.32,C522636774,0.0,0.0,C460866394,298890.78,365036.1,0
163,CASH_OUT,163294.35,C1921431894,163294.35,0.0,C1280060028,234212.42,397506.77,1
163,CASH_OUT,7775.45,C316285951,0.0,0.0,C574132826,2366401.12,2374176.57,0
13,PAYMENT,14654.22,C286844701,30955.0,16300.78,M2006736856,0.0,0.0,0
598,PAYMENT,2133.75,C1152751011,0.0,0.0,M1045786868,0.0,0.0,0
349,CASH_OUT,90886.39,C607357366,30404.0,0.0,C1153867509,4284548.52,4375434.91,0
207,PAYMENT,10084.58,C930290450,309.0,0.0,M174409565,0.0,0.0,0
251,PAYMENT,35294.42,C1414530794,297393.0,262098.58,M1615255144,0.0,0.0,0
226,CASH_OUT,131697.78,C326607716,0.0,0.0,C1120492698,1128891.71,1260589.49,0
278,TRANSFER,62462.51,C443522133,0.0,0.0,C1869351457,937922.39,1000384.89,0
19,CASH_OUT,150146.25,C468313762,30075.0,0.0,C315208959,0.0,150146.25,0
163,PAYMENT,7295.81,C1989786270,281624.89,274329.08,M688034549,0.0,0.0,0
228,CASH_IN,302885.24,C1462958855,326.0,303211.24,C281530090,48951.64,0.0,0
276,CASH_IN,76210.0,C1912546491,272722.0,348932.0,C1915311118,609698.5,533488.49,0
183,CASH_OUT,63011.8,C1790010402,4529.0,0.0,C2127968077,533260.92,596272.72,0
355,CASH_OUT,4555.38,C2069763570,838.0,0.0,C1935757596,236279.79,240835.17,0
402,PAYMENT,18978.9,C1999601738,26532.0,7553.1,M498161855,0.0,0.0,0
181,TRANSFER,351884.84,C1857326024,0.0,0.0,C1736009915,921914.22,1273799.06,0
394,PAYMENT,4226.21,C825933445,645139.18,640912.97,M1135343404,0.0,0.0,0
304,PAYMENT,39557.15,C1121362781,54888.62,15331.47,M647460598,0.0,0.0,0
250,CASH_OUT,127765.34,C145164956,49620.0,0.0,C1415681558,922449.51,1050214.86,0
47,PAYMENT,4324.74,C1260609298,468.0,0.0,M1321571595,0.0,0.0,0
130,PAYMENT,13875.46,C984767287,64578.64,50703.18,M1054574797,0.0,0.0,0
398,CASH_OUT,167710.96,C1715366996,0.0,0.0,C131129476,2779785.4,2947496.36,0
214,TRANSFER,422192.94,C938307851,0.0,0.0,C1659184979,870799.85,1292992.79,0
22,CASH_OUT,136476.74,C1530199507,0.0,0.0,C1745985960,187667.23,324143.97,0
14,PAYMENT,9812.15,C841480880,34148.0,24335.85,M608647615,0.0,0.0,0
236,CASH_OUT,373196.3,C668453916,2140.0,0.0,C614987050,38851.11,412047.41,0
228,PAYMENT,6887.56,C110292670,0.0,0.0,M1022936212,0.0,0.0,0
135,CASH_IN,45412.33,C2075442085,40995.0,86407.33,C21910052,1043867.72,1002018.02,0
42,CASH_OUT,311374.0,C1208885850,21151.0,0.0,C567485358,120120.66,431494.65,0
12,CASH_OUT,350321.04,C766169042,31220.0,0.0,C1400037095,10091.17,360412.21,0
42,CASH_IN,85799.55,C591719106,10393162.0,10478961.55,C1862210674,841705.65,755906.1,0
33,CASH_OUT,144031.72,C1714414309,248497.0,104465.28,C424669538,3426095.45,3570127.17,0
33,PAYMENT,11215.87,C1349770969,15364.44,4148.57,M143762348,0.0,0.0,0
323,PAYMENT,44544.55,C1577125495,10513.0,0.0,M195323729,0.0,0.0,0
155,CASH_IN,387788.21,C1417550508,897095.39,1284883.6,C1245387045,1418774.37,1030986.17,0
131,PAYMENT,1996.42,C1987633110,0.0,0.0,M374313342,0.0,0.0,0
329,PAYMENT,18249.24,C1547529139,0.0,0.0,M1957310184,0.0,0.0,0
15,CASH_IN,12182.48,C1553354228,1062663.01,1074845.5,C1145835418,4129951.03,4117768.54,0
331,PAYMENT,9753.85,C452450580,0.0,0.0,M69513973,0.0,0.0,0
179,CASH_OUT,538879.56,C690901222,0.0,0.0,C1553804065,878781.48,1417661.04,0
19,PAYMENT,3831.8,C1374415157,237868.33,234036.53,M411797545,0.0,0.0,0
236,CASH_OUT,128468.92,C1309035569,0.0,0.0,C763404953,392593.52,521062.44,0
284,PAYMENT,8404.86,C1673355495,4578.0,0.0,M602832311,0.0,0.0,0
166,PAYMENT,13248.59,C469563417,0.0,0.0,M362581915,0.0,0.0,0
260,CASH_OUT,184515.57,C1329921375,64624.03,0.0,C530271721,260845.11,445360.68,0
379,CASH_OUT,216467.08,C526560495,2081.0,0.0,C1928733985,1639580.72,1856047.79,0
546,CASH_OUT,164511.2,C875617104,0.0,0.0,C1919754720,497721.4,662232.6,0
396,CASH_OUT,170453.82,C1673453757,0.0,0.0,C22929752,1413462.15,1583915.97,0
351,PAYMENT,15527.59,C2115452602,0.0,0.0,M1911906529,0.0,0.0,0
298,PAYMENT,49829.57,C23981023,0.0,0.0,M1393169476,0.0,0.0,0
235,CASH_OUT,86552.21,C382455714,52257.0,0.0,C975461869,0.0,86552.21,0
234,CASH_OUT,209926.17,C20344509,0.0,0.0,C643777050,5783606.6,6233274.3,0
157,CASH_OUT,120214.0,C1189404799,0.0,0.0,C139561947,571025.45,691239.44,0
39,TRANSFER,117282.68,C209765342,0.0,0.0,C1485240783,319268.86,436551.55,0
286,CASH_IN,437747.1,C984600725,1283655.71,1721402.81,C1167969024,602190.31,164443.21,0
130,CASH_IN,288197.25,C957977505,9074349.67,9362546.92,C246095906,2072108.4,1783911.15,0
134,CASH_OUT,10733.92,C1498032042,0.0,0.0,C1896059630,387849.49,398583.41,0
380,TRANSFER,880435.58,C207995643,0.0,0.0,C119825015,969801.22,1850236.81,0
203,PAYMENT,4255.34,C1633004322,32944.0,28688.66,M1203846529,0.0,0.0,0
347,CASH_OUT,502894.42,C1301635259,0.0,0.0,C1132006536,828703.23,1331597.65,0
232,CASH_IN,18498.64,C394526802,20842.0,39340.64,C735829756,0.0,0.0,0
357,CASH_IN,107501.68,C754851503,9482375.32,9589877.0,C951236034,262259.63,154757.96,0
375,CASH_OUT,149126.1,C407961072,0.0,0.0,C1407343213,1228482.07,1377608.17,0
137,CASH_OUT,236595.68,C1255307565,0.0,0.0,C485029005,761111.96,997707.65,0
129,CASH_IN,31535.91,C1324935935,3813219.18,3844755.1,C404647251,2366445.37,2334909.45,0
147,TRANSFER,1137603.28,C318449492,1137603.28,0.0,C632641086,0.0,0.0,1
351,CASH_IN,463224.23,C1270381209,46786.0,510010.23,C734817865,0.0,0.0,0
285,CASH_OUT,212988.27,C660589939,0.0,0.0,C1427990645,3175518.43,3388506.69,0
299,PAYMENT,11709.2,C199017846,454.0,0.0,M436019880,0.0,0.0,0
229,CASH_OUT,128234.9,C1772709189,50350.0,0.0,C943454546,258770.84,387005.74,0
46,TRANSFER,495623.84,C552916883,342.0,0.0,C490301774,1886166.32,2381790.16,0
327,PAYMENT,21640.23,C316740262,39647.0,18006.77,M479922512,0.0,0.0,0
229,CASH_OUT,270735.05,C582297938,0.0,0.0,C1424534277,305406.69,576141.74,0
331,CASH_IN,128634.18,C1857269874,3706924.35,3835558.54,C237012793,757074.58,628440.4,0
11,PAYMENT,3319.75,C599868071,19067.0,15747.25,M2002618524,0.0,0.0,0
324,TRANSFER,1535989.94,C1181572322,341990.0,0.0,C1729614577,384977.92,2006211.57,0
42,CASH_OUT,459879.91,C688051421,0.0,0.0,C1627403267,1572958.68,2032838.59,0
185,CASH_OUT,235260.61,C116024589,25787.0,0.0,C932451051,72775.89,308036.5,0
17,TRANSFER,218659.8,C1771061335,18927.0,0.0,C1944566735,299171.82,517831.63,0
353,PAYMENT,848.54,C278683832,337415.05,336566.51,M1985340176,0.0,0.0,0
180,TRANSFER,365635.13,C59691470,68268.0,0.0,C540084725,151282.18,516917.31,0
182,CASH_OUT,199927.45,C1459773746,562460.29,362532.83,C479495607,2882654.38,3082581.83,0
119,CASH_OUT,9894.4,C383726990,47313.17,37418.77,C665169174,772023.96,781918.36,0
274,PAYMENT,5190.82,C753767668,251216.0,246025.18,M2140445143,0.0,0.0,0
186,CASH_OUT,298505.56,C135553540,105529.0,0.0,C1323307096,126643.28,425148.84,0
43,PAYMENT,12671.0,C246414716,160027.46,147356.46,M374943515,0.0,0.0,0
42,PAYMENT,9408.94,C2103716391,60347.0,50938.06,M408286497,0.0,0.0,0
207,CASH_IN,246267.71,C915671243,52063.0,298330.71,C1750350607,1030578.41,784310.7,0
186,CASH_OUT,270137.62,C1247783394,53334.0,0.0,C1407374155,0.0,270137.62,0
283,PAYMENT,2366.58,C1388302621,21941.0,19574.42,M2036903005,0.0,0.0,0
259,PAYMENT,6709.62,C1562640868,8938.0,2228.38,M2004205873,0.0,0.0,0
182,PAYMENT,7926.54,C1192297131,15976.78,8050.24,M1595726054,0.0,0.0,0
405,CASH_IN,8263.21,C797891371,360723.0,368986.21,C272878,42284.04,34020.84,0
493,PAYMENT,1929.12,C2094839244,543.0,0.0,M2013202777,0.0,0.0,0
353,CASH_OUT,190915.5,C1770551514,0.0,0.0,C91751129,5024685.55,5215601.04,0
381,PAYMENT,1649.87,C147689409,0.0,0.0,M1775692257,0.0,0.0,0
81,TRANSFER,1980800.05,C1249942022,1980800.05,0.0,C1969956684,0.0,0.0,1
213,CASH_OUT,81118.43,C714442439,496827.0,415708.57,C797500731,84237.01,165355.45,0
299,PAYMENT,7949.21,C1148982623,53753.0,45803.79,M929061850,0.0,0.0,0
180,CASH_OUT,340187.26,C756269788,49803.0,0.0,C1002558818,604304.59,944491.84,0
282,CASH_IN,87909.63,C1628053937,16990693.92,17078603.55,C1534680579,4357058.98,4269149.36,0
160,PAYMENT,4938.59,C1082272454,11592.0,6653.41,M1697203855,0.0,0.0,0
279,CASH_OUT,153399.8,C903144344,0.0,0.0,C1791450192,231696.76,385096.56,0
232,CASH_OUT,127970.2,C182850401,211383.69,83413.49,C1636535967,577753.26,705723.46,0
14,CASH_OUT,371323.15,C1048920722,0.0,0.0,C2103065350,3623963.4,4284928.73,0
39,CASH_IN,110001.81,C672932230,11134585.95,11244587.76,C700264290,277509.83,167508.03,0
43,CASH_OUT,117621.54,C1408560527,53092.0,0.0,C73877971,1020821.75,1138443.29,0
160,CASH_OUT,97854.63,C918601495,0.0,0.0,C1668136163,507598.98,605453.61,0
39,PAYMENT,4063.69,C900114234,0.0,0.0,M76155674,0.0,0.0,0
376,PAYMENT,32830.54,C690698058,0.0,0.0,M1314888386,0.0,0.0,0
331,CASH_IN,23798.4,C152348750,43019.0,66817.4,C1219026776,0.0,0.0,0
206,CASH_IN,166554.98,C1585082460,7467764.98,7634319.96,C1860564101,6189081.45,6022526.47,0
186,CASH_OUT,561149.9,C1581439980,561149.9,0.0,C89425517,0.0,561149.9,1
352,PAYMENT,560.25,C484961159,0.0,0.0,M1487046344,0.0,0.0,0
664,CASH_OUT,4651.43,C59743655,4651.43,0.0,C1943832045,4812422.91,4817074.35,1
308,CASH_OUT,511259.91,C1229223040,0.0,0.0,C860083072,3716015.94,4227275.85,0
215,PAYMENT,12323.68,C1471283895,28539.0,16215.32,M1864688913,0.0,0.0,0
255,PAYMENT,8035.22,C1537584059,0.0,0.0,M2018380085,0.0,0.0,0
569,TRANSFER,51416.07,C1275321415,51416.07,0.0,C1417015196,0.0,0.0,1
257,CASH_IN,67209.19,C1649865762,10345.0,77554.19,C935130853,20496.26,0.0,0
395,CASH_IN,133789.35,C1976296946,5544869.74,5678659.09,C380897617,838518.14,704728.79,0
397,CASH_IN,31302.96,C1200290749,11329499.93,11360802.89,C280150521,3002306.13,2971003.17,0
348,CASH_IN,202921.54,C1878301983,11390296.5,11593218.04,C747758135,380285.63,177364.09,0
345,CASH_OUT,106321.79,C1108289556,0.0,0.0,C685704266,423036.42,529358.21,0
159,CASH_OUT,208495.38,C302803006,5974.0,0.0,C95129661,153287.19,361782.57,0
276,CASH_OUT,325627.03,C1113076388,0.0,0.0,C2094553562,855002.65,1180629.68,0
517,CASH_IN,11558.6,C325603185,1319870.11,1331428.72,C1776274158,84449.32,72890.72,0
19,TRANSFER,257750.37,C1521562284,0.0,0.0,C1257704323,1168006.47,1425756.84,0
279,CASH_OUT,116472.16,C423982656,0.0,0.0,C1449666822,168690.66,285162.82,0
43,PAYMENT,786.47,C51578592,1935.0,1148.53,M631897571,0.0,0.0,0
378,PAYMENT,8991.37,C1324099878,0.0,0.0,M803833075,0.0,0.0,0
403,CASH_OUT,202388.84,C480707086,0.0,0.0,C110076659,1809343.54,2011732.38,0
373,PAYMENT,11370.61,C899916566,3460.0,0.0,M1368120451,0.0,0.0,0
254,PAYMENT,3220.12,C1676166822,0.0,0.0,M1071505957,0.0,0.0,0
11,CASH_OUT,3808.0,C1187830346,6007.0,2199.0,C1116915569,1963238.65,1967046.65,0
161,TRANSFER,481617.5,C1175067646,255599.0,0.0,C623957045,996014.6,1477632.09,0
373,CASH_OUT,112794.59,C1980736651,502561.0,389766.41,C361077038,0.0,112794.59,0
188,PAYMENT,2261.42,C1429926805,53633.72,51372.3,M1501401153,0.0,0.0,0
238,TRANSFER,134313.22,C781397101,134313.22,0.0,C273071988,0.0,0.0,1
370,CASH_OUT,233891.62,C1682226738,0.0,0.0,C298636592,2335301.46,2569193.08,0
139,CASH_OUT,151593.76,C996507446,4310.64,0.0,C364290198,212930.71,364524.47,0
400,CASH_IN,6722.89,C1988718781,466904.79,473627.69,C616686081,1947494.0,1940771.11,0
325,CASH_IN,445654.38,C131598915,59888.0,505542.38,C1491641065,14878753.97,14433099.59,0
590,CASH_IN,140422.55,C1717004341,6420591.03,6561013.59,C1722383739,2084765.67,1944343.12,0
283,CASH_OUT,41822.86,C1731423411,0.0,0.0,C1468782715,521464.64,563287.5,0
208,CASH_OUT,7203.46,C1904788430,50116.0,42912.54,C1290008654,43069.7,50273.16,0
209,CASH_IN,93980.77,C993086187,2246268.23,2340249.0,C1058709331,597213.82,503233.05,0
403,PAYMENT,5742.95,C295263453,0.0,0.0,M1697866250,0.0,0.0,0
15,PAYMENT,22365.29,C2063523399,221786.31,199421.02,M1349841466,0.0,0.0,0
186,TRANSFER,336884.51,C1071290201,0.0,0.0,C1183344300,3094103.79,3430988.3,0
306,PAYMENT,8585.95,C1616871407,1310.0,0.0,M252322426,0.0,0.0,0
19,CASH_IN,298633.57,C754911602,116.0,298749.57,C523887215,0.0,0.0,0
153,PAYMENT,474.94,C1406954021,117470.0,116995.06,M1517508943,0.0,0.0,0
187,CASH_IN,125001.05,C1586410600,11464597.48,11589598.53,C160967008,1899389.05,1774388.0,0
44,CASH_OUT,93893.78,C1307072463,0.0,0.0,C1809042185,2595120.8,2689014.58,0
40,CASH_IN,82980.86,C743685377,1872279.8,1955260.66,C2069877290,190436.52,107455.66,0
230,PAYMENT,12809.93,C1985954057,0.0,0.0,M1682218833,0.0,0.0,0
12,CASH_OUT,105697.06,C1420683744,0.0,0.0,C1692119129,370333.2,476030.26,0
122,TRANSFER,188249.17,C2026720299,188249.17,0.0,C669965600,0.0,0.0,1
355,CASH_OUT,1398.55,C594068546,65572.0,64173.45,C1667962929,3634143.95,3635542.5,0
283,PAYMENT,12645.85,C1567697432,96471.87,83826.02,M399924085,0.0,0.0,0
257,TRANSFER,840761.55,C1187627374,41269.0,0.0,C1177603285,0.0,840761.55,0
132,CASH_OUT,328368.16,C357441772,99258.0,0.0,C1287782964,0.0,328368.16,0
137,CASH_IN,39967.32,C1035355877,839.0,40806.32,C887794689,1277639.41,1237672.09,0
134,CASH_IN,235390.36,C76336587,3650071.12,3885461.47,C1958878239,1001488.58,766098.22,0
567,CASH_OUT,149897.88,C1509270659,0.0,0.0,C793575098,1781184.54,1931082.42,0
305,PAYMENT,11271.32,C1286925134,0.0,0.0,M2097027869,0.0,0.0,0
256,TRANSFER,333871.0,C940475107,0.0,0.0,C546075889,692777.4,1026648.4,0
590,PAYMENT,5040.12,C1236200083,131343.83,126303.71,M796057708,0.0,0.0,0
158,PAYMENT,16796.17,C1443445035,10863.0,0.0,M1858367004,0.0,0.0,0
404,PAYMENT,10477.23,C1254548875,60704.27,50227.04,M201980468,0.0,0.0,0
213,CASH_IN,22502.67,C867644955,24845177.18,24867679.85,C2112661533,1867976.34,1845473.67,0
38,TRANSFER,205361.04,C2082898564,278567.75,73206.71,C1188566403,589932.03,795293.07,0
281,PAYMENT,808.97,C1144631933,0.0,0.0,M535385730,0.0,0.0,0
589,CASH_IN,1112.79,C1013203210,7123672.25,7124785.04,C982195430,568994.97,567882.18,0
13,CASH_OUT,122011.62,C844762662,104381.0,0.0,C288197656,8655761.97,8542846.26,0
371,TRANSFER,127342.09,C938102360,14472.0,0.0,C1506387259,3233.05,130575.14,0
331,CASH_OUT,200454.82,C618820052,510688.0,310233.18,C1413257477,90232.66,290687.48,0
238,PAYMENT,1321.1,C1253084732,45622.0,44300.9,M844323909,0.0,0.0,0
380,PAYMENT,21163.12,C520753623,0.0,0.0,M2078698883,0.0,0.0,0
281,CASH_OUT,29627.95,C1684713953,775553.0,745925.05,C874454987,17454.36,47082.31,0
153,CASH_OUT,77771.7,C305249826,83933.51,6161.81,C518773073,1693203.99,1770975.69,0
346,PAYMENT,3002.06,C52543561,5362.0,2359.94,M1957891414,0.0,0.0,0
132,PAYMENT,6513.32,C580753544,0.0,0.0,M824455427,0.0,0.0,0
300,CASH_OUT,34274.39,C2013965441,0.0,0.0,C542606095,1297782.88,1332057.27,0
283,CASH_OUT,47638.44,C896217305,3697.0,0.0,C1400383789,4757427.68,4805066.12,0
96,CASH_OUT,12157.61,C486518215,0.0,0.0,C1221019111,176991.68,189149.29,0
369,PAYMENT,10989.05,C1154321717,2374.0,0.0,M401741805,0.0,0.0,0
371,CASH_IN,121711.12,C954852028,10422346.01,10544057.13,C84555254,907638.31,785927.18,0
42,PAYMENT,3485.54,C456239693,1098.0,0.0,M536967121,0.0,0.0,0
184,PAYMENT,6123.9,C1270342292,234372.52,228248.62,M396666662,0.0,0.0,0
191,CASH_OUT,441687.85,C1259171460,0.0,0.0,C1053537092,724556.82,1166244.67,0
232,CASH_IN,50520.25,C842931739,935701.75,986222.0,C1293954727,1104271.7,1053751.45,0
380,CASH_IN,155515.68,C1254706218,40744.07,196259.75,C589924223,484314.28,328798.59,0
133,CASH_OUT,89321.96,C1441879377,0.0,0.0,C1143806095,375655.77,464977.73,0
397,CASH_IN,554718.91,C469610818,3568013.54,4122732.45,C1764638711,2664863.15,2110144.24,0
203,PAYMENT,12597.63,C141584298,98592.11,85994.48,M971455761,0.0,0.0,0
205,CASH_OUT,88750.02,C206103682,6055.0,0.0,C304022024,0.0,88750.02,0
9,CASH_IN,42078.9,C1496831651,25818485.05,25860563.95,C583485973,546479.58,89056.95,0
328,CASH_OUT,117865.89,C1251492810,0.0,0.0,C1045173834,118339.0,236204.89,0
17,CASH_OUT,108679.98,C261583850,133991.0,25311.02,C754662778,0.0,0.0,0
256,CASH_IN,116692.76,C1897787586,4616419.11,4733111.87,C836223153,150117.74,33424.99,0
300,CASH_OUT,223063.14,C78371798,0.0,0.0,C1749984438,1809818.29,2032881.43,0
353,CASH_OUT,279280.55,C316506144,0.0,0.0,C1745045439,3539039.32,3818319.88,0
15,PAYMENT,24386.79,C560184519,164302.0,139915.21,M1167100294,0.0,0.0,0
400,CASH_IN,117011.35,C1336959450,9630599.02,9747610.36,C320944803,2151121.63,2034110.29,0
525,CASH_IN,92382.61,C501493873,414057.49,506440.1,C865965732,243066.81,150684.2,0
164,PAYMENT,3270.06,C478137391,0.0,0.0,M993519274,0.0,0.0,0
204,CASH_OUT,183722.89,C1606294830,73990.0,0.0,C1747198746,189199.65,372922.54,0
94,CASH_IN,157920.76,C2114516123,6242973.32,6400894.08,C69968364,444286.83,286366.07,0
43,CASH_OUT,243816.84,C677802171,10689.0,0.0,C2126609733,173562.45,417379.29,0
42,PAYMENT,7880.58,C369844525,138774.0,130893.42,M692876027,0.0,0.0,0
160,CASH_IN,294573.06,C2023830439,82476.3,377049.37,C381246781,803138.06,508565.0,0
225,CASH_IN,163256.44,C486231240,70480.0,233736.44,C1878381014,11498321.73,11335065.29,0
253,PAYMENT,10173.68,C286674155,0.0,0.0,M543178096,0.0,0.0,0
406,CASH_OUT,184588.59,C1507841762,184588.59,0.0,C1402386572,0.0,184588.59,1
300,TRANSFER,1801779.35,C870775850,11806.0,0.0,C555357240,1474847.43,3276626.77,0
249,PAYMENT,12236.01,C1285786193,0.0,0.0,M237707579,0.0,0.0,0
153,CASH_OUT,445636.74,C1057657173,247.0,0.0,C110534246,0.0,445636.74,0
397,CASH_IN,208416.79,C2047098377,2150.0,210566.79,C1321425665,0.0,0.0,0
346,CASH_OUT,8713.13,C634262742,0.0,0.0,C1720721903,5491680.75,5500393.88,0
13,CASH_IN,10163.64,C1129901557,1553024.96,1563188.6,C477109299,123237.21,113073.57,0
95,PAYMENT,8643.06,C516487299,91623.0,82979.94,M364458488,0.0,0.0,0
134,TRANSFER,247511.14,C1785246570,0.0,0.0,C1932120476,1144336.22,1391847.36,0
348,CASH_IN,90468.45,C1902370853,1995791.57,2086260.02,C898166962,134658.15,44189.7,0
46,CASH_OUT,34590.43,C945480290,0.0,0.0,C1701364031,3576757.62,3611348.05,0
137,CASH_OUT,524910.35,C1804096895,0.0,0.0,C1953465632,3858944.05,4383854.4,0
398,PAYMENT,3214.49,C398357247,106141.0,102926.51,M155023895,0.0,0.0,0
305,CASH_IN,274862.88,C396600305,7655.0,282517.88,C263789636,296128.56,21265.68,0
276,CASH_OUT,92252.24,C2046619483,0.0,0.0,C1556941213,752042.74,844294.98,0
155,TRANSFER,1121017.63,C1351529578,40553.0,0.0,C667971142,181715.43,1302733.07,0
12,CASH_OUT,246226.66,C835712161,6059.0,0.0,C111282544,2885.0,0.0,0
321,TRANSFER,867097.01,C1001845719,0.0,0.0,C2012634616,1398432.05,2265529.06,0
253,PAYMENT,46415.84,C989381601,23419.0,0.0,M1986646696,0.0,0.0,0
136,PAYMENT,12527.81,C723998380,0.0,0.0,M1727432496,0.0,0.0,0
356,PAYMENT,4459.12,C2029137324,77544.0,73084.88,M1483144727,0.0,0.0,0
300,CASH_OUT,128119.08,C295602593,81649.0,0.0,C894845412,2947639.59,3075758.67,0
10,CASH_OUT,116170.17,C1042466638,0.0,0.0,C453306510,3053759.83,3402730.53,0
399,PAYMENT,19267.59,C747209048,763300.16,744032.57,M131746111,0.0,0.0,0
17,CASH_IN,129394.26,C661604966,0.0,129394.26,C2044086765,991810.2,862415.94,0
249,CASH_IN,33653.71,C305564926,29917.0,63570.71,C783097512,0.0,0.0,0
178,CASH_OUT,157950.07,C601215486,214539.93,56589.86,C266514182,3740338.44,3898288.51,0
352,CASH_IN,56879.87,C1189030725,832213.21,889093.07,C156953555,1903786.66,1846906.8,0
732,TRANSFER,417129.11,C661000203,417129.11,0.0,C1308507305,0.0,0.0,1
374,CASH_IN,160282.83,C389331955,1763755.12,1924037.94,C247232820,620518.58,460235.76,0
1,CASH_IN,47440.86,C168468389,201780.95,249221.81,C200224114,0.0,0.0,0
281,CASH_OUT,190185.43,C1462851256,201710.88,11525.45,C1255289577,220768.53,410953.96,0
236,CASH_IN,147759.91,C1503815331,6858653.6,7006413.5,C1221647038,186379.19,38619.29,0
133,TRANSFER,1158537.92,C415665499,11519.0,0.0,C280952009,59247.86,1217785.79,0
161,CASH_IN,95315.22,C1034756163,5045.0,100360.22,C2088831162,297001.27,201686.05,0
254,CASH_OUT,161226.47,C536201397,0.0,0.0,C532607818,247080.0,408306.47,0
132,PAYMENT,1197.08,C1289886520,82019.0,80821.92,M534220012,0.0,0.0,0
251,CASH_OUT,198581.06,C1073095430,0.0,0.0,C2025532452,1012728.47,1211309.53,0
359,CASH_IN,215287.02,C269925584,5756574.57,5971861.6,C1686442527,318392.58,103105.56,0
307,CASH_IN,428722.26,C1411223315,33375.0,462097.26,C6315368,100031.55,0.0,0
188,CASH_IN,232381.76,C673800680,2451568.71,2683950.47,C1068597563,361586.61,129204.85,0
284,CASH_OUT,190926.68,C1421670494,0.0,0.0,C2024043735,441021.8,631948.48,0
249,TRANSFER,406821.81,C705303857,0.0,0.0,C1621324831,4985727.89,5392549.7,0
372,PAYMENT,15267.95,C1429322576,10505.0,0.0,M141634716,0.0,0.0,0
238,CASH_OUT,133989.61,C285621182,0.0,0.0,C755223579,2111870.44,2245860.05,0
18,PAYMENT,12343.55,C709106014,412998.17,400654.62,M1672115562,0.0,0.0,0
167,DEBIT,4383.51,C614775680,21129.0,16745.49,C1874586371,620512.45,624895.96,0
162,PAYMENT,10812.68,C1649314118,0.0,0.0,M710787231,0.0,0.0,0
299,CASH_IN,29370.13,C1239660144,35501.0,64871.13,C797025782,0.0,0.0,0
206,CASH_OUT,157631.35,C1338017939,0.0,0.0,C49876889,1767332.87,1924964.22,0
379,CASH_OUT,124437.58,C684041627,0.0,0.0,C1416354347,367110.07,491547.65,0
351,CASH_IN,68400.73,C328198122,16848.0,85248.73,C299758570,1059511.39,991110.66,0
397,CASH_OUT,291309.8,C1463207529,46181.0,0.0,C1707610462,302066.2,593376.01,0
329,TRANSFER,1780151.42,C930134059,0.0,0.0,C1672729689,6088110.57,7868261.99,0
688,PAYMENT,16370.81,C1304539857,0.0,0.0,M93729304,0.0,0.0,0
226,CASH_IN,112870.22,C683816072,38157.0,151027.22,C1067405817,0.0,0.0,0
354,CASH_OUT,42672.34,C1947917466,101946.0,59273.66,C370252454,1124135.94,1166808.29,0
37,CASH_OUT,990.28,C1012323115,0.0,0.0,C2052247930,1407932.7,1408922.98,0
132,CASH_IN,365347.07,C589996639,3676.28,369023.35,C33059198,761942.64,731057.11,0
253,PAYMENT,13159.2,C277424042,54138.76,40979.56,M1414572249,0.0,0.0,0
283,PAYMENT,21920.74,C1170618008,0.0,0.0,M622456607,0.0,0.0,0
402,CASH_OUT,172478.1,C442799727,78991.75,0.0,C1488517575,513697.02,686175.12,0
16,CASH_OUT,53180.41,C1543545471,0.0,0.0,C1464818223,103436.44,156616.85,0
401,CASH_OUT,442431.7,C1709228498,566565.0,124133.3,C59156882,430624.68,873056.38,0
154,CASH_OUT,135007.36,C1188334420,42685.0,0.0,C343428840,4586627.0,4721634.37,0
207,CASH_IN,47803.75,C1731675731,2467869.16,2515672.92,C2111962790,51268.79,3465.03,0
323,CASH_IN,270043.99,C43425035,9905407.41,10175451.4,C1606135979,2599663.44,2329619.45,0
164,TRANSFER,278224.56,C2086344914,0.0,0.0,C1498293888,2522130.98,2800355.54,0
397,CASH_OUT,97776.11,C1032822165,11854.0,0.0,C1550579364,1213549.0,1311325.1,0
283,CASH_OUT,90998.07,C587410271,0.0,0.0,C1060991665,149320.03,240318.09,0
155,PAYMENT,32048.74,C2094919085,476534.63,444485.89,M955436574,0.0,0.0,0
132,PAYMENT,16931.69,C1366706346,0.0,0.0,M1600318238,0.0,0.0,0
158,PAYMENT,15729.61,C1078214498,0.0,0.0,M645411915,0.0,0.0,0
45,PAYMENT,3980.43,C737486396,64962.0,60981.57,M216750848,0.0,0.0,0
179,PAYMENT,20282.42,C104569942,181023.91,160741.49,M237768085,0.0,0.0,0
552,PAYMENT,3119.72,C1498693893,682564.0,679444.28,M572053394,0.0,0.0,0
259,PAYMENT,4563.79,C883211756,0.0,0.0,M302170518,0.0,0.0,0
374,CASH_OUT,390507.1,C1417331236,0.0,0.0,C147867831,3281766.55,3672273.64,0
130,TRANSFER,2402126.86,C1256652681,5288.0,0.0,C786479749,0.0,2900789.74,0
111,CASH_OUT,501496.31,C279192006,501496.31,0.0,C2046472223,0.0,501496.31,1
19,CASH_IN,58276.85,C238695695,5358289.69,5416566.54,C1440629628,177446.14,119169.28,0
34,CASH_OUT,155903.13,C1999062231,0.0,0.0,C606391197,259333.68,343801.01,0
140,CASH_OUT,624458.18,C1619959298,0.0,0.0,C626288798,1265937.8,1890395.98,0
16,CASH_OUT,325231.04,C1258885652,0.0,0.0,C1737004972,682931.31,1055407.38,0
191,PAYMENT,2516.95,C882624352,4982.15,2465.2,M2110648467,0.0,0.0,0
17,CASH_OUT,287745.33,C741348462,834.0,0.0,C1321978935,317479.6,605224.94,0
94,PAYMENT,7207.93,C707801863,201107.51,193899.58,M402923555,0.0,0.0,0
282,CASH_IN,146448.37,C1669523755,21984.0,168432.37,C1215123036,172759.54,26311.17,0
202,CASH_OUT,125518.36,C451088617,0.0,0.0,C1000124012,531679.09,657197.45,0
14,CASH_IN,285897.82,C928417731,2052.0,287949.82,C1797449963,2147371.07,1760501.69,0
136,PAYMENT,7590.32,C917132994,43631.0,36040.68,M1688499863,0.0,0.0,0
264,PAYMENT,683.81,C1651796586,10782.0,10098.19,M2099877319,0.0,0.0,0
307,CASH_OUT,85671.06,C123622699,488.0,0.0,C829484342,0.0,85671.06,0
303,CASH_IN,210799.37,C1020680962,584254.43,795053.8,C825271202,4194398.45,3983599.07,0
280,PAYMENT,24981.34,C945452127,713.0,0.0,M1882824900,0.0,0.0,0
180,CASH_IN,128389.94,C695249740,13704430.28,13832820.22,C697783649,4378207.33,4249817.4,0
691,CASH_OUT,263745.29,C1495712763,0.0,0.0,C779925066,380879.52,644624.81,0
183,CASH_OUT,342427.49,C921153928,1510.0,0.0,C526780230,0.0,342427.49,0
358,CASH_IN,51228.11,C1979802690,213.0,51441.11,C351784792,134405.43,83177.32,0
231,CASH_IN,587614.9,C1762292700,5512.0,593126.9,C469023146,0.0,0.0,0
563,TRANSFER,190662.7,C1569153511,190662.7,0.0,C1637089162,0.0,0.0,1
94,CASH_IN,17673.66,C1274067561,1118356.27,1136029.93,C1042457055,111618.73,93945.07,0
16,CASH_IN,205917.86,C1312671831,91755.0,297672.86,C1391434475,41085.0,0.0,0
257,TRANSFER,968869.88,C1925694185,52161.0,0.0,C28430961,0.0,968869.88,0
354,CASH_OUT,270625.84,C1404641809,42734.0,0.0,C448567182,2139254.06,2409879.9,0
37,PAYMENT,15660.16,C1304540159,453328.0,437667.84,M1373312621,0.0,0.0,0
207,PAYMENT,2204.35,C843600613,329419.0,327214.65,M1032334298,0.0,0.0,0
277,CASH_OUT,161207.01,C768870146,50620.0,0.0,C338620281,0.0,161207.01,0
137,TRANSFER,492706.22,C728350398,5314.91,0.0,C984142450,1804440.17,2297146.39,0
19,PAYMENT,4041.44,C608176139,0.0,0.0,M773086588,0.0,0.0,0
159,CASH_IN,10480.73,C1998286805,4029.0,14509.73,C1420264890,198064.35,187583.63,0
228,PAYMENT,4033.7,C1016170877,792245.0,788211.3,M1010225721,0.0,0.0,0
211,CASH_OUT,218016.98,C1704749980,0.0,0.0,C444628276,892391.19,1110408.16,0
16,CASH_OUT,40446.21,C1554102936,0.0,0.0,C1640454563,5098.0,461398.06,0
302,CASH_IN,2356.94,C480819887,166.0,2522.94,C1439428855,0.0,0.0,0
188,CASH_OUT,164256.42,C1813318881,0.0,0.0,C1964418593,326450.32,490706.74,0
44,CASH_OUT,156644.88,C1383306894,0.0,0.0,C527905717,3428462.55,3773052.86,0
137,CASH_OUT,227171.04,C970408486,0.0,0.0,C1786813034,906067.75,1133238.79,0
232,PAYMENT,19912.94,C1942422000,252.0,0.0,M1143294139,0.0,0.0,0
142,PAYMENT,4627.6,C1673186863,10877.0,6249.4,M361441699,0.0,0.0,0
236,PAYMENT,7216.12,C1434042216,2964.0,0.0,M1246920867,0.0,0.0,0
233,PAYMENT,5166.71,C605528421,12329.0,7162.29,M742888634,0.0,0.0,0
9,PAYMENT,25729.17,C1382712720,5065.58,0.0,M1928073278,0.0,0.0,0
379,PAYMENT,5671.04,C2120808857,36147.0,30475.96,M1027717886,0.0,0.0,0
136,TRANSFER,24842.99,C313787498,43564.0,18721.01,C380887655,3440210.6,3465053.59,0
399,PAYMENT,26780.97,C928422523,21421.0,0.0,M419493791,0.0,0.0,0
550,TRANSFER,55221.24,C1848074800,0.0,0.0,C1945566121,1237760.12,1292981.36,0
19,CASH_OUT,205782.98,C1472025342,1372.0,0.0,C222006022,529985.48,735768.46,0
189,PAYMENT,4530.14,C175947610,1683.0,0.0,M924257700,0.0,0.0,0
257,CASH_OUT,261803.28,C1643864709,0.0,0.0,C1409359572,601411.73,863215.0,0
42,PAYMENT,5816.11,C1415415537,72707.0,66890.89,M389751317,0.0,0.0,0
11,CASH_OUT,544623.05,C1149851097,0.0,0.0,C1848759565,980738.52,1525361.56,0
250,TRANSFER,1289426.52,C1490364029,20570.0,0.0,C1736080271,1364211.9,2653638.42,0
330,PAYMENT,17301.14,C1589466138,293547.0,276245.86,M1155387706,0.0,0.0,0
209,PAYMENT,9972.52,C2002768718,207896.0,197923.48,M2134037611,0.0,0.0,0
395,CASH_IN,63400.39,C1945029622,721.0,64121.39,C1021039436,0.0,0.0,0
274,CASH_OUT,62297.7,C902088107,12452.0,0.0,C400486019,81194.66,143492.36,0
687,CASH_IN,83389.72,C1123936021,1163768.26,1247157.98,C719454631,495523.65,412133.93,0
285,CASH_OUT,57255.85,C1377474763,155113.0,97857.15,C687209422,307885.63,365141.48,0
332,CASH_OUT,92629.69,C1308010167,0.0,0.0,C518935080,265617.32,358247.01,0
182,CASH_OUT,196638.76,C815771976,0.0,0.0,C1741004414,2870896.06,3067534.82,0
205,CASH_OUT,68787.49,C679242258,0.0,0.0,C1321659552,2528147.42,2612698.32,0
10,CASH_OUT,353140.05,C1500603875,647885.53,294745.49,C793460750,1200371.92,1553511.96,0
324,CASH_IN,265817.36,C651705466,515198.0,781015.36,C1801111317,668917.81,403100.45,0
256,CASH_OUT,109689.13,C1418543296,9347.0,0.0,C1463644477,1268742.55,1378431.68,0
211,CASH_OUT,64025.75,C736638743,52956.0,0.0,C1924476637,111977.53,176003.28,0
277,PAYMENT,3136.17,C1855576726,0.0,0.0,M165973104,0.0,0.0,0
402,CASH_IN,154167.84,C145155734,60443.0,214610.84,C1299196688,550277.55,396109.71,0
207,CASH_IN,165504.62,C60651749,893396.86,1058901.48,C608538647,717237.02,551732.39,0
179,PAYMENT,2269.49,C1110532198,0.0,0.0,M2063770359,0.0,0.0,0
238,PAYMENT,6444.38,C2010059875,4131.0,0.0,M1361783117,0.0,0.0,0
346,TRANSFER,186123.3,C2090708696,0.0,0.0,C2093473329,4587057.97,4773181.26,0
277,PAYMENT,14182.46,C1277676310,781606.98,767424.51,M1502661186,0.0,0.0,0
259,TRANSFER,407280.06,C473046032,0.0,0.0,C940346193,3707089.5,4114369.57,0
178,CASH_OUT,98471.48,C426752222,509.0,0.0,C2117909914,5056640.71,5169901.05,0
517,CASH_IN,107315.97,C1024988723,21529.0,128844.97,C235670334,0.0,0.0,0
179,PAYMENT,4724.6,C657364647,331115.6,326390.99,M1288926950,0.0,0.0,0
38,PAYMENT,18856.8,C389969468,0.0,0.0,M1719960830,0.0,0.0,0
139,PAYMENT,1567.75,C1500201916,47207.97,45640.22,M1600029236,0.0,0.0,0
186,CASH_IN,169579.48,C1905955638,182.0,169761.48,C1776884488,0.0,0.0,0
403,CASH_OUT,128263.54,C189744112,6682.0,0.0,C962029083,112685.55,240949.09,0
324,PAYMENT,10488.63,C109324080,0.0,0.0,M1145231164,0.0,0.0,0
275,CASH_IN,191904.8,C32241697,298505.0,490409.8,C1987513927,749164.9,557260.1,0
160,CASH_OUT,214661.25,C1775746307,0.0,0.0,C470539428,518837.33,733498.58,0
156,PAYMENT,8634.38,C1596972406,115564.0,106929.62,M470092597,0.0,0.0,0
372,CASH_OUT,113429.44,C2079307015,908.0,0.0,C1458526907,0.0,113429.44,0
17,PAYMENT,10099.56,C195824938,0.0,0.0,M812375892,0.0,0.0,0
403,CASH_IN,231382.67,C702036123,15791.0,247173.67,C1629958084,0.0,0.0,0
133,CASH_OUT,91499.32,C1516832913,11709.0,0.0,C1311480607,3338160.87,3429660.19,0
635,TRANSFER,580010.03,C1797123067,580010.03,0.0,C1963008787,0.0,0.0,1
372,PAYMENT,32011.88,C1571467865,604794.0,572782.12,M1062198552,0.0,0.0,0
131,CASH_OUT,390462.9,C1215963508,0.0,0.0,C1289384798,8896121.74,9286584.64,0
162,PAYMENT,8625.83,C1611005098,0.0,0.0,M1313149866,0.0,0.0,0
563,CASH_OUT,30566.81,C697381734,0.0,0.0,C1687095444,344454.13,375020.94,0
154,CASH_IN,47070.37,C380287526,3702890.58,3749960.95,C1905821035,319276.07,272205.7,0
350,CASH_OUT,60543.61,C1614254293,3096.0,0.0,C1504287980,1191149.72,1251693.33,0
327,PAYMENT,3284.47,C428498522,0.0,0.0,M1431512036,0.0,0.0,0
187,TRANSFER,1514147.97,C2047494750,160.0,0.0,C983451732,759910.91,2274058.89,0
522,PAYMENT,215.09,C1418672140,0.0,0.0,M1654515782,0.0,0.0,0
551,PAYMENT,3227.32,C1315663876,10808.0,7580.68,M316961517,0.0,0.0,0
354,PAYMENT,2934.38,C1211467931,89411.0,86476.62,M532114970,0.0,0.0,0
300,CASH_OUT,90997.4,C639407164,90575.0,0.0,C246168693,1148743.05,1239740.45,0
209,CASH_OUT,57971.53,C1594585490,101661.0,43689.47,C1300621581,0.0,57971.53,0
396,CASH_IN,72314.86,C1198562861,573128.08,645442.94,C1244211870,92800.25,20485.39,0
323,CASH_IN,388866.14,C2129935947,11055.0,399921.14,C218261979,469881.4,81015.26,0
286,TRANSFER,604624.36,C510467294,0.0,0.0,C392559566,901998.33,1506622.68,0
276,CASH_IN,120824.62,C1738207419,0.0,120824.62,C297845920,3472050.77,3351226.14,0
374,CASH_OUT,176825.05,C1672231141,0.0,0.0,C542942923,235306.16,412131.21,0
139,CASH_IN,171429.58,C1785594486,52067.0,223496.58,C1687182259,318244.05,146814.47,0
164,PAYMENT,9039.17,C1696290889,108823.55,99784.38,M686535986,0.0,0.0,0
411,CASH_OUT,10000000.0,C1299526002,10000000.0,0.0,C1744662180,0.0,10000000.0,1
276,CASH_OUT,27969.88,C152258263,51281.0,23311.12,C314827146,0.0,27969.88,0
251,CASH_OUT,125590.14,C1192045372,0.0,0.0,C279581359,525556.24,651146.38,0
185,CASH_OUT,179223.65,C417250664,40344.0,0.0,C806269732,0.0,179223.65,0
370,PAYMENT,13154.31,C551585510,41091.0,27936.69,M724375830,0.0,0.0,0
202,CASH_OUT,20363.76,C1222196040,14113.0,0.0,C1329268932,26099.19,46462.95,0
130,CASH_OUT,545473.87,C471494508,315604.74,0.0,C827623917,15408578.17,15954052.04,0
322,CASH_IN,312349.29,C354699947,71513.0,383862.29,C2071291169,330995.49,18646.2,0
156,CASH_IN,76022.53,C1092431764,10059.0,86081.53,C1725100445,0.0,0.0,0
235,PAYMENT,27791.94,C1791983818,28477.0,685.06,M1150207426,0.0,0.0,0
418,TRANSFER,892376.71,C1948643468,892376.71,0.0,C118884572,0.0,0.0,1
137,PAYMENT,3825.33,C411293030,106.0,0.0,M1847160118,0.0,0.0,0
405,PAYMENT,22619.99,C1339944544,0.0,0.0,M1008313632,0.0,0.0,0
184,PAYMENT,12789.49,C1534486204,0.0,0.0,M1607742446,0.0,0.0,0
670,CASH_OUT,176446.92,C1271543484,0.0,0.0,C451192465,305858.29,482305.21,0
179,PAYMENT,15935.07,C86535929,21516.0,5580.93,M1889108453,0.0,0.0,0
356,CASH_OUT,194170.4,C242339053,26754.0,0.0,C513347509,520980.04,715150.44,0
398,CASH_OUT,304882.26,C1068240833,10495.0,0.0,C1390259167,11854815.28,12159697.54,0
234,TRANSFER,348755.36,C982260602,11394.0,0.0,C2028488604,0.0,348755.36,0
328,CASH_IN,236034.65,C123809532,1075671.65,1311706.3,C230855447,2100808.7,1864774.05,0
216,PAYMENT,637.86,C1526114777,20597.0,19959.14,M1770497339,0.0,0.0,0
181,CASH_OUT,68045.81,C459319672,0.0,0.0,C1148283764,630517.07,698562.88,0
40,CASH_OUT,394142.06,C1010292487,0.0,0.0,C2086263611,549322.16,943464.22,0
283,TRANSFER,385139.24,C1342189020,10971.19,0.0,C1532828731,5101889.1,5487028.34,0
43,PAYMENT,14468.45,C892789120,194656.84,180188.39,M2127300241,0.0,0.0,0
162,PAYMENT,4960.03,C96392181,0.0,0.0,M393763533,0.0,0.0,0
36,CASH_OUT,116007.35,C1955522082,17374.0,0.0,C43712112,2762111.3,2878118.65,0
406,CASH_OUT,296009.15,C1204032525,0.0,0.0,C690021083,712237.94,1008247.09,0
357,CASH_OUT,18786.27,C303548295,0.0,0.0,C237405833,70321.17,89107.44,0
401,TRANSFER,1161118.29,C260797272,20549.0,0.0,C1132416361,665182.58,1826300.87,0
354,CASH_IN,243947.16,C947874341,1372763.84,1616711.0,C975094056,5089115.45,4845168.3,0
259,CASH_IN,64194.78,C630208937,94419.05,158613.83,C462174150,226268.85,162074.07,0
349,CASH_OUT,627.41,C1109957974,0.0,0.0,C1608218902,157791.71,158419.12,0
323,PAYMENT,63913.64,C1710912694,0.0,0.0,M1589657492,0.0,0.0,0
192,CASH_IN,78529.2,C657118490,1989964.65,2068493.85,C1607757761,983553.03,905023.83,0
353,PAYMENT,41916.14,C478403688,0.0,0.0,M1883379283,0.0,0.0,0
326,TRANSFER,396172.77,C1610563834,0.0,0.0,C73824445,635905.82,1032078.58,0
370,CASH_OUT,137122.54,C1418398772,1408.0,0.0,C195971310,0.0,137122.54,0
284,PAYMENT,132.03,C271281946,16662.64,16530.61,M2144828921,0.0,0.0,0
188,CASH_OUT,109106.17,C152697167,0.0,0.0,C30013970,5037079.97,5146186.14,0
401,CASH_OUT,538712.34,C513692035,1545.0,0.0,C1406409415,575397.91,1114110.25,0
371,CASH_IN,223567.7,C1438501150,4288275.3,4511843.0,C655981954,235304.42,11736.72,0
256,CASH_OUT,455732.43,C657652527,10335.0,0.0,C1591422125,900185.44,1355917.87,0
208,PAYMENT,18960.58,C342473631,0.0,0.0,M1213270551,0.0,0.0,0
182,CASH_OUT,282474.16,C290317830,3970.0,0.0,C621817065,381632.86,664107.02,0
302,CASH_OUT,13215.64,C1813019504,0.0,0.0,C1878355828,136556.75,149772.38,0
259,CASH_IN,186012.09,C431684167,11274.0,197286.09,C2096096965,2030.43,0.0,0
46,PAYMENT,4417.61,C2020089234,7222.0,2804.39,M1896196800,0.0,0.0,0
131,CASH_OUT,7476725.66,C262815390,7476725.66,0.0,C450403816,99749.6,7576475.27,1
332,CASH_OUT,95628.93,C1058248166,0.0,0.0,C1459527288,2287377.29,2383006.22,0
273,CASH_OUT,155042.21,C2057602933,0.0,0.0,C272055053,833158.83,988201.04,0
203,CASH_OUT,40528.26,C1870463,0.0,0.0,C1633331573,317276.16,357804.42,0
297,CASH_OUT,87589.22,C1794000898,4495.07,0.0,C1272526961,211164.26,298753.48,0
258,PAYMENT,657.39,C42905276,324280.38,323622.99,M1980243349,0.0,0.0,0
371,CASH_IN,949.74,C1742479151,5532028.66,5532978.4,C1909636132,570649.75,569700.01,0
284,CASH_OUT,114216.77,C711413929,0.0,0.0,C1049365123,1378332.83,1492549.6,0
237,PAYMENT,5466.68,C108588561,12976.42,7509.74,M1824660966,0.0,0.0,0
226,CASH_OUT,8519.29,C300637640,17715.0,9195.71,C1121784938,12556477.48,12564996.77,0
260,PAYMENT,12875.17,C1707068207,29608.0,16732.83,M425443218,0.0,0.0,0
227,DEBIT,2880.29,C1804487562,80166.17,77285.88,C1269461218,2912881.07,2915761.36,0
278,PAYMENT,5500.55,C1370077404,270242.44,264741.89,M393814099,0.0,0.0,0
18,CASH_OUT,265804.43,C662560858,107715.0,0.0,C1365922551,0.0,265804.43,0
182,CASH_OUT,29233.24,C751962007,0.0,0.0,C1558273762,977235.0,1006468.25,0
347,PAYMENT,7130.69,C1737212508,0.0,0.0,M550098599,0.0,0.0,0
164,TRANSFER,829410.07,C737128757,32171.0,0.0,C1712339413,993394.26,1822804.33,0
167,CASH_OUT,351342.06,C374079494,16008.27,0.0,C629628650,3684962.19,4036304.25,0
13,PAYMENT,2280.74,C2115979725,278191.8,275911.06,M1427356606,0.0,0.0,0
168,PAYMENT,6985.35,C167200989,23757.0,16771.65,M817113009,0.0,0.0,0
188,CASH_OUT,685365.27,C1279658399,0.0,0.0,C1075842201,1583573.57,2268938.84,0
212,PAYMENT,6301.67,C1958461214,50274.0,43972.33,M1714501807,0.0,0.0,0
328,PAYMENT,6025.36,C221979674,0.0,0.0,M737237389,0.0,0.0,0
283,CASH_IN,251964.75,C256164779,53044.0,305008.75,C1076784824,470473.85,218509.1,0
160,CASH_OUT,135044.37,C1995921581,22354.0,0.0,C663161327,1328003.23,1463047.6,0
684,TRANSFER,159177.74,C865085852,0.0,0.0,C4935208,569978.57,729156.31,0
190,TRANSFER,194347.88,C568575528,64459.0,0.0,C304406966,5682679.77,5877027.65,0
346,CASH_OUT,395529.9,C1175443497,11290.0,0.0,C584353295,2445125.71,2840655.61,0
469,PAYMENT,3352.37,C1795188644,20111.0,16758.63,M135960868,0.0,0.0,0
158,CASH_OUT,63570.11,C789427109,17688.83,0.0,C1921226647,3838853.27,3902423.38,0
202,PAYMENT,2090.13,C1497532409,412337.91,410247.78,M900571694,0.0,0.0,0
329,PAYMENT,7545.99,C478161102,260758.0,253212.01,M356449337,0.0,0.0,0
64,TRANSFER,17051.69,C759912226,17051.69,0.0,C287309829,0.0,0.0,1
386,CASH_OUT,6063657.03,C944295490,6063657.03,0.0,C925862909,1215280.38,7278937.41,1
190,PAYMENT,1197.02,C4095170,14380.0,13182.98,M2141387831,0.0,0.0,0
120,PAYMENT,3580.16,C81122543,104100.0,100519.84,M754138448,0.0,0.0,0
469,PAYMENT,14477.72,C1869449305,0.0,0.0,M1117958105,0.0,0.0,0
282,CASH_OUT,154979.24,C1804262068,144684.0,0.0,C714865546,114228.19,269207.43,0
357,TRANSFER,976435.29,C819428216,3750.52,0.0,C291292667,1761467.29,2737902.58,0
471,CASH_OUT,251298.83,C352553352,29.0,0.0,C1242533906,1311194.21,1562493.03,0
226,TRANSFER,1013180.57,C859335842,0.0,0.0,C1235171973,1318233.47,2331414.03,0
19,CASH_OUT,432106.49,C1702175811,0.0,0.0,C1643498145,446619.85,1367929.99,0
370,CASH_IN,21983.75,C484212850,317825.0,339808.75,C79045252,1032855.73,1010871.99,0
142,CASH_IN,41135.51,C713808241,55205.0,96340.51,C1151252896,0.0,0.0,0
12,TRANSFER,1426952.19,C1364496008,149069.17,0.0,C1672771078,2027290.79,3454242.99,0
228,PAYMENT,5936.54,C132584837,0.0,0.0,M1673433520,0.0,0.0,0
347,CASH_OUT,229936.46,C637812713,0.0,0.0,C1712213348,7019288.5,7249224.96,0
327,PAYMENT,6090.02,C698594811,0.0,0.0,M1524447155,0.0,0.0,0
329,PAYMENT,3458.69,C1334467822,0.0,0.0,M439271775,0.0,0.0,0
211,PAYMENT,6530.13,C701566117,0.0,0.0,M154473944,0.0,0.0,0
262,CASH_IN,221432.52,C89947051,28211.0,249643.52,C178321564,1728666.09,1507233.56,0
36,CASH_OUT,414827.79,C549362750,0.0,0.0,C1659592701,818608.39,1233436.18,0
139,PAYMENT,11721.99,C1118340959,0.0,0.0,M282464590,0.0,0.0,0
397,CASH_OUT,249156.15,C1275699214,0.0,0.0,C676187748,515295.65,764451.8,0
400,CASH_OUT,148518.7,C2118113078,0.0,0.0,C1562975084,865125.38,1013644.08,0
228,CASH_OUT,169878.16,C140890594,50044.0,0.0,C1717185478,2335776.8,2505654.96,0
375,PAYMENT,26439.7,C1003401147,292618.84,266179.14,M3641829,0.0,0.0,0
282,PAYMENT,2530.03,C1380073037,20318.0,17787.97,M316309802,0.0,0.0,0
351,PAYMENT,17036.85,C352605417,0.0,0.0,M1523959718,0.0,0.0,0
332,PAYMENT,8994.84,C744349498,27389.93,18395.09,M1075885511,0.0,0.0,0
322,CASH_OUT,135868.88,C1384246349,0.0,0.0,C1781103803,451251.76,587120.64,0
164,TRANSFER,525181.09,C1298014062,0.0,0.0,C648838003,863753.71,1388934.8,0
178,CASH_OUT,75167.99,C1290413700,121461.69,46293.7,C723588127,396340.82,471508.81,0
354,CASH_IN,149231.86,C788867480,106144.0,255375.86,C59947399,751249.48,602017.61,0
307,CASH_OUT,276153.87,C1925771870,68447.0,0.0,C638344102,3296.54,279450.41,0
22,CASH_IN,262654.32,C1329614524,12737136.56,12999790.88,C719759663,2064564.7,1801910.39,0
203,PAYMENT,8225.84,C210418996,0.0,0.0,M1385867948,0.0,0.0,0
235,CASH_IN,185121.42,C1811214004,291823.11,476944.53,C1650801892,2791992.92,2606871.51,0
327,TRANSFER,221847.92,C1200441278,0.0,0.0,C2095565767,497524.87,719372.79,0
514,CASH_OUT,245990.79,C1764783718,1902.0,0.0,C2079205445,0.0,245990.79,0
136,PAYMENT,774.68,C2071853574,51283.0,50508.32,M770234886,0.0,0.0,0
324,CASH_IN,183959.05,C1491137961,8496623.72,8680582.77,C316319493,392130.06,208171.01,0
300,PAYMENT,4112.58,C25867487,0.0,0.0,M566855133,0.0,0.0,0
381,PAYMENT,12257.14,C244068043,16459.0,4201.86,M201919422,0.0,0.0,0
423,PAYMENT,7730.86,C442663552,11889.0,4158.14,M263931414,0.0,0.0,0
350,CASH_IN,16991.37,C694324828,2404680.4,2421671.77,C670558137,1658050.0,1641058.62,0
349,TRANSFER,214753.05,C1486347918,0.0,0.0,C484151102,1086874.47,1500294.91,0
42,TRANSFER,146345.91,C21574004,0.0,0.0,C488098239,264249.75,247150.68,0
356,PAYMENT,18597.26,C103759447,16615.56,0.0,M92072760,0.0,0.0,0
276,CASH_IN,10412.59,C1508565422,4937271.76,4947684.35,C1978858935,814488.45,804075.86,0
328,PAYMENT,51321.43,C1287388641,502380.0,451058.57,M1091720094,0.0,0.0,0
305,CASH_OUT,275303.76,C468912281,0.0,0.0,C1854259985,1213732.34,1489036.1,0
19,CASH_IN,16430.27,C923980545,55335.0,71765.27,C1703081292,0.0,0.0,0
15,PAYMENT,3797.44,C853588027,0.0,0.0,M2078145281,0.0,0.0,0
297,CASH_OUT,332751.58,C448781802,44.0,0.0,C914461755,23884.45,356636.03,0
51,TRANSFER,339275.64,C427722942,339275.64,0.0,C2116826462,0.0,0.0,1
347,CASH_IN,93177.9,C2094664917,65.0,93242.9,C285708374,0.0,0.0,0
288,TRANSFER,28636.24,C263250153,28636.24,0.0,C117997526,0.0,0.0,1
165,CASH_OUT,200882.18,C1557686147,143278.0,0.0,C1311558461,17014.22,217896.41,0
307,PAYMENT,14864.23,C1549063367,28072.86,13208.63,M2113824850,0.0,0.0,0
595,TRANSFER,333322.89,C1663565193,23621.0,0.0,C337260918,232320.11,565643.0,0
280,CASH_OUT,175250.95,C1707906433,10839.0,0.0,C147723333,404789.56,969156.55,0
278,PAYMENT,8737.54,C237531739,3633.0,0.0,M1905689215,0.0,0.0,0
353,PAYMENT,23347.82,C1619641386,39435.0,16087.18,M259545754,0.0,0.0,0
352,CASH_OUT,9971.34,C2030936234,0.0,0.0,C203872598,102256.09,112227.43,0
401,CASH_OUT,118986.64,C1437563810,208.0,0.0,C38610489,0.0,118986.64,0
161,CASH_OUT,94027.28,C2004156032,0.0,0.0,C797833945,28384642.92,28478670.2,0
323,CASH_OUT,25147.51,C413639219,0.0,0.0,C2032253012,3064060.23,3089207.74,0
327,CASH_OUT,415785.89,C1388535947,415785.89,0.0,C1984912341,2903051.84,3318837.73,1
406,PAYMENT,22043.92,C371224710,3416.62,0.0,M340035986,0.0,0.0,0
240,CASH_OUT,806850.06,C59004862,806850.06,0.0,C97275892,2045274.33,2852124.39,1
278,CASH_OUT,83562.96,C1144865037,117911.0,34348.04,C1138440272,1237055.46,1320618.42,0
42,CASH_OUT,276827.58,C25747861,7109.0,0.0,C1099316917,756181.62,1461504.39,0
619,TRANSFER,14164.46,C1679423991,56250.0,42085.54,C1888136702,65093.86,79258.31,0
188,CASH_IN,388064.07,C558058624,6132302.35,6520366.42,C906277958,1286333.65,898269.58,0
379,PAYMENT,28623.97,C700794297,0.0,0.0,M2089539585,0.0,0.0,0
238,PAYMENT,1100.78,C1863555003,0.0,0.0,M1044224084,0.0,0.0,0
276,CASH_IN,75148.54,C423622518,1996545.08,2071693.62,C572421632,328560.19,253411.65,0
324,CASH_OUT,298119.69,C1004206220,1286.0,0.0,C922641462,0.0,298119.69,0
282,CASH_IN,146537.14,C489174408,3079788.5,3226325.64,C2029179435,1256849.62,1110312.48,0
236,CASH_OUT,10461.12,C1404739706,35170.0,24708.88,C8127369,0.0,10461.12,0
12,CASH_IN,409947.7,C1700768102,266.0,410213.7,C53279306,1128873.64,718925.94,0
353,PAYMENT,11681.56,C761235998,0.0,0.0,M891066643,0.0,0.0,0
136,CASH_OUT,247441.85,C1903093702,0.0,0.0,C1589831947,3687034.8,3934476.65,0
130,PAYMENT,19538.13,C328063924,42601.0,23062.87,M235295728,0.0,0.0,0
204,CASH_OUT,124186.1,C1150806076,0.0,0.0,C1913362935,1713949.61,1838135.71,0
283,TRANSFER,293210.76,C546168585,0.0,0.0,C1683733615,390922.32,684133.09,0
86,TRANSFER,21829.31,C1342024703,21829.31,0.0,C1828683068,0.0,0.0,1
157,TRANSFER,988344.15,C983416695,0.0,0.0,C1593413439,4461095.25,5449439.39,0
188,PAYMENT,6793.73,C1828770841,0.0,0.0,M478109231,0.0,0.0,0
277,TRANSFER,208825.38,C957818244,30721.0,0.0,C446054601,3292.33,212117.72,0
544,CASH_OUT,130473.45,C1214905882,31633.0,0.0,C267277915,1007404.77,1137878.22,0
571,PAYMENT,4695.32,C2073470928,20927.3,16231.99,M758187262,0.0,0.0,0
130,CASH_OUT,134798.56,C1436762498,412145.0,277346.44,C498533175,296998.17,431796.74,0
39,CASH_IN,136710.9,C1550823142,7307339.01,7444049.92,C1331232304,221388.5,84677.6,0
406,CASH_IN,11431.64,C1303336745,20096.0,31527.64,C1499888081,575191.68,563760.04,0
394,PAYMENT,1135.04,C2076904164,0.0,0.0,M1842210901,0.0,0.0,0
280,PAYMENT,5014.66,C153640219,12559.0,7544.34,M1953562117,0.0,0.0,0
178,CASH_IN,93946.01,C1799656242,2699777.89,2793723.91,C2145888950,502925.91,408979.9,0
327,CASH_IN,250548.66,C1535568827,2556228.4,2806777.06,C675286571,977275.85,726727.19,0
181,CASH_IN,90176.24,C621606578,23080.0,113256.24,C1191998657,60526.53,0.0,0
190,PAYMENT,6449.27,C801496234,0.0,0.0,M149690566,0.0,0.0,0
300,PAYMENT,16066.5,C612049662,0.0,0.0,M967457020,0.0,0.0,0
686,PAYMENT,7992.97,C60974783,17861.0,9868.03,M1913321215,0.0,0.0,0
378,CASH_OUT,132678.37,C1618509513,20235.0,0.0,C39607960,78477.24,211155.61,0
212,CASH_IN,68487.17,C227405107,170418.0,238905.17,C1332133484,10619004.29,10550517.12,0
333,CASH_IN,56211.63,C1012643861,4653499.87,4709711.51,C125024629,619363.26,563151.62,0
16,PAYMENT,13188.5,C1564668331,0.0,0.0,M275768655,0.0,0.0,0
187,CASH_IN,84772.27,C1742180508,115154.0,199926.27,C1611698832,379841.91,295069.64,0
156,PAYMENT,1389.86,C1856990931,423092.45,421702.59,M860579377,0.0,0.0,0
45,TRANSFER,163343.06,C1055655960,0.0,0.0,C978900415,331465.19,494808.25,0
277,CASH_OUT,147606.63,C2029314422,11642.0,0.0,C157658054,5387358.99,5534965.62,0
404,PAYMENT,6092.99,C1479763034,20919.0,14826.01,M1286535047,0.0,0.0,0
394,PAYMENT,7529.9,C895591292,462609.14,455079.24,M355892104,0.0,0.0,0
40,CASH_OUT,277007.84,C780840062,0.0,0.0,C1984177710,1075134.1,1463025.43,0
351,CASH_IN,305330.15,C73235645,53901.0,359231.15,C115379153,0.0,0.0,0
228,CASH_OUT,54817.15,C1801237690,0.0,0.0,C55763486,232945.53,287762.68,0
375,CASH_OUT,329917.46,C60356839,3048.0,0.0,C1307133104,2970985.41,3300902.87,0
13,TRANSFER,354843.22,C199642028,79716.0,0.0,C258619955,0.0,354843.22,0
346,CASH_IN,348843.96,C395009303,45694.0,394537.96,C1748516408,185006.12,0.0,0
136,PAYMENT,21343.94,C1491815084,0.0,0.0,M261920479,0.0,0.0,0
138,TRANSFER,326415.41,C1481286214,0.0,0.0,C516320010,515827.25,842242.66,0
404,CASH_OUT,292324.62,C1157224530,0.0,0.0,C173868468,1900335.01,2192659.63,0
212,CASH_OUT,21037.17,C783972984,2068.0,0.0,C301284629,286330.58,307367.75,0
136,TRANSFER,1386933.45,C759213404,44120.0,0.0,C1024531090,12057.25,1398990.7,0
402,CASH_IN,440030.35,C1638913001,10154079.54,10594109.88,C867873747,31775560.62,31335530.27,0
377,PAYMENT,15119.15,C987865958,180713.34,165594.19,M1895517952,0.0,0.0,0
240,CASH_IN,15538.1,C2003638673,3446884.62,3462422.72,C1391039094,1205304.46,1189766.36,0
380,PAYMENT,2515.54,C1774457472,20260.0,17744.46,M383054179,0.0,0.0,0
136,CASH_OUT,59682.81,C769685857,0.0,0.0,C934358928,385886.38,568426.63,0
305,CASH_OUT,22806.13,C1258462638,22073.0,0.0,C1053934222,1978260.73,2001066.87,0
181,CASH_IN,614212.35,C1105729438,410168.0,1024380.35,C465108286,8839968.38,8225756.03,0
351,CASH_OUT,204308.33,C1361465592,122046.0,0.0,C1536166170,0.0,204308.33,0
15,CASH_OUT,172231.84,C508935693,0.0,0.0,C533386753,271201.13,443432.97,0
286,PAYMENT,8740.45,C1109680717,0.0,0.0,M1765910231,0.0,0.0,0
18,PAYMENT,9116.14,C2082573665,0.0,0.0,M802168913,0.0,0.0,0
130,PAYMENT,2952.54,C335169009,0.0,0.0,M1850752504,0.0,0.0,0
34,CASH_IN,45665.2,C1780717825,19638.0,65303.2,C495958362,0.0,0.0,0
401,CASH_OUT,388944.44,C1300942447,48985.0,0.0,C1808992246,7896539.74,8285484.18,0
13,PAYMENT,1073.69,C1024213907,0.0,0.0,M133261909,0.0,0.0,0
330,PAYMENT,8057.93,C1965920750,0.0,0.0,M1278826547,0.0,0.0,0
179,DEBIT,427.03,C1213941007,304905.0,304477.97,C1824093530,92326.11,92753.15,0
211,TRANSFER,948314.7,C2110205853,68840.54,0.0,C1985359259,3898601.86,4846916.56,0
495,TRANSFER,255286.59,C1033789899,255286.59,0.0,C361594462,0.0,0.0,1
14,CASH_OUT,219022.82,C2058571105,0.0,0.0,C2002436324,511725.44,1061196.62,0
469,CASH_IN,110086.27,C1427969839,6358781.45,6468867.71,C1151857075,596153.38,486067.11,0
213,CASH_OUT,181210.05,C2066555226,0.0,0.0,C1601990708,260675.61,441885.66,0
138,CASH_IN,33605.15,C1219913523,3721568.11,3755173.26,C154359863,693751.9,660146.75,0
16,PAYMENT,21338.56,C646906087,546986.61,525648.05,M329731334,0.0,0.0,0
332,CASH_OUT,410722.63,C1375171042,0.0,0.0,C2114742437,11704201.72,12114924.35,0
212,CASH_OUT,102075.95,C298845263,0.0,0.0,C881248417,2024362.37,2126438.32,0
39,TRANSFER,238717.5,C492613437,238717.5,0.0,C74971191,0.0,0.0,1
354,CASH_OUT,292207.08,C1417907603,0.0,0.0,C1806225368,2059535.51,2351742.59,0
378,CASH_OUT,75575.38,C1592379350,377.0,0.0,C941393802,0.0,75575.38,0
278,CASH_OUT,22142.72,C1564352509,0.0,0.0,C83782890,7666274.97,7688417.69,0
15,CASH_OUT,299155.99,C338262190,8014.0,0.0,C1555268621,117197.38,358108.57,0
20,CASH_OUT,90730.07,C974160097,5242.79,0.0,C447070962,5546453.08,5702938.58,0
330,CASH_OUT,50303.32,C1528609465,34579.0,0.0,C378204822,2539057.16,2589360.49,0
37,CASH_OUT,25563.82,C1612770189,7017.0,0.0,C1750517902,4022996.3,4048560.11,0
177,CASH_OUT,9957.92,C467672736,1096.0,0.0,C1206478319,0.0,9957.92,0
207,CASH_IN,20947.45,C1798351200,182743.34,203690.78,C864162406,81642.68,60695.23,0
257,PAYMENT,9111.28,C1578857939,0.0,0.0,M334233077,0.0,0.0,0
681,PAYMENT,33901.0,C1854148929,0.0,0.0,M1699861937,0.0,0.0,0
153,CASH_IN,15112.29,C1304209092,1669968.42,1685080.71,C1096971042,107944.72,92832.43,0
322,CASH_OUT,655182.0,C685083691,0.0,0.0,C1648136753,13816871.37,14472053.37,0
401,CASH_OUT,30467.69,C1055328635,30467.69,0.0,C1732514770,625616.25,656083.94,1
259,PAYMENT,5910.09,C1520441174,0.0,0.0,M800189497,0.0,0.0,0
260,CASH_IN,251153.3,C1467097038,250358.0,501511.3,C1677885694,0.0,0.0,0
184,CASH_IN,216395.89,C1096469538,433775.04,650170.93,C1819349397,2013391.14,1796995.25,0
154,TRANSFER,1330266.61,C76015529,186.0,0.0,C1866195955,0.0,1330266.61,0
258,CASH_OUT,275551.25,C1121465246,0.0,0.0,C1489470393,520980.09,796531.35,0
17,CASH_OUT,53892.54,C172821470,0.0,0.0,C778559237,9745197.76,9647771.75,0
398,CASH_IN,101862.18,C1573741498,1072765.05,1174627.23,C90766784,810438.26,708576.08,0
160,CASH_OUT,151995.91,C787711071,0.0,0.0,C193961918,175917.92,327913.82,0
16,CASH_IN,865469.49,C582534960,18795242.94,19660712.43,C933388833,5470630.39,4990917.37,0
139,CASH_OUT,329940.91,C710689252,0.0,0.0,C151073009,378835.65,1163956.68,0
168,CASH_OUT,36151.04,C838527878,0.0,0.0,C707091049,693304.15,729455.19,0
258,CASH_OUT,22843.03,C1262554572,632.0,0.0,C1043913914,3763279.85,3786122.88,0
275,CASH_IN,287009.07,C151968348,32912.0,319921.07,C1722880644,5245.99,0.0,0
307,CASH_OUT,115435.02,C495186175,0.0,0.0,C1915738299,1063901.23,1179336.25,0
261,PAYMENT,1827.41,C1078912129,40880.53,39053.12,M1650707010,0.0,0.0,0
6,TRANSFER,330922.7,C1361671464,0.0,0.0,C1255024717,10502868.3,10833791.0,0
250,PAYMENT,29338.51,C120754872,20072.0,0.0,M240556660,0.0,0.0,0
21,TRANSFER,593784.81,C1785840887,19721.0,0.0,C227811519,480411.24,1074196.05,0
327,CASH_IN,170999.86,C1099660247,58249.0,229248.86,C516448330,0.0,0.0,0
186,TRANSFER,56141.51,C1144043018,0.0,0.0,C911182257,3129691.61,3185833.12,0
261,PAYMENT,10960.91,C1794868131,32775.2,21814.29,M1054935350,0.0,0.0,0
205,PAYMENT,9625.81,C851759142,31314.0,21688.19,M2078713806,0.0,0.0,0
37,PAYMENT,8696.1,C1873684813,49711.0,41014.9,M1133600905,0.0,0.0,0
182,CASH_OUT,212346.28,C724830798,66574.99,0.0,C1850095334,0.0,212346.28,0
184,CASH_OUT,198574.71,C1668817697,55514.0,0.0,C1214554400,0.0,198574.71,0
208,PAYMENT,706.68,C1576875297,0.0,0.0,M573335798,0.0,0.0,0
308,CASH_IN,400840.8,C1498647414,6829570.27,7230411.07,C453596808,2663026.19,2262185.39,0
312,CASH_IN,39046.57,C874175933,5868549.39,5907595.95,C935319130,188644.85,149598.28,0
90,CASH_OUT,39664.74,C1334465444,39664.74,0.0,C247088283,0.0,39664.74,1
352,CASH_OUT,71057.31,C315204151,0.0,0.0,C657548068,270623.19,341680.5,0
139,CASH_OUT,40443.39,C937215314,0.0,0.0,C44971799,269069.48,309512.87,0
277,CASH_OUT,417478.47,C500506309,60248.0,0.0,C1811637091,442002.51,596858.38,0
236,PAYMENT,2137.97,C828454428,4260.0,2122.03,M879507700,0.0,0.0,0
163,PAYMENT,1204.74,C1328749049,0.0,0.0,M1775857075,0.0,0.0,0
39,CASH_IN,102898.83,C1639875794,3757026.96,3859925.78,C2116849058,261751.83,296198.58,0
206,CASH_OUT,259396.1,C1055996049,51831.0,0.0,C559285869,362195.65,621591.74,0
155,CASH_OUT,114492.39,C903842256,55416.0,0.0,C982598223,164657.47,279149.86,0
403,PAYMENT,5864.9,C660049116,0.0,0.0,M1244056592,0.0,0.0,0
590,PAYMENT,10799.47,C250354132,0.0,0.0,M1500263466,0.0,0.0,0
234,CASH_OUT,95503.29,C1706371467,203970.0,108466.71,C1297592476,2844666.7,2940169.99,0
301,PAYMENT,37702.97,C1895743003,1011.0,0.0,M1617096298,0.0,0.0,0
39,CASH_IN,395395.61,C1773116923,100142.0,495537.61,C1648991324,819201.26,423805.65,0
279,PAYMENT,5670.3,C801152643,25799.0,20128.7,M1485265373,0.0,0.0,0
301,CASH_IN,208082.86,C290915588,410148.0,618230.86,C1565754914,0.0,0.0,0
346,TRANSFER,4459200.2,C389262489,329661.0,0.0,C1252708773,0.0,4459200.2,0
306,PAYMENT,35012.81,C1519138568,142985.76,107972.95,M139036162,0.0,0.0,0
23,TRANSFER,375199.79,C1359981091,306465.35,0.0,C866698407,4806753.79,5181953.58,0
400,PAYMENT,2731.09,C1693422940,30794.0,28062.91,M1584096904,0.0,0.0,0
378,PAYMENT,13937.74,C1965803565,0.0,0.0,M1057061069,0.0,0.0,0
357,PAYMENT,8548.27,C2116136164,31067.0,22518.73,M501109785,0.0,0.0,0
163,PAYMENT,7780.63,C890271356,0.0,0.0,M1722275710,0.0,0.0,0
239,CASH_OUT,67143.78,C1839603632,0.0,0.0,C2055247405,208406.35,275550.13,0
336,CASH_OUT,261600.24,C866539393,0.0,0.0,C798690937,8114584.16,8376184.4,0
372,PAYMENT,7437.77,C1116269432,0.0,0.0,M345033699,0.0,0.0,0
135,PAYMENT,14239.87,C464823886,0.0,0.0,M1706437550,0.0,0.0,0
130,CASH_OUT,89490.14,C1590319694,0.0,0.0,C74668353,132133.57,221623.71,0
379,PAYMENT,3778.2,C406849590,620306.88,616528.68,M1775528254,0.0,0.0,0
596,PAYMENT,9156.64,C1258347486,0.0,0.0,M1382387581,0.0,0.0,0
349,PAYMENT,17544.4,C605558239,0.0,0.0,M1747278230,0.0,0.0,0
211,CASH_OUT,58528.62,C411043016,2044.0,0.0,C1832936189,5770348.15,5828876.78,0
402,PAYMENT,21121.64,C281291141,11354.0,0.0,M790183868,0.0,0.0,0
306,CASH_OUT,13326.99,C512526524,0.0,0.0,C2078772655,10338156.83,10351483.82,0
311,TRANSFER,268366.47,C1593902970,268366.47,0.0,C2132178163,0.0,0.0,1
398,PAYMENT,13050.44,C411565066,0.0,0.0,M120649837,0.0,0.0,0
19,PAYMENT,13778.48,C780590693,0.0,0.0,M131971803,0.0,0.0,0
19,CASH_IN,1158.18,C113550625,45867.15,47025.33,C13627188,4168878.88,4372507.08,0
10,PAYMENT,22793.53,C1534362907,0.0,0.0,M561910250,0.0,0.0,0
261,CASH_OUT,86162.41,C433872544,0.0,0.0,C2021704789,1056301.54,1142463.96,0
187,PAYMENT,1828.69,C1468997974,249580.0,247751.31,M799827452,0.0,0.0,0
223,TRANSFER,334890.91,C1711836423,334890.91,0.0,C1676868220,0.0,0.0,1
309,CASH_IN,272159.06,C543644305,5501.0,277660.06,C402432458,0.0,0.0,0
374,PAYMENT,6920.54,C1937692552,1403.83,0.0,M1640693553,0.0,0.0,0
476,CASH_IN,125108.38,C910429474,179379.0,304487.38,C1286742152,440396.18,315287.8,0
399,CASH_OUT,247991.84,C1846231014,0.0,0.0,C2100095029,922621.31,1170613.16,0
166,CASH_IN,96086.92,C276923508,237990.89,334077.81,C1458784580,4722784.03,4626697.1,0
330,CASH_IN,70536.4,C1599707671,2673121.47,2743657.87,C1723075487,101027.08,30490.68,0
21,CASH_IN,25810.89,C1686789596,7763416.27,7789227.16,C1873066382,2136286.21,2110475.32,0
500,PAYMENT,9235.22,C1726380928,94547.13,85311.91,M1440511489,0.0,0.0,0
232,CASH_OUT,136263.5,C1666570383,0.0,0.0,C1645883163,3063274.1,3199537.6,0
179,PAYMENT,32092.49,C191540926,30306.0,0.0,M614434947,0.0,0.0,0
11,CASH_OUT,167680.38,C852644453,50638.0,0.0,C594250212,105554.15,273234.53,0
119,CASH_OUT,181370.55,C372212861,0.0,0.0,C339602591,1579031.34,1760401.89,0
279,PAYMENT,22551.63,C1378719208,0.0,0.0,M158940920,0.0,0.0,0
399,CASH_OUT,227277.69,C330612853,10946.0,0.0,C470595833,149083.52,376361.21,0
369,PAYMENT,7396.48,C708646590,0.0,0.0,M1060650590,0.0,0.0,0
10,CASH_OUT,165396.0,C637815574,0.0,0.0,C1354590149,394456.23,140146.09,0
11,TRANSFER,541003.78,C88057654,0.0,0.0,C754519004,805235.0,1346238.78,0
374,CASH_OUT,105054.68,C1202945275,0.0,0.0,C409152458,4543260.65,4648315.33,0
15,CASH_OUT,291455.81,C1788406097,0.0,0.0,C2111798903,1687030.62,1686866.38,0
406,PAYMENT,15836.02,C1505727224,0.0,0.0,M2121120925,0.0,0.0,0
282,CASH_OUT,298996.07,C110360439,0.0,0.0,C634262420,13789301.21,14088297.27,0
211,CASH_OUT,132326.68,C864208893,19660.0,0.0,C2027798922,0.0,132326.68,0
278,CASH_OUT,155041.04,C1876717454,104793.0,0.0,C734006601,1867643.37,2022684.41,0
378,CASH_IN,167179.01,C1511143200,389594.3,556773.31,C1726960042,250962.58,83783.57,0
661,TRANSFER,224130.94,C1871265992,25800.0,0.0,C1243891099,0.0,224130.94,0
397,CASH_OUT,338161.75,C77380409,67055.0,0.0,C2102332935,0.0,338161.75,0
178,TRANSFER,808213.97,C1690882894,0.0,0.0,C399515986,1351934.66,2160148.63,0
37,TRANSFER,3016110.58,C524839739,30223.0,0.0,C1845195861,0.0,3016110.58,0
281,PAYMENT,3022.47,C619888490,16974.98,13952.51,M844812845,0.0,0.0,0
596,CASH_IN,357820.81,C1927632125,1683000.85,2040821.66,C1227860372,703370.86,345550.05,0
384,TRANSFER,457501.98,C127524017,2149.0,0.0,C809975686,43532.94,501034.92,0
326,TRANSFER,618381.01,C1639715926,618381.01,0.0,C1433454555,0.0,0.0,1
179,CASH_OUT,65162.86,C1181020001,0.0,0.0,C1341522638,3960230.77,4025393.63,0
164,PAYMENT,16987.71,C442621505,0.0,0.0,M1357663474,0.0,0.0,0
24,TRANSFER,9066.91,C750100316,0.0,0.0,C181520854,590024.12,599091.03,0
369,PAYMENT,5553.33,C463908742,203320.0,197766.67,M374611945,0.0,0.0,0
136,CASH_OUT,283745.34,C2067809322,223.0,0.0,C421552413,0.0,260102.18,0
336,CASH_IN,401027.38,C463242501,1042999.61,1444027.0,C488098239,554998.8,153971.41,0
278,PAYMENT,2195.13,C196577993,6778.68,4583.56,M579707374,0.0,0.0,0
346,CASH_OUT,35793.57,C1015538771,16811.0,0.0,C145150425,2884557.14,2920350.71,0
307,CASH_IN,40550.8,C573152172,6059.0,46609.8,C1852449103,0.0,0.0,0
228,CASH_OUT,199628.14,C28871281,0.0,0.0,C1100919533,627976.13,827604.27,0
234,PAYMENT,15300.78,C1311616105,0.0,0.0,M1016233676,0.0,0.0,0
227,TRANSFER,2111951.09,C1704241773,264723.0,0.0,C819733484,0.0,2111951.09,0
184,CASH_OUT,11615.76,C111672092,30604.0,18988.24,C2118181133,144877.23,156492.99,0
15,CASH_IN,43204.51,C2023298002,670.0,43874.51,C1818824163,342586.02,299381.51,0
8,CASH_OUT,10886.35,C412972260,20481.0,9594.65,C1266035080,3221719.69,3232606.04,0
405,PAYMENT,11998.99,C1811688957,0.0,0.0,M1825994313,0.0,0.0,0
179,CASH_IN,33401.46,C940922300,66433.0,99834.46,C725562981,206956.5,173555.04,0
16,CASH_OUT,324185.13,C1805344042,5031.0,0.0,C130970903,12545.69,272589.61,0
354,PAYMENT,7920.8,C531833716,41778.0,33857.2,M297225558,0.0,0.0,0
589,CASH_OUT,310150.77,C529438150,185.0,0.0,C2102239617,931845.1,1241995.87,0
202,CASH_OUT,44080.9,C739800878,2446.0,0.0,C1889547059,40202.75,84283.65,0
394,CASH_IN,15622.95,C972246215,105046.0,120668.95,C368446493,720239.77,704616.82,0
187,CASH_OUT,60738.51,C1798481433,0.0,0.0,C1854561428,219767.07,280505.58,0
355,CASH_IN,158354.87,C123136854,2458653.91,2617008.78,C1819607784,8506175.0,8347820.14,0
357,PAYMENT,24520.34,C989049746,0.0,0.0,M771287698,0.0,0.0,0
206,PAYMENT,4126.89,C703576123,19348.67,15221.78,M1172683767,0.0,0.0,0
207,CASH_IN,11311.28,C2065603419,4324921.93,4336233.22,C1361248063,125304.76,113993.47,0
548,CASH_OUT,230722.52,C1836985447,57522.93,0.0,C1881769014,309722.51,540445.03,0
228,CASH_IN,91457.78,C524589213,124.0,91581.78,C119342819,666058.51,574600.73,0
